""	"chrom"	"start"	"end"	"number_DEL"	"number_DUP"	"number_TRA"	"number_h2hINV"	"number_t2tINV"	"clusterSize_including_TRA"	"max_number_oscillating_CN_segments_2_states"	"chr_breakpoint_enrichment"	"pval_exp_cluster"	"pval_fragment_joins"	"inter_pval_fragment_joins"	"inter_other_chroms_coords_all"	"total_intra_SVs"	"confidence"	"Sample"
"HCC1187.1"	"1"	169276746	192458663	0	4	0	0	0	4	6	7.71876908032982e-05	0	0.00738316050535977	NA	" "	4	""	"HCC1187"
"HCC1187.2"	"2"	1001985	223145580	7	5	0	0	0	12	12	NA	1.11022302462516e-15	0.00541581953166005	NA	" "	12	"Low"	"HCC1187"
"HCC1187.3"	"3"	9508805	155149014	1	13	0	0	0	14	16	NA	5.44283520009599e-20	1.50060375752221e-07	NA	" "	14	"High"	"HCC1187"
"HCC1187.4"	"4"	35144453	82527485	3	3	0	0	0	6	11	NA	7.6118538403602e-11	0.111610225094713	NA	" "	6	""	"HCC1187"
"HCC1187.5"	"5"	1304318	174808851	3	4	1	0	0	8	15	0.0627237727240356	4.1142551587825e-09	0.171797144296733	NA	" "	7	""	"HCC1187"
"HCC1187.6"	"6"	41210247	42247621	0	3	3	0	0	6	NA	0.115125359137871	3.04599594894253e-08	0.111610225094713	NA	" "	3	""	"HCC1187"
"HCC1187.7"	"7"	24405200	148600567	5	2	0	0	0	7	9	1	8.2434694910879e-23	0.022583496507334	NA	" "	7	""	"HCC1187"
"HCC1187.8"	"8"	5945177	138106800	3	10	3	0	0	16	13	0.000131839538529948	1.79547288708186e-18	0.00367113179715575	0.00495595120739325	"1:169276746-192458663;"	13	"Low"	"HCC1187"
"HCC1187.9"	"9"	27319879	27374265	0	1	0	0	0	1	NA	NA	NA	0.391625176271089	NA	" "	1	""	"HCC1187"
"HCC1187.10"	"10"	1186392	84435464	3	6	3	0	0	12	12	9.70254645263099e-05	7.29699183224445e-14	0.111610225094713	7.86319818423979e-38	"13:33102507-103448818;"	9	""	"HCC1187"
"HCC1187.11"	"11"	16871872	118810202	3	6	0	0	0	9	14	0.0635363525758266	2.63095549960454e-22	0.0117258755784214	NA	" "	9	"Low"	"HCC1187"
"HCC1187.12"	"12"	11889007	129564528	3	6	2	0	0	11	10	0.240444242224378	2.75046921726657e-19	0.0779243524102918	NA	" "	9	""	"HCC1187"
"HCC1187.13"	"13"	33102507	103448818	0	2	2	0	0	4	8	0.149960214538536	3.33066907387547e-16	0.261464129949111	NA	" "	2	""	"HCC1187"
"HCC1187.14"	"14"	39604572	39824640	0	2	0	0	0	2	4	0.129463026623239	NA	0.111610225094713	NA	" "	2	""	"HCC1187"
"HCC1187.15"	"15"	50288213	90826487	1	4	0	0	0	5	9	NA	7.55046606009882e-11	0.035110115675981	NA	" "	5	""	"HCC1187"
"HCC1187.16"	"16"	12747805	67274586	1	3	0	0	0	4	20	0.0989442455497263	1.43929312912405e-12	0.111610225094713	NA	" "	4	""	"HCC1187"
"HCC1187.17"	"17"	20617639	79546181	1	2	1	0	0	4	11	0.0270628750942854	2.47118674400696e-09	0.572406704470879	NA	" "	3	""	"HCC1187"
"HCC1187.18"	"18"	8945461	58122899	3	4	1	0	0	8	7	0.026803211883084	7.09793936987973e-14	0.171797144296733	NA	" "	7	""	"HCC1187"
"HCC1187.19"	"19"	10540325	49569001	3	3	1	0	0	7	10	0.0196887146918324	7.68552104708041e-11	0.277309056900112	NA	" "	6	""	"HCC1187"
"HCC1187.20"	"20"	4255519	53486225	3	7	1	0	0	11	7	0.000463121443990424	1.91749423569176e-16	0.0150724330594119	NA	" "	10	"Low"	"HCC1187"
"HCC1187.21"	"21"	37020296	37140502	0	2	0	0	0	2	NA	NA	NA	0.111610225094713	NA	" "	2	""	"HCC1187"
"HCC1187.22"	"22"	21822800	36916548	1	1	0	0	0	2	7	NA	NA	0.572406704470879	NA	" "	2	""	"HCC1187"
"HCC1187.23"	"X"	53505106	53526210	2	0	0	0	0	2	NA	1	NA	0.111610225094713	NA	" "	2	""	"HCC1187"
"HCC2218.1"	"1"	31928341	230969942	4	1	2	0	0	7	21	0.00617497994189022	0	0.171797144296733	NA	" "	5	""	"HCC2218"
"HCC2218.2"	"2"	18330084	173620995	3	1	1	0	0	5	39	0.0839942707174797	1.62281842022581e-08	0.283886130759827	NA	" "	4	""	"HCC2218"
"HCC2218.3"	"3"	1781790	163839317	3	2	1	0	0	6	16	0.0700882072292549	3.31610209211738e-10	0.343030146138244	NA	" "	5	""	"HCC2218"
"HCC2218.4"	"4"	118110794	136553014	3	0	0	0	0	3	7	NA	7.55026908855822e-11	0.0292908865348882	NA	" "	3	""	"HCC2218"
"HCC2218.5"	"5"	25243915	26089569	1	1	0	0	0	2	NA	0.0533589201229528	NA	0.572406704470879	NA	" "	2	""	"HCC2218"
"HCC2218.6"	"6"	NA	NA	0	0	0	0	0	0	NA	0.047849435549411	NA	NA	NA	" "	0	""	"HCC2218"
"HCC2218.7"	"7"	64915561	132476139	0	1	2	0	0	3	14	0.171562268448265	2.26194471747509e-07	0.299780588595712	NA	" "	1	""	"HCC2218"
"HCC2218.8"	"8"	57158758	119587011	1	0	0	0	0	1	8	0.157404754970419	NA	0.391625176271089	NA	" "	1	""	"HCC2218"
"HCC2218.9"	"9"	70913759	139431238	1	0	0	0	0	1	26	NA	0	0.391625176271089	NA	" "	1	""	"HCC2218"
"HCC2218.10"	"10"	82099265	82099265	0	0	0	0	0	0	NA	0.482405869473732	NA	NA	NA	" "	0	""	"HCC2218"
"HCC2218.11"	"11"	340645	73408727	3	0	0	0	0	3	27	NA	0.1150309581675	0.0292908865348882	NA	" "	3	""	"HCC2218"
"HCC2218.12"	"12"	3376714	100090551	1	1	0	0	0	2	28	NA	NA	0.572406704470879	NA	" "	2	""	"HCC2218"
"HCC2218.13"	"13"	102264602	102339293	1	0	0	0	0	1	NA	0.38776895603755	NA	0.391625176271089	NA	" "	1	""	"HCC2218"
"HCC2218.14"	"14"	20247758	20262298	1	0	0	0	0	1	NA	NA	NA	0.391625176271089	NA	" "	1	""	"HCC2218"
"HCC2218.15"	"15"	75552569	75589571	0	1	0	0	0	1	NA	NA	NA	0.391625176271089	NA	" "	1	""	"HCC2218"
"HCC2218.16"	"16"	68704162	68861467	1	0	0	0	0	1	NA	NA	NA	0.391625176271089	NA	" "	1	""	"HCC2218"
"HCC2218.17"	"17"	507043	78172871	11	0	7	0	0	18	10	1.06320627650031e-11	7.66661718332651e-137	0.000188726352203507	1.76540025596656e-13	"8:57158758-119587011;"	11	"High"	"HCC2218"
"HCC2218.18"	"18"	NA	NA	0	0	0	0	0	0	NA	NA	NA	NA	NA	" "	0	""	"HCC2218"
"HCC2218.19"	"19"	24374202	24401434	1	0	0	0	0	1	NA	NA	NA	0.391625176271089	NA	" "	1	""	"HCC2218"
"HCC2218.20"	"20"	39881697	39909467	1	0	0	0	0	1	NA	0.035497018753178	NA	0.391625176271089	NA	" "	1	""	"HCC2218"
"HCC2218.21"	"21"	20223931	20268318	1	0	0	0	0	1	NA	NA	NA	0.391625176271089	NA	" "	1	""	"HCC2218"
"HCC2218.22"	"22"	42891613	42987731	1	0	0	0	0	1	NA	NA	NA	0.391625176271089	NA	" "	1	""	"HCC2218"
"HCC2218.23"	"X"	12721893	12784458	1	0	0	0	0	1	NA	0.515556443496295	NA	0.391625176271089	NA	" "	1	""	"HCC2218"
"IPH926.1"	"1"	8049227	115781664	0	2	1	0	0	3	10	0.321698878617502	5.80405333923125e-37	0.299780588595712	NA	" "	2	""	"IPH926"
"IPH926.2"	"2"	115224906	126732948	0	0	0	0	0	0	4	0.0246360812400299	NA	NA	NA	" "	0	""	"IPH926"
"IPH926.3"	"3"	101903095	169951448	0	0	1	0	0	1	9	0.0700882072292549	2.10612347156004e-20	0.391625176271089	NA	" "	0	""	"IPH926"
"IPH926.4"	"4"	20478012	163648047	8	2	5	0	0	15	10	1.34723836011894e-06	6.36659194545482e-21	0.0203449985152084	2.93055191005565e-60	"9:15481240-134513209;"	10	"Low"	"IPH926"
"IPH926.5"	"5"	21115486	21626481	3	0	0	0	0	3	NA	1	1.22884247066564e-05	0.0292908865348882	NA	" "	3	""	"IPH926"
"IPH926.6"	"6"	66212020	66461749	2	0	0	0	0	2	NA	1.73526876106042e-08	NA	0.111610225094713	NA	" "	2	""	"IPH926"
"IPH926.7"	"7"	9124911	20658316	0	0	2	0	0	2	7	0.00288687448499071	9.56178579455692e-25	0.111610225094713	0.123393637325427	"6:66212020-66461749;"	0	""	"IPH926"
"IPH926.8"	"8"	15324116	143311183	0	0	3	0	0	3	9	0.000131839538529948	1.84145962314278e-18	0.0292908865348882	0.221385387189488	"21:17254596-35885318;"	0	""	"IPH926"
"IPH926.9"	"9"	15481240	134513209	9	0	1	0	0	10	8	0.0391476056169937	9.29301719555322e-16	4.44507364706065e-05	NA	" "	9	"Low"	"IPH926"
"IPH926.10"	"10"	12091894	89624906	3	1	2	0	0	6	12	0.00211149708945654	2.33616164635464e-07	0.343030146138244	1.73566519048333e-08	"3:101903095-169951448;"	4	""	"IPH926"
"IPH926.11"	"11"	26362932	84439020	5	1	3	0	0	9	8	0.000100688005888903	3.45678192512951e-15	0.0874970913633925	1.73566519048333e-08	"3:101903095-169951448;"	6	""	"IPH926"
"IPH926.12"	"12"	9060323	117663050	0	0	17	0	0	17	15	2.52393341174791e-23	2.07163559172404e-63	4.89208550430854e-11	1.0213542170375e-11	"2:115224906-126732948;6:66212020-66461749
7:9124911-20658316;"	0	"High"	"IPH926"
"IPH926.13"	"13"	27375070	27403665	0	0	0	0	0	0	NA	1	NA	NA	NA	" "	0	""	"IPH926"
"IPH926.14"	"14"	NA	NA	0	0	0	0	0	0	NA	0.696215129861579	NA	NA	NA	" "	0	""	"IPH926"
"IPH926.15"	"15"	26607294	55002697	4	1	0	0	0	5	5	0.0194485582381791	0	0.0351101156759809	NA	" "	5	""	"IPH926"
"IPH926.16"	"16"	11458730	54683382	10	1	0	0	0	11	8	NA	7.11922368689685e-23	1.08773183078397e-05	NA	" "	11	"Low"	"IPH926"
"IPH926.17"	"17"	6399963	75458469	6	0	0	0	0	6	18	NA	1.66511355918432e-07	0.000439849652838829	NA	" "	6	""	"IPH926"
"IPH926.18"	"18"	1645032	2240662	1	1	0	0	0	2	NA	NA	1.24213673414065e-05	0.572406704470879	NA	" "	2	""	"IPH926"
"IPH926.19"	"19"	297028	51087444	3	0	4	0	0	7	11	1.50269022983932e-07	1.61150346400518e-08	0.063327692247718	NA	" "	3	""	"IPH926"
"IPH926.20"	"20"	13728891	35718067	2	0	0	0	0	2	3	1	1.16018306073329e-13	0.111610225094713	NA	" "	2	""	"IPH926"
"IPH926.21"	"21"	17254596	35885318	0	1	1	0	0	2	7	0.0122413569490167	5.55111512312578e-16	0.572406704470879	NA	" "	1	""	"IPH926"
"IPH926.22"	"22"	21227650	39376582	2	0	2	0	0	4	7	0.000141008053643024	4.17379714466455e-05	0.261464129949111	7.22411139002773e-61	"15:26607294-55002697;"	2	""	"IPH926"
"IPH926.23"	"X"	65828715	142269143	7	1	0	0	0	8	NA	NA	2.53293048078741e-14	0.000706742392337029	NA	" "	8	NA	"IPH926"
"MDAMB134VI.1"	"1"	653176	208446845	4	1	0	0	0	5	25	NA	0.000382126375984628	0.0351101156759809	NA	" "	5	""	"MDAMB134VI"
"MDAMB134VI.2"	"2"	80731994	239259045	4	1	0	0	0	5	24	NA	4.44308914426055e-09	0.0351101156759809	NA	" "	5	""	"MDAMB134VI"
"MDAMB134VI.3"	"3"	29957020	54777300	0	0	0	0	0	0	10	0.724561757755999	NA	NA	NA	" "	0	""	"MDAMB134VI"
"MDAMB134VI.4"	"4"	7968738	152692851	6	0	0	0	0	6	27	NA	1.46075833191172e-07	0.000439849652838829	NA	" "	6	""	"MDAMB134VI"
"MDAMB134VI.5"	"5"	68916962	68956893	1	0	0	0	0	1	NA	NA	NA	0.391625176271089	NA	" "	1	""	"MDAMB134VI"
"MDAMB134VI.6"	"6"	163126128	163127869	0	0	0	0	0	0	NA	NA	NA	NA	NA	" "	0	""	"MDAMB134VI"
"MDAMB134VI.7"	"7"	8812819	98384157	2	0	0	0	0	2	30	NA	0.0219330859545176	0.111610225094713	NA	" "	2	""	"MDAMB134VI"
"MDAMB134VI.8"	"8"	21618099	139013974	7	0	27	0	0	34	9	1.20340293949204e-35	1.27580062558355e-58	1.98104081015001e-12	1.56801234000765e-16	"11:66894385-77892857;"	7	"High"	"MDAMB134VI"
"MDAMB134VI.9"	"9"	NA	NA	0	0	0	0	0	0	NA	NA	NA	NA	NA	" "	0	""	"MDAMB134VI"
"MDAMB134VI.10"	"10"	38913427	38916413	0	0	0	0	0	0	NA	NA	NA	NA	NA	" "	0	""	"MDAMB134VI"
"MDAMB134VI.11"	"11"	66894385	77892857	2	1	4	0	0	7	7	4.68421678977069e-06	4.63904566048717e-16	0.171797144296733	3.96559871023496e-06	"8:21618099-139013974;"	3	""	"MDAMB134VI"
"MDAMB134VI.12"	"12"	NA	NA	0	0	0	0	0	0	NA	1	NA	NA	NA	" "	0	""	"MDAMB134VI"
"MDAMB134VI.13"	"13"	71994666	72005232	1	0	0	0	0	1	NA	NA	NA	0.391625176271089	NA	" "	1	""	"MDAMB134VI"
"MDAMB134VI.14"	"14"	61839385	86500453	1	0	0	0	0	1	12	NA	NA	0.391625176271089	NA	" "	1	""	"MDAMB134VI"
"MDAMB134VI.15"	"15"	83090071	83090071	0	0	0	0	0	0	NA	NA	NA	NA	NA	" "	0	""	"MDAMB134VI"
"MDAMB134VI.16"	"16"	28688746	28770772	0	8	0	0	0	8	NA	0.579999290100398	2.53283310981884e-14	2.4979977724652e-05	NA	" "	8	NA	"MDAMB134VI"
"MDAMB134VI.17"	"17"	21668838	72708375	0	2	0	0	0	2	31	NA	NA	0.111610225094713	NA	" "	2	""	"MDAMB134VI"
"MDAMB134VI.18"	"18"	NA	NA	0	0	0	0	0	0	NA	0.58079993424889	NA	NA	NA	" "	0	""	"MDAMB134VI"
"MDAMB134VI.19"	"19"	24296611	24306679	1	0	0	0	0	1	NA	NA	NA	0.391625176271089	NA	" "	1	""	"MDAMB134VI"
"MDAMB134VI.20"	"20"	NA	NA	0	0	0	0	0	0	NA	NA	NA	NA	NA	" "	0	""	"MDAMB134VI"
"MDAMB134VI.21"	"21"	23255396	23258952	0	0	0	0	0	0	NA	NA	NA	NA	NA	" "	0	""	"MDAMB134VI"
"MDAMB134VI.22"	"22"	42945140	42987731	1	0	0	0	0	1	NA	NA	NA	0.391625176271089	NA	" "	1	""	"MDAMB134VI"
"MDAMB134VI.23"	"X"	28928821	41923984	0	0	0	0	0	0	7	NA	NA	NA	NA	" "	0	""	"MDAMB134VI"
"MDAMB330.1"	"1"	666101	210249325	5	11	6	0	0	22	19	2.35454314897666e-07	1.9788985834815e-26	0.0112443165735369	2.25469074157791e-21	"18:23878593-39194797;21:33361366-33629436
"	16	"Low"	"MDAMB330"
"MDAMB330.2"	"2"	8976375	84801459	0	0	1	0	0	1	14	0.0839942707174797	3.70016928086248e-06	0.391625176271089	NA	" "	0	""	"MDAMB330"
"MDAMB330.3"	"3"	94820972	194421489	0	0	3	0	0	3	9	0.000344298280864557	0	0.0292908865348882	0.00888688880540864	"8:37393285-41176756;"	0	""	"MDAMB330"
"MDAMB330.4"	"4"	35144453	35159993	3	0	0	0	0	3	NA	0.12701983997831	1.22884247066564e-05	0.0292908865348882	NA	" "	3	""	"MDAMB330"
"MDAMB330.5"	"5"	49773777	158805881	0	0	1	0	0	1	15	0.280242531338006	NA	0.391625176271089	NA	" "	0	""	"MDAMB330"
"MDAMB330.6"	"6"	16150704	127388991	3	1	2	0	0	6	31	0.00360426828523482	7.57991252144327e-07	0.343030146138244	6.8520952867726e-25	"11:7582419-48814310;"	4	""	"MDAMB330"
"MDAMB330.7"	"7"	564759	143569657	2	4	6	0	0	12	21	2.40593398236183e-08	1.18927680154759e-07	0.0833163055112019	0.000578912891729618	"17:30989332-45312446;8:37393285-41176756
"	6	""	"MDAMB330"
"MDAMB330.8"	"8"	37393285	41176756	2	1	1	0	0	4	6	0.000232909511986786	4.44089209850063e-16	0.572406704470879	NA	" "	3	""	"MDAMB330"
"MDAMB330.9"	"9"	34329607	106149463	3	1	0	0	0	4	5	NA	2.29403811628886e-07	0.111610225094713	NA	" "	4	""	"MDAMB330"
"MDAMB330.10"	"10"	4946886	53629884	2	6	0	0	0	8	16	NA	3.89707155434849e-11	0.00738316050535977	NA	" "	8	"Low"	"MDAMB330"
"MDAMB330.11"	"11"	7582419	48814310	2	1	7	0	0	10	11	4.71644447713328e-10	5.26793027086074e-11	0.00888688880540864	1.37430404000214e-21	"17:30989332-45312446;19:12007233-44533531
5:49773777-158805881;"	3	""	"MDAMB330"
"MDAMB330.12"	"12"	100391023	102427441	1	1	0	0	0	2	3	0.763199083845397	NA	0.572406704470879	NA	" "	2	""	"MDAMB330"
"MDAMB330.13"	"13"	48486357	59283749	0	3	1	0	0	4	3	0.0344391071195789	1.11022302462516e-16	0.111610225094713	NA	" "	3	""	"MDAMB330"
"MDAMB330.14"	"14"	36964488	82732013	2	3	0	0	0	5	5	1	0	0.144743579414856	NA	" "	5	""	"MDAMB330"
"MDAMB330.15"	"15"	40124904	82951324	2	0	0	0	0	2	18	1	0	0.111610225094713	NA	" "	2	""	"MDAMB330"
"MDAMB330.16"	"16"	19347927	79510396	1	4	0	0	0	5	7	NA	6.09976513743504e-11	0.035110115675981	NA	" "	5	""	"MDAMB330"
"MDAMB330.17"	"17"	30989332	45312446	3	1	13	0	0	17	4	4.17696782936543e-21	7.06525714440161e-24	1.45901935434986e-05	2.55417539180545e-71	"11:7582419-48814310;13:48486357-59283749
7:564759-143569657;"	4	""	"MDAMB330"
"MDAMB330.18"	"18"	23878593	39194797	0	0	2	0	0	2	5	0.000718412167249498	2.25108047023145e-07	0.111610225094713	6.8520952867726e-25	"1:666101-210249325;"	0	""	"MDAMB330"
"MDAMB330.19"	"19"	12007233	44533531	0	1	2	0	0	3	5	0.338453935829997	2.83502485022889e-05	0.299780588595712	NA	" "	1	""	"MDAMB330"
"MDAMB330.20"	"20"	50938987	62965071	0	3	0	0	0	3	3	1	0	0.0292908865348882	NA	" "	3	""	"MDAMB330"
"MDAMB330.21"	"21"	33361366	33629436	0	1	0	0	0	1	NA	1.0074065949347e-05	NA	0.391625176271089	NA	" "	1	""	"MDAMB330"
"MDAMB330.22"	"22"	20927734	48944046	3	0	0	0	0	3	5	NA	7.90369966252591e-07	0.0292908865348882	NA	" "	3	""	"MDAMB330"
"MDAMB330.23"	"X"	57935449	125933641	0	0	0	0	0	0	10	0.37403369009735	1.3645399431021e-05	NA	NA	" "	0	""	"MDAMB330"
"MDAMB453.1"	"1"	3305277	239578051	10	1	5	0	0	16	19	2.99632472537584e-06	3.21457485726061e-17	0.0014355858803625	1.32283843825669e-53	"13:26558265-106903401;3:1781790-197400466
"	11	"Low"	"MDAMB453"
"MDAMB453.2"	"2"	142149844	142556823	0	4	0	0	0	4	NA	0.766069163498599	2.25070349438517e-07	0.00738316050535977	NA	" "	4	""	"MDAMB453"
"MDAMB453.3"	"3"	1781790	197400466	3	4	3	0	0	10	18	0.000344298280864557	7.26964917519091e-10	0.308022171558993	9.17619141800851e-27	"1:3305277-239578051;"	7	""	"MDAMB453"
"MDAMB453.4"	"4"	18534791	159534074	5	2	0	0	0	7	15	NA	2.60543615576775e-12	0.022583496507334	NA	" "	7	""	"MDAMB453"
"MDAMB453.5"	"5"	41666482	82919395	0	0	2	0	0	2	6	1	4.2632564145606e-14	0.111610225094713	NA	" "	0	""	"MDAMB453"
"MDAMB453.6"	"6"	5570259	161822982	9	1	2	0	0	12	8	0.00360426828523482	0	0.000827524623693151	9.17619141800851e-27	"15:32411527-99188232;"	10	"High"	"MDAMB453"
"MDAMB453.7"	"7"	41381714	148567221	6	3	1	0	0	10	18	0.0537296425168707	0	0.0384293188578885	NA	" "	9	"Low"	"MDAMB453"
"MDAMB453.8"	"8"	19826407	100145379	2	1	0	0	0	3	7	NA	1.11388676060642e-12	0.299780588595712	NA	" "	3	""	"MDAMB453"
"MDAMB453.9"	"9"	25366712	129191749	1	3	1	0	0	5	9	0.0391476056169937	1.25741710574834e-09	0.283886130759827	NA	" "	4	""	"MDAMB453"
"MDAMB453.10"	"10"	3247154	127437455	4	3	2	0	0	9	17	0.00211149708945654	1.14430842144578e-19	0.273714781583588	9.17619141800851e-27	"13:26558265-106903401;"	7	""	"MDAMB453"
"MDAMB453.11"	"11"	12135251	98737029	7	0	6	0	0	13	15	1.01380745298837e-08	1.89589665050641e-45	0.0043154451819299	6.96549777757839e-14	"17:37698161-80614128;"	7	""	"MDAMB453"
"MDAMB453.12"	"12"	31333379	100496203	1	6	2	0	0	9	12	0.00219493128448362	2.78464056453639e-14	0.0264776759825906	NA	" "	7	""	"MDAMB453"
"MDAMB453.13"	"13"	26558265	106903401	4	0	5	0	0	9	3	4.84461663717792e-08	5.98437315885923e-11	0.0264776759825906	1.32283843825669e-53	"10:3247154-127437455;15:32411527-99188232
"	4	""	"MDAMB453"
"MDAMB453.14"	"14"	56440182	56467676	2	0	0	0	0	2	NA	1	NA	0.111610225094713	NA	" "	2	""	"MDAMB453"
"MDAMB453.15"	"15"	32411527	99188232	3	6	5	0	0	14	14	1.64145675217668e-08	2.11249580619219e-20	0.111610225094713	1.32283843825669e-53	"13:26558265-106903401;6:5570259-161822982
"	9	""	"MDAMB453"
"MDAMB453.16"	"16"	11898612	28930866	1	4	0	0	0	5	5	0.623160622671421	7.81426013300511e-11	0.035110115675981	NA	" "	5	""	"MDAMB453"
"MDAMB453.17"	"17"	37698161	80614128	0	1	6	0	0	7	14	3.92865234309423e-10	4.06218532546968e-42	0.0027170098181751	1.3477306129587e-08	"11:12135251-98737029;"	1	""	"MDAMB453"
"MDAMB453.18"	"18"	37398518	70643274	0	1	0	0	0	1	8	0.623968688114044	NA	0.391625176271089	NA	" "	1	""	"MDAMB453"
"MDAMB453.19"	"19"	2519700	54931224	2	2	0	0	0	4	28	NA	0.000182652077715506	0.261464129949111	NA	" "	4	""	"MDAMB453"
"MDAMB453.20"	"20"	15000890	49164862	2	2	0	0	0	4	7	0.543052596516163	1.66678892909999e-11	0.261464129949111	NA	" "	4	""	"MDAMB453"
"MDAMB453.21"	"21"	43376251	43565002	0	3	0	0	0	3	NA	NA	1.22884247066564e-05	0.0292908865348882	NA	" "	3	""	"MDAMB453"
"MDAMB453.22"	"22"	16240967	48000856	1	1	0	0	0	2	10	NA	8.08493448190006e-07	0.572406704470879	NA	" "	2	""	"MDAMB453"
"MDAMB453.23"	"X"	6943804	154765462	2	4	1	0	0	7	11	0.050451022893762	5.74007619402402e-15	0.171797144296733	NA	" "	6	""	"MDAMB453"
"600MPE.1"	"1"	16552877	29062589	0	0	0	0	0	0	5	1	7.55037020135068e-11	NA	NA	" "	0	""	"600MPE"
"600MPE.2"	"2"	23878853	238566248	3	1	0	0	0	4	12	NA	5.20000825589007e-05	0.111610225094713	NA	" "	4	""	"600MPE"
"600MPE.3"	"3"	150533617	150619940	0	2	0	0	0	2	NA	NA	NA	0.111610225094713	NA	" "	2	""	"600MPE"
"600MPE.4"	"4"	119396930	135188784	3	0	0	0	0	3	3	NA	1.22884247066564e-05	0.0292908865348882	NA	" "	3	""	"600MPE"
"600MPE.5"	"5"	42961875	46129900	0	1	0	0	0	1	NA	NA	0	0.391625176271089	NA	" "	1	""	"600MPE"
"600MPE.6"	"6"	NA	NA	0	0	0	0	0	0	NA	NA	NA	NA	NA	" "	0	""	"600MPE"
"600MPE.7"	"7"	54329794	86949642	3	1	0	0	0	4	7	NA	2.28795566706886e-07	0.111610225094713	NA	" "	4	""	"600MPE"
"600MPE.8"	"8"	116652325	116734103	0	1	0	0	0	1	NA	NA	NA	0.391625176271089	NA	" "	1	""	"600MPE"
"600MPE.9"	"9"	NA	NA	0	0	0	0	0	0	NA	1	NA	NA	NA	" "	0	""	"600MPE"
"600MPE.10"	"10"	38916098	63939948	0	2	0	0	0	2	5	NA	1.2401962419615e-05	0.111610225094713	NA	" "	2	""	"600MPE"
"600MPE.11"	"11"	650463	79686583	12	13	28	0	0	53	38	4.94833285049598e-38	2.65736222854334e-167	1.5259833371085e-06	2.28542686493976e-19	"13:19487972-112648208;"	25	"High"	"600MPE"
"600MPE.12"	"12"	778928	123990896	3	0	3	0	0	6	12	0.000102832736455204	0.0245777614444583	0.111610225094713	NA	" "	3	""	"600MPE"
"600MPE.13"	"13"	19487972	112648208	0	2	23	0	0	25	15	2.25005593679834e-34	4.89443650356531e-36	5.12182037431745e-13	3.51105231153589e-30	"11:650463-79686583;"	2	"High"	"600MPE"
"600MPE.14"	"14"	80627286	81832151	0	1	0	0	0	1	NA	1	NA	0.391625176271089	NA	" "	1	""	"600MPE"
"600MPE.15"	"15"	20446001	57435042	1	1	0	0	0	2	6	NA	3.0159469958102e-06	0.572406704470879	NA	" "	2	""	"600MPE"
"600MPE.16"	"16"	21586480	21943250	1	0	0	0	0	1	NA	NA	NA	0.391625176271089	NA	" "	1	""	"600MPE"
"600MPE.17"	"17"	75574397	75585602	3	0	0	0	0	3	NA	0.214406737157015	1.22884247066564e-05	0.0292908865348882	NA	" "	3	""	"600MPE"
"600MPE.18"	"18"	NA	NA	0	0	0	0	0	0	NA	NA	NA	NA	NA	" "	0	""	"600MPE"
"600MPE.19"	"19"	21788091	41968205	1	0	0	0	0	1	3	NA	NA	0.391625176271089	NA	" "	1	""	"600MPE"
"600MPE.20"	"20"	29456068	39909467	2	0	0	0	0	2	NA	NA	NA	0.111610225094713	NA	" "	2	""	"600MPE"
"600MPE.21"	"21"	NA	NA	0	0	0	0	0	0	NA	NA	NA	NA	NA	" "	0	""	"600MPE"
"600MPE.22"	"22"	20228937	46928205	6	1	0	0	0	7	33	NA	2.80875746488381e-54	0.0027170098181751	NA	" "	7	""	"600MPE"
"600MPE.23"	"X"	134284728	134336216	0	1	0	0	0	1	NA	1	NA	0.391625176271089	NA	" "	1	""	"600MPE"
"SUM44PE.1"	"1"	93647678	212320876	3	2	3	0	0	8	11	0.000485236349522237	2.22044604925031e-16	0.391625176271089	0.040461559248981	"6:96788467-157318178;"	5	""	"SUM44PE"
"SUM44PE.2"	"2"	9396068	14767409	0	1	0	0	0	1	4	1	2.25070661572983e-07	0.391625176271089	NA	" "	1	""	"SUM44PE"
"SUM44PE.3"	"3"	35806120	53790258	1	1	0	0	0	2	5	0.752569600272454	0	0.572406704470879	NA	" "	2	""	"SUM44PE"
"SUM44PE.4"	"4"	40566455	163228601	3	2	0	0	0	5	18	NA	8.47780907234634e-11	0.144743579414856	NA	" "	5	""	"SUM44PE"
"SUM44PE.5"	"5"	7616162	128603805	4	0	0	0	0	4	5	0.515679239384017	4.06917208495283e-06	0.00738316050535977	NA	" "	4	""	"SUM44PE"
"SUM44PE.6"	"6"	96788467	157318178	0	1	0	0	0	1	17	1	2.25192522446822e-07	0.391625176271089	NA	" "	1	""	"SUM44PE"
"SUM44PE.7"	"7"	10513867	121092562	8	1	0	0	0	9	13	0.722789399878233	7.16880923832265e-16	0.000178984043764097	NA	" "	9	"Low"	"SUM44PE"
"SUM44PE.8"	"8"	36393535	41730213	4	2	17	0	0	23	4	1.03179199446328e-22	7.95089947181729e-31	9.64637711990687e-07	1.61882929505234e-08	"11:72360137-80265636;"	6	""	"SUM44PE"
"SUM44PE.9"	"9"	80064359	129292139	3	2	0	0	0	5	20	0.195439249977242	4.12488276656052e-09	0.144743579414856	NA	" "	5	""	"SUM44PE"
"SUM44PE.10"	"10"	22607779	22628765	2	0	0	0	0	2	NA	0.700052525450699	NA	0.111610225094713	NA	" "	2	""	"SUM44PE"
"SUM44PE.11"	"11"	72360137	80265636	0	0	12	0	0	12	5	1.14928260223272e-19	2.53283310981884e-14	7.48837694879548e-08	NA	" "	0	""	"SUM44PE"
"SUM44PE.12"	"12"	99377945	99629751	0	2	0	0	0	2	NA	NA	NA	0.111610225094713	NA	" "	2	""	"SUM44PE"
"SUM44PE.13"	"13"	53114117	70779392	2	0	1	0	0	3	3	1	NA	0.299780588595712	NA	" "	2	""	"SUM44PE"
"SUM44PE.14"	"14"	37724262	38390771	0	1	0	0	0	1	NA	NA	NA	0.391625176271089	NA	" "	1	""	"SUM44PE"
"SUM44PE.15"	"15"	47865717	75732872	1	1	1	0	0	3	14	0.0277361315806206	1.11022302462516e-16	0.801251956901201	NA	" "	2	""	"SUM44PE"
"SUM44PE.16"	"16"	15018837	83210908	1	4	5	0	0	10	25	1.3684458516487e-08	5.07932894916789e-20	0.078553159836798	4.4333300261032e-15	"9:80064359-129292139;"	5	""	"SUM44PE"
"SUM44PE.17"	"17"	19481838	19545870	1	0	0	0	0	1	NA	1	NA	0.391625176271089	NA	" "	1	""	"SUM44PE"
"SUM44PE.18"	"18"	NA	NA	0	0	0	0	0	0	NA	NA	NA	NA	NA	" "	0	""	"SUM44PE"
"SUM44PE.19"	"19"	NA	NA	0	0	0	0	0	0	NA	0.178862215929019	NA	NA	NA	" "	0	""	"SUM44PE"
"SUM44PE.20"	"20"	15804877	16638149	0	2	0	0	0	2	NA	0.204740685459047	NA	0.111610225094713	NA	" "	2	""	"SUM44PE"
"SUM44PE.21"	"21"	31439415	31474811	1	0	0	0	0	1	NA	NA	NA	0.391625176271089	NA	" "	1	""	"SUM44PE"
"SUM44PE.22"	"22"	22128414	22352135	2	0	0	0	0	2	3	0.372420038349731	NA	0.111610225094713	NA	" "	2	""	"SUM44PE"
"SUM44PE.23"	"X"	96338683	124725423	0	1	0	0	0	1	3	0.722220072646137	NA	0.391625176271089	NA	" "	1	""	"SUM44PE"
"WCRC25.1"	"1"	25108875	225262378	5	4	3	0	0	12	23	0.000485236349522237	1.17775357361505e-18	0.197897126210368	1.03816943701835e-10	"16:18300245-35262545;"	9	""	"WCRC25"
"WCRC25.2"	"2"	7813277	37059113	1	2	0	0	0	3	3	NA	0.0567343586576223	0.299780588595712	NA	" "	3	""	"WCRC25"
"WCRC25.3"	"3"	141447300	149187028	0	1	0	0	0	1	4	NA	NA	0.391625176271089	NA	" "	1	""	"WCRC25"
"WCRC25.4"	"4"	57688250	183633787	0	1	4	0	0	5	14	2.01166450043652e-05	0	0.0351101156759809	0.000105276181771498	"12:96619111-117578488;"	1	""	"WCRC25"
"WCRC25.5"	"5"	NA	NA	0	0	0	0	0	0	NA	0.313020975332157	NA	NA	NA	" "	0	""	"WCRC25"
"WCRC25.6"	"6"	3578756	108632232	3	3	1	0	0	7	7	0.0600355585068951	1.39862786268001e-06	0.277309056900112	NA	" "	6	""	"WCRC25"
"WCRC25.7"	"7"	5320928	81032574	0	0	0	0	0	0	14	NA	NA	NA	NA	" "	0	""	"WCRC25"
"WCRC25.8"	"8"	33270457	33645727	1	2	0	0	0	3	NA	NA	1.22884247066564e-05	0.299780588595712	NA	" "	3	""	"WCRC25"
"WCRC25.9"	"9"	46774256	139946236	2	1	0	0	0	3	6	0.155284302124476	1.55109258770381e-12	0.299780588595712	NA	" "	3	""	"WCRC25"
"WCRC25.10"	"10"	3041267	3061207	2	0	0	0	0	2	NA	0.571182982197798	NA	0.111610225094713	NA	" "	2	""	"WCRC25"
"WCRC25.11"	"11"	62639903	62686902	0	0	0	0	0	0	NA	0.575779726803463	NA	NA	NA	" "	0	""	"WCRC25"
"WCRC25.12"	"12"	96619111	117578488	0	0	2	0	0	2	8	0.00219493128448362	0	0.111610225094713	NA	" "	0	""	"WCRC25"
"WCRC25.13"	"13"	50595681	50676478	1	0	0	0	0	1	NA	NA	NA	0.391625176271089	NA	" "	1	""	"WCRC25"
"WCRC25.14"	"14"	21358972	106808925	1	4	0	0	0	5	9	NA	2.89872923048019e-08	0.035110115675981	NA	" "	5	""	"WCRC25"
"WCRC25.15"	"15"	20446001	45315660	1	2	1	0	0	4	8	0.0277361315806206	2.64332105123052e-06	0.572406704470879	NA	" "	3	""	"WCRC25"
"WCRC25.16"	"16"	18300245	35262545	3	0	2	0	0	5	NA	0.00071530464781189	2.30434326278325e-07	0.144743579414856	1.03816943701835e-10	"1:25108875-225262378;"	3	""	"WCRC25"
"WCRC25.17"	"17"	16115837	66396269	7	7	2	0	0	16	13	0.000732399208368895	3.16084423003619e-61	0.0233313604308315	NA	" "	14	"Low"	"WCRC25"
"WCRC25.18"	"18"	15195002	15218871	1	0	0	0	0	1	NA	NA	NA	0.391625176271089	NA	" "	1	""	"WCRC25"
"WCRC25.19"	"19"	13660906	17395148	0	1	0	0	0	1	NA	0.300879494293947	NA	0.391625176271089	NA	" "	1	""	"WCRC25"
"WCRC25.20"	"20"	NA	NA	0	0	0	0	0	0	NA	NA	NA	NA	NA	" "	0	""	"WCRC25"
"WCRC25.21"	"21"	NA	NA	0	0	0	0	0	0	NA	NA	NA	NA	NA	" "	0	""	"WCRC25"
"WCRC25.22"	"22"	21542579	42677897	2	3	0	0	0	5	9	NA	2.53382855087932e-14	0.144743579414856	NA	" "	5	""	"WCRC25"
"WCRC25.23"	"X"	593113	139238326	1	4	2	0	0	7	6	0.0025453057110269	1.45317498002768e-06	0.171797144296733	NA	" "	5	""	"WCRC25"
"BCK4.1"	"1"	55833548	161710737	0	0	0	0	0	0	22	NA	1.66990560965064e-12	NA	NA	" "	0	""	"BCK4"
"BCK4.2"	"2"	19202966	243041070	5	0	0	0	0	5	34	NA	2.23685270972496e-07	0.00181664896657232	NA	" "	5	""	"BCK4"
"BCK4.3"	"3"	64522968	74860668	0	0	0	0	0	0	NA	NA	1.22884251982972e-05	NA	NA	" "	0	""	"BCK4"
"BCK4.4"	"4"	188800741	189709439	1	0	0	0	0	1	NA	NA	NA	0.391625176271089	NA	" "	1	""	"BCK4"
"BCK4.5"	"5"	82496299	107447254	0	0	0	0	0	0	9	NA	NA	NA	NA	" "	0	""	"BCK4"
"BCK4.6"	"6"	51093410	107343062	0	0	0	0	0	0	15	NA	NA	NA	NA	" "	0	""	"BCK4"
"BCK4.7"	"7"	87290271	130595839	0	1	0	0	0	1	6	NA	0	0.391625176271089	NA	" "	1	""	"BCK4"
"BCK4.8"	"8"	70319014	70333359	2	0	0	0	0	2	NA	0.0992012055837976	NA	0.111610225094713	NA	" "	2	""	"BCK4"
"BCK4.9"	"9"	NA	NA	0	0	0	0	0	0	NA	NA	NA	NA	NA	" "	0	""	"BCK4"
"BCK4.10"	"10"	NA	NA	0	0	0	0	0	0	NA	0.089790561417555	NA	NA	NA	" "	0	""	"BCK4"
"BCK4.11"	"11"	65514097	75600076	0	4	0	0	0	4	6	0.0908798811625677	1.38288002138804e-12	0.00738316050535977	NA	" "	4	""	"BCK4"
"BCK4.12"	"12"	7539672	53395653	0	2	0	0	0	2	13	NA	0.00127767494599982	0.111610225094713	NA	" "	2	""	"BCK4"
"BCK4.13"	"13"	20539130	28509857	0	1	0	0	0	1	8	NA	NA	0.391625176271089	NA	" "	1	""	"BCK4"
"BCK4.14"	"14"	NA	NA	0	0	0	0	0	0	NA	NA	NA	NA	NA	" "	0	""	"BCK4"
"BCK4.15"	"15"	NA	NA	0	0	0	0	0	0	NA	NA	NA	NA	NA	" "	0	""	"BCK4"
"BCK4.16"	"16"	NA	NA	0	0	0	0	0	0	NA	NA	NA	NA	NA	" "	0	""	"BCK4"
"BCK4.17"	"17"	NA	NA	0	0	0	0	0	0	NA	NA	NA	NA	NA	" "	0	""	"BCK4"
"BCK4.18"	"18"	NA	NA	0	0	0	0	0	0	NA	NA	NA	NA	NA	" "	0	""	"BCK4"
"BCK4.19"	"19"	54064732	54084540	1	0	0	0	0	1	NA	NA	NA	0.391625176271089	NA	" "	1	""	"BCK4"
"BCK4.20"	"20"	NA	NA	0	0	0	0	0	0	NA	0.0425773917495311	NA	NA	NA	" "	0	""	"BCK4"
"BCK4.21"	"21"	NA	NA	0	0	0	0	0	0	NA	NA	NA	NA	NA	" "	0	""	"BCK4"
"BCK4.22"	"22"	NA	NA	0	0	0	0	0	0	NA	NA	NA	NA	NA	" "	0	""	"BCK4"
"BCK4.23"	"X"	26734207	26816909	1	0	0	0	0	1	NA	NA	NA	0.391625176271089	NA	" "	1	""	"BCK4"
"CAMA1.1"	"1"	109394916	116689829	3	2	0	0	0	5	7	0.000169841657556205	7.55026908855822e-11	0.144743579414856	NA	" "	5	""	"CAMA1"
"CAMA1.2"	"2"	19202966	19226049	2	0	0	0	0	2	NA	NA	NA	0.111610225094713	NA	" "	2	""	"CAMA1"
"CAMA1.3"	"3"	43128806	164265597	2	2	0	0	0	4	14	NA	1.74577798355016e-12	0.261464129949111	NA	" "	4	""	"CAMA1"
"CAMA1.4"	"4"	4575561	5516768	2	0	4	0	0	6	NA	2.01166450043652e-05	2.25070349438517e-07	0.0619990757369438	3.06315189693016e-09	"16:2645998-54683382;"	2	""	"CAMA1"
"CAMA1.5"	"5"	176288289	176652610	2	2	0	0	0	4	NA	1	2.25070349438517e-07	0.261464129949111	NA	" "	4	""	"CAMA1"
"CAMA1.6"	"6"	35370510	153352850	1	1	5	0	0	7	14	7.79906923985868e-07	2.22044604925031e-16	0.0379370362592693	0.0779243524102918	"1:109394916-116689829;"	2	""	"CAMA1"
"CAMA1.7"	"7"	116658657	151567398	0	0	0	0	0	0	15	1	NA	NA	NA	" "	0	""	"CAMA1"
"CAMA1.8"	"8"	37067712	39273103	1	0	3	0	0	4	3	0.000131839538529948	1.66305743820713e-06	0.111610225094713	0.0128580011562976	"11:67825900-74041128;"	1	""	"CAMA1"
"CAMA1.9"	"9"	6346088	140640798	1	1	0	0	0	2	16	NA	0.0626524592857547	0.572406704470879	NA	" "	2	""	"CAMA1"
"CAMA1.10"	"10"	94023382	96431473	0	3	0	0	0	3	5	NA	1.22884247066564e-05	0.0292908865348882	NA	" "	3	""	"CAMA1"
"CAMA1.11"	"11"	67825900	74041128	1	0	3	0	0	4	6	4.32579875152796e-05	1.66305743820713e-06	0.111610225094713	NA	" "	1	""	"CAMA1"
"CAMA1.12"	"12"	116509503	132683427	1	1	1	0	0	3	3	1	NA	0.801251956901201	NA	" "	2	""	"CAMA1"
"CAMA1.13"	"13"	92601960	92714150	0	3	0	0	0	3	NA	NA	1.22884247066564e-05	0.0292908865348882	NA	" "	3	""	"CAMA1"
"CAMA1.14"	"14"	56229406	56396537	0	2	0	0	0	2	NA	NA	NA	0.111610225094713	NA	" "	2	""	"CAMA1"
"CAMA1.15"	"15"	NA	NA	0	0	0	0	0	0	NA	0.461418754209809	NA	NA	NA	" "	0	""	"CAMA1"
"CAMA1.16"	"16"	2645998	54683382	3	1	4	0	0	8	8	5.11660739181292e-07	5.07535329871555e-05	0.171797144296733	3.06315189693016e-09	"4:4575561-5516768;"	4	""	"CAMA1"
"CAMA1.17"	"17"	NA	NA	0	0	0	0	0	0	NA	0.453153978046972	NA	NA	NA	" "	0	""	"CAMA1"
"CAMA1.18"	"18"	NA	NA	0	0	0	0	0	0	NA	NA	NA	NA	NA	" "	0	""	"CAMA1"
"CAMA1.19"	"19"	11995572	52708508	0	2	0	0	0	2	13	NA	NA	0.111610225094713	NA	" "	2	""	"CAMA1"
"CAMA1.20"	"20"	15619373	52413575	1	2	0	0	0	3	6	NA	2.92484522765387e-05	0.299780588595712	NA	" "	3	""	"CAMA1"
"CAMA1.21"	"21"	NA	NA	0	0	0	0	0	0	NA	NA	NA	NA	NA	" "	0	""	"CAMA1"
"CAMA1.22"	"22"	41564395	41604067	1	0	0	0	0	1	NA	NA	NA	0.391625176271089	NA	" "	1	""	"CAMA1"
"CAMA1.23"	"X"	11676395	80032326	2	1	0	0	0	3	5	NA	0.00595904172471362	0.299780588595712	NA	" "	3	""	"CAMA1"
"HCC2185.1"	"1"	112314144	153994442	2	0	0	0	0	2	7	NA	NA	0.111610225094713	NA	" "	2	""	"HCC2185"
"HCC2185.2"	"2"	19197688	19226049	2	0	0	0	0	2	NA	0.191899000837212	NA	0.111610225094713	NA	" "	2	""	"HCC2185"
"HCC2185.3"	"3"	176271657	183361429	0	1	14	0	0	15	4	7.08770051765718e-12	4.63904566048717e-16	3.54837255943191e-08	NA	" "	1	""	"HCC2185"
"HCC2185.4"	"4"	48694984	151887211	3	0	0	0	0	3	4	NA	1.87196036449677e-10	0.0292908865348882	NA	" "	3	""	"HCC2185"
"HCC2185.5"	"5"	2036717	155898291	10	1	0	0	0	11	15	NA	4.87341270655056e-07	1.08773183078397e-05	NA	" "	11	"Low"	"HCC2185"
"HCC2185.6"	"6"	108983218	137368843	2	0	3	0	0	5	8	0.000216384259512762	2.10612347151078e-20	0.144743579414856	0.0027170098181751	"8:101712248-133501938;"	2	""	"HCC2185"
"HCC2185.7"	"7"	69651358	98410075	3	0	0	0	0	3	7	0.248198726477295	0	0.0292908865348882	NA	" "	3	""	"HCC2185"
"HCC2185.8"	"8"	101712248	133501938	0	1	11	0	0	12	14	5.93609449144018e-15	2.10612347151078e-20	2.6312832321732e-06	4.67325522555167e-05	"3:176271657-183361429;6:108983218-137368843
9:5612474-128668187;"	1	"High"	"HCC2185"
"HCC2185.9"	"9"	5612474	128668187	2	3	26	0	0	31	9	2.57238113737556e-37	9.13572220562248e-39	1.64846895347229e-12	1.27035486163757e-89	"12:7487361-125021126;18:46588902-50747393
20:3664969-51900818;3:176271657-183361429
6:108983218-137368843;"	5	"High"	"HCC2185"
"HCC2185.10"	"10"	67174568	121096884	7	0	3	0	0	10	7	9.70254645263099e-05	3.4278781431499e-15	0.00422346365868636	NA	" "	7	""	"HCC2185"
"HCC2185.11"	"11"	79387131	83863997	4	0	0	0	0	4	6	NA	0	0.00738316050535977	NA	" "	4	""	"HCC2185"
"HCC2185.12"	"12"	7487361	125021126	9	6	9	0	0	24	8	1.08741214340211e-12	2.43893581892699e-32	0.0292908865348882	0.00195295439650665	"3:176271657-183361429;8:101712248-133501938
9:5612474-128668187;"	15	"Low"	"HCC2185"
"HCC2185.13"	"13"	71867680	71876603	0	0	0	0	0	0	NA	NA	NA	NA	NA	" "	0	""	"HCC2185"
"HCC2185.14"	"14"	21394007	81763238	4	1	2	0	0	7	9	0.000988841899017414	0	0.171797144296733	0.00422346365868636	"3:176271657-183361429;"	5	""	"HCC2185"
"HCC2185.15"	"15"	45137104	65818495	4	0	0	0	0	4	4	NA	0	0.00738316050535977	NA	" "	4	""	"HCC2185"
"HCC2185.16"	"16"	68466370	89476003	3	0	1	0	0	4	12	0.0267451798986638	1.11022302462516e-16	0.111610225094713	NA	" "	3	""	"HCC2185"
"HCC2185.17"	"17"	42146207	58682478	3	0	0	0	0	3	8	0.525212157987886	0	0.0292908865348882	NA	" "	3	""	"HCC2185"
"HCC2185.18"	"18"	46588902	50747393	2	0	0	0	0	2	3	0.042864476792058	NA	0.111610225094713	NA	" "	2	""	"HCC2185"
"HCC2185.19"	"19"	11617263	58961913	1	0	0	0	0	1	6	NA	NA	0.391625176271089	NA	" "	1	""	"HCC2185"
"HCC2185.20"	"20"	3664969	51900818	1	0	29	0	0	30	10	4.49340862632578e-49	7.22678659864965e-30	1.0017477588683e-17	1.01563478914777e-05	"6:108983218-137368843;9:5612474-128668187
"	1	"High"	"HCC2185"
"HCC2185.21"	"21"	NA	NA	0	0	0	0	0	0	NA	1	NA	NA	NA	" "	0	""	"HCC2185"
"HCC2185.22"	"22"	32504003	49126955	2	1	1	0	0	4	9	0.311519893112639	4.44089209850063e-16	0.572406704470879	NA	" "	3	""	"HCC2185"
"HCC2185.23"	"X"	28905587	125458208	3	0	0	0	0	3	4	NA	0.060273520986213	0.0292908865348882	NA	" "	3	""	"HCC2185"
"MDAMB468.1"	"1"	1256723	49530136	0	1	1	0	0	2	13	0.0785810406007086	0	0.572406704470879	NA	" "	1	""	"MDAMB468"
"MDAMB468.2"	"2"	122688988	122814602	1	1	0	0	0	2	NA	0.046126349207489	NA	0.572406704470879	NA	" "	2	""	"MDAMB468"
"MDAMB468.3"	"3"	48527341	191339631	7	0	3	0	0	10	19	0.000344298280864557	1.45863079506711e-18	0.00422346365868636	0.197897126210368	"2:122688988-122814602;"	7	""	"MDAMB468"
"MDAMB468.4"	"4"	103569853	154852008	1	0	0	0	0	1	3	NA	NA	0.391625176271089	NA	" "	1	""	"MDAMB468"
"MDAMB468.5"	"5"	14507390	170585641	9	0	2	0	0	11	9	0.00393427166473647	3.65052704372352e-14	0.000177267277049372	NA	" "	9	"Low"	"MDAMB468"
"MDAMB468.6"	"6"	5340162	157460329	11	1	7	0	0	19	9	2.81099379155731e-09	6.15640766061057e-32	0.000706742392337029	1.28411222500681e-79	"10:48442647-126616941;3:48527341-191339631
7:54510612-55254395;"	12	"High"	"MDAMB468"
"MDAMB468.7"	"7"	54510612	55254395	6	35	1	0	0	42	NA	0.0537296425168707	9.92229687283113e-78	7.50105418030924e-17	NA	" "	41	NA	"MDAMB468"
"MDAMB468.8"	"8"	104872544	105985422	0	2	1	0	0	3	3	0.0508957937000793	1.11022302462516e-16	0.299780588595712	NA	" "	2	""	"MDAMB468"
"MDAMB468.9"	"9"	16457968	128465627	1	4	0	0	0	5	10	NA	3.86565779386829e-08	0.035110115675981	NA	" "	5	""	"MDAMB468"
"MDAMB468.10"	"10"	48442647	126616941	2	0	1	0	0	3	9	0.0226717695799055	NA	0.299780588595712	NA	" "	2	""	"MDAMB468"
"MDAMB468.11"	"11"	80855461	80889121	3	0	0	0	0	3	NA	0.307983188436488	0	0.0292908865348882	NA	" "	3	""	"MDAMB468"
"MDAMB468.12"	"12"	38362696	110412000	3	3	1	0	0	7	5	0.0468500937510655	1.07618103491126e-11	0.277309056900112	NA	" "	6	""	"MDAMB468"
"MDAMB468.13"	"13"	28800701	60251746	6	0	0	0	0	6	4	NA	1.55622644913237e-19	0.000439849652838829	NA	" "	6	""	"MDAMB468"
"MDAMB468.14"	"14"	37230808	86329535	2	3	0	0	0	5	5	NA	7.55204155044025e-11	0.144743579414856	NA	" "	5	""	"MDAMB468"
"MDAMB468.15"	"15"	57194653	57269123	1	0	0	0	0	1	NA	NA	NA	0.391625176271089	NA	" "	1	""	"MDAMB468"
"MDAMB468.16"	"16"	4560933	73109129	2	0	1	0	0	3	10	0.0267451798986638	0.0335638120972089	0.299780588595712	NA	" "	2	""	"MDAMB468"
"MDAMB468.17"	"17"	70084161	70151699	0	1	0	0	0	1	5	NA	NA	0.391625176271089	NA	" "	1	""	"MDAMB468"
"MDAMB468.18"	"18"	48500194	60310735	3	0	0	0	0	3	4	NA	2.25070349438528e-07	0.0292908865348882	NA	" "	3	""	"MDAMB468"
"MDAMB468.19"	"19"	9822488	50417387	0	2	2	0	0	4	16	0.000387645486216378	1.90083869492029e-10	0.261464129949111	1.13923577327891e-43	"21:16138921-41831577;"	2	""	"MDAMB468"
"MDAMB468.20"	"20"	305692	57989312	4	3	3	0	0	10	11	9.96649231013629e-06	0.000157853352076743	0.308022171558993	1.13923577327891e-43	"19:9822488-50417387;"	7	""	"MDAMB468"
"MDAMB468.21"	"21"	16138921	41831577	1	0	1	0	0	2	4	0.0122413569490167	NA	0.572406704470879	NA	" "	1	""	"MDAMB468"
"MDAMB468.22"	"22"	27759214	45932890	2	0	0	0	0	2	11	NA	0	0.111610225094713	NA	" "	2	""	"MDAMB468"
"MDAMB468.23"	"X"	46114586	147557847	4	1	1	0	0	6	7	1	0	0.111610225094713	NA	" "	5	""	"MDAMB468"
"OCUBM.1"	"1"	162293307	162311970	4	0	0	0	0	4	NA	0.00384133571464347	2.25070349438517e-07	0.00738316050535977	NA	" "	4	""	"OCUBM"
"OCUBM.2"	"2"	19202966	19226049	2	0	0	0	0	2	NA	NA	NA	0.111610225094713	NA	" "	2	""	"OCUBM"
"OCUBM.3"	"3"	81977121	166296816	0	3	1	0	0	4	8	0.0700882072292549	1.03315035132083e-11	0.111610225094713	NA	" "	3	""	"OCUBM"
"OCUBM.4"	"4"	95858934	97834239	0	3	1	0	0	4	2	0.0669713244841071	3.04599594894253e-08	0.111610225094713	NA	" "	3	""	"OCUBM"
"OCUBM.5"	"5"	2413351	177633524	12	6	29	0	0	47	19	1.33515904651349e-35	1.54112664487887e-55	1.12229389941286e-08	1.65555837186174e-21	"13:50458119-74783064;6:107678633-147603599
"	18	"High"	"OCUBM"
"OCUBM.6"	"6"	107678633	147603599	5	3	1	0	0	9	10	0.0600355585068951	1.00691507175298e-44	0.0874970913633925	NA	" "	8	""	"OCUBM"
"OCUBM.7"	"7"	109066099	109088779	3	0	0	0	0	3	NA	0.584834801143938	1.22884247066564e-05	0.0292908865348882	NA	" "	3	""	"OCUBM"
"OCUBM.8"	"8"	102442222	102571300	0	2	0	0	0	2	NA	0.00141222594912806	NA	0.111610225094713	NA	" "	2	""	"OCUBM"
"OCUBM.9"	"9"	81412870	81448253	3	0	0	0	0	3	NA	NA	1.22884247066564e-05	0.0292908865348882	NA	" "	3	""	"OCUBM"
"OCUBM.10"	"10"	67267646	86592418	2	10	0	0	0	12	13	1	5.87496422342161e-30	4.73868506654374e-05	NA	" "	12	"High"	"OCUBM"
"OCUBM.11"	"11"	37901066	65245965	3	0	0	0	0	3	7	0.770550349168276	2.59474219888034e-10	0.0292908865348882	NA	" "	3	""	"OCUBM"
"OCUBM.12"	"12"	777803	132515253	7	0	3	0	0	10	27	0.000102832736455204	1.1705592444009e-12	0.00422346365868636	8.75795162725807e-60	"15:27206779-90414592;"	7	""	"OCUBM"
"OCUBM.13"	"13"	50458119	74783064	21	3	27	0	0	51	12	3.16519774689426e-40	2.91465695710238e-107	5.19641432227315e-09	5.70263802073624e-52	"5:2413351-177633524;8:102442222-102571300
"	24	"High"	"OCUBM"
"OCUBM.14"	"14"	47732443	47772549	0	1	0	0	0	1	NA	0.72502108481005	NA	0.391625176271089	NA	" "	1	""	"OCUBM"
"OCUBM.15"	"15"	27206779	90414592	4	0	4	0	0	8	4	5.91811712244535e-07	1.80301176108333e-12	0.0460117056892314	2.14289046106971e-59	"1:162293307-162311970;12:777803-132515253
"	4	""	"OCUBM"
"OCUBM.16"	"16"	7923724	61998655	5	0	1	0	0	6	6	0.0267451798986638	0.000205321820232029	0.0100534444728365	NA	" "	5	""	"OCUBM"
"OCUBM.17"	"17"	37714203	38088371	0	3	0	0	0	3	NA	0.250251748334839	1.22884247066564e-05	0.0292908865348882	NA	" "	3	""	"OCUBM"
"OCUBM.18"	"18"	19729712	19802233	0	1	0	0	0	1	NA	NA	NA	0.391625176271089	NA	" "	1	""	"OCUBM"
"OCUBM.19"	"19"	19377750	19877055	0	0	0	0	0	0	NA	NA	NA	NA	NA	" "	0	""	"OCUBM"
"OCUBM.20"	"20"	34287905	34415852	0	3	0	0	0	3	NA	0.0492554524595812	1.22884247066564e-05	0.0292908865348882	NA	" "	3	""	"OCUBM"
"OCUBM.21"	"21"	32097971	36881694	4	0	0	0	0	4	NA	NA	7.55026908855822e-11	0.00738316050535977	NA	" "	4	""	"OCUBM"
"OCUBM.22"	"22"	18998327	40539353	3	0	0	0	0	3	NA	NA	1.33854892007935e-05	0.0292908865348882	NA	" "	3	""	"OCUBM"
"OCUBM.23"	"X"	55519896	55713844	0	2	0	0	0	2	NA	0.0419658927585836	2.25070349438517e-07	0.111610225094713	NA	" "	2	""	"OCUBM"
"SKBR3.1"	"1"	9880603	230722377	3	2	3	0	0	8	22	0.000485236349522237	1.14148097397685e-14	0.391625176271089	9.25887829568512e-12	"3:3848842-192993250;"	5	""	"SKBR3"
"SKBR3.2"	"2"	7096106	233536952	3	1	3	0	0	7	9	0.00059258273081924	0.00293636887060226	0.277309056900112	0.111610225094713	"6:6710732-8777106;"	4	""	"SKBR3"
"SKBR3.3"	"3"	3848842	192993250	0	2	6	0	0	8	9	1.18541306206289e-07	3.15448553727973e-42	0.00738316050535977	5.79652710131729e-35	"1:9880603-230722377;8:49516894-142258746
"	2	""	"SKBR3"
"SKBR3.4"	"4"	20213302	182076020	8	0	4	0	0	12	7	2.01166450043652e-05	9.12362603896699e-16	0.00212484233230481	8.82113040202911e-63	"8:49516894-142258746;"	8	"Low"	"SKBR3"
"SKBR3.5"	"5"	167078621	167091946	3	0	0	0	0	3	NA	3.4855069135059e-05	0	0.0292908865348882	NA	" "	3	""	"SKBR3"
"SKBR3.6"	"6"	6710732	8777106	5	5	0	0	0	10	8	0.657188679711073	1.97083093722228e-33	0.0185661354630432	NA	" "	10	"Low"	"SKBR3"
"SKBR3.7"	"7"	113861869	114574389	3	2	0	0	0	5	NA	0.242737826092906	8.49670851058312e-18	0.144743579414856	NA	" "	5	""	"SKBR3"
"SKBR3.8"	"8"	49516894	142258746	21	3	46	0	0	70	9	3.21637742110389e-60	4.57405974919826e-320	1.62185901922123e-16	1.04211508377753e-41	"13:97850061-97862408;14:50159391-92478010
17:28963275-78787112;3:3848842-192993250
5:167078621-167091946;X:7042143-103980754
"	24	"High"	"SKBR3"
"SKBR3.9"	"9"	8622197	97054884	3	0	0	0	0	3	9	NA	0.119790461141654	0.0292908865348882	NA	" "	3	""	"SKBR3"
"SKBR3.10"	"10"	57482904	58862913	0	1	0	0	0	1	NA	0.800305161661639	2.25070349438517e-07	0.391625176271089	NA	" "	1	""	"SKBR3"
"SKBR3.11"	"11"	63965123	64202022	0	3	0	0	0	3	NA	0.132456818536021	1.22884247066564e-05	0.0292908865348882	NA	" "	3	""	"SKBR3"
"SKBR3.12"	"12"	10834928	113678414	3	1	0	0	0	4	9	0.132447700703442	0.00389620785635492	0.111610225094713	NA	" "	4	""	"SKBR3"
"SKBR3.13"	"13"	97850061	97862408	2	0	0	0	0	2	NA	0.772255577513741	NA	0.111610225094713	NA	" "	2	""	"SKBR3"
"SKBR3.14"	"14"	50159391	92478010	0	0	12	0	0	12	7	9.34891389457991e-19	2.53283311374525e-14	7.48837694879548e-08	2.72362635906321e-36	"1:9880603-230722377;8:49516894-142258746
"	0	"High"	"SKBR3"
"SKBR3.15"	"15"	45882289	86142681	3	0	0	0	0	3	9	1	2.39636544291535e-07	0.0292908865348882	NA	" "	3	""	"SKBR3"
"SKBR3.16"	"16"	7956535	68861467	1	0	1	0	0	2	7	0.0267451798986638	NA	0.572406704470879	NA	" "	1	""	"SKBR3"
"SKBR3.17"	"17"	28963275	78787112	2	4	24	0	0	30	7	2.38217901496777e-38	3.60970284194686e-35	1.03770470859298e-10	4.33456475998075e-75	"8:49516894-142258746;"	6	"High"	"SKBR3"
"SKBR3.18"	"18"	33239317	54458755	0	0	0	0	0	0	4	NA	1.28462294248783e-05	NA	NA	" "	0	""	"SKBR3"
"SKBR3.19"	"19"	4585585	53490753	4	1	6	0	0	11	12	5.82511084778664e-11	2.15367948456697e-12	0.0406990270281804	1.29083205669852e-64	"8:49516894-142258746;"	5	""	"SKBR3"
"SKBR3.20"	"20"	198242	57534893	1	1	2	0	0	4	19	0.000463121443990424	5.42691153654148e-44	0.572406704470879	2.17638292478065e-27	"17:28963275-78787112;"	2	""	"SKBR3"
"SKBR3.21"	"21"	10718328	11018851	0	1	0	0	0	1	NA	NA	NA	0.391625176271089	NA	" "	1	""	"SKBR3"
"SKBR3.22"	"22"	46856598	51243005	1	3	1	0	0	5	10	1	3.04599594894253e-08	0.283886130759827	NA	" "	4	""	"SKBR3"
"SKBR3.23"	"X"	7042143	103980754	7	1	5	0	0	13	11	3.26851046552728e-07	1.15690688527496e-13	0.0179234518356206	5.28360578074515e-64	"8:49516894-142258746;"	8	"Low"	"SKBR3"
"UACC3133.1"	"1"	86709087	99523878	0	0	0	0	0	0	7	NA	NA	NA	NA	" "	0	""	"UACC3133"
"UACC3133.2"	"2"	19202966	19221468	1	0	0	0	0	1	NA	NA	NA	0.391625176271089	NA	" "	1	""	"UACC3133"
"UACC3133.3"	"3"	57386006	61145473	1	0	0	0	0	1	5	NA	NA	0.391625176271089	NA	" "	1	""	"UACC3133"
"UACC3133.4"	"4"	142014709	152429793	1	0	1	0	0	2	NA	1	NA	0.572406704470879	NA	" "	1	""	"UACC3133"
"UACC3133.5"	"5"	157458229	166669665	0	0	0	0	0	0	4	0.313020975332157	NA	NA	NA	" "	0	""	"UACC3133"
"UACC3133.6"	"6"	51093410	137596926	0	0	0	0	0	0	14	1	4.04709592668473e-05	NA	NA	" "	0	""	"UACC3133"
"UACC3133.7"	"7"	98384157	98421610	0	0	0	0	0	0	NA	NA	NA	NA	NA	" "	0	""	"UACC3133"
"UACC3133.8"	"8"	83468216	122229754	1	2	0	0	0	3	9	0.232517804353539	4.63904566050758e-16	0.299780588595712	NA	" "	3	""	"UACC3133"
"UACC3133.9"	"9"	3418171	131706501	1	0	0	0	0	1	16	NA	NA	0.391625176271089	NA	" "	1	""	"UACC3133"
"UACC3133.10"	"10"	NA	NA	0	0	0	0	0	0	NA	0.571182982197798	NA	NA	NA	" "	0	""	"UACC3133"
"UACC3133.11"	"11"	68616504	92309299	2	2	1	0	0	5	6	6.30059624622998e-07	7.83493932890101e-64	0.531948371210489	NA	" "	4	""	"UACC3133"
"UACC3133.12"	"12"	98105296	128165282	2	0	0	0	0	2	12	NA	0	0.111610225094713	NA	" "	2	""	"UACC3133"
"UACC3133.13"	"13"	NA	NA	0	0	0	0	0	0	NA	NA	NA	NA	NA	" "	0	""	"UACC3133"
"UACC3133.14"	"14"	46021210	46029016	0	0	0	0	0	0	NA	NA	NA	NA	NA	" "	0	""	"UACC3133"
"UACC3133.15"	"15"	NA	NA	0	0	0	0	0	0	NA	NA	NA	NA	NA	" "	0	""	"UACC3133"
"UACC3133.16"	"16"	NA	NA	0	0	0	0	0	0	NA	NA	NA	NA	NA	" "	0	""	"UACC3133"
"UACC3133.17"	"17"	28012389	64652352	2	0	7	0	0	9	9	1.06320627650031e-11	1.45625807615745e-32	0.00223868227172554	2.27249617993305e-21	"11:68616504-92309299;"	2	""	"UACC3133"
"UACC3133.18"	"18"	40978584	41117538	0	1	0	0	0	1	NA	NA	NA	0.391625176271089	NA	" "	1	""	"UACC3133"
"UACC3133.19"	"19"	5178531	21907142	0	5	1	0	0	6	7	0.0196887146918324	8.38966833850752e-10	0.0100534444728365	NA	" "	5	""	"UACC3133"
"UACC3133.20"	"20"	32204823	53877035	1	1	2	0	0	4	4	0.000463121443990424	2.25077298073488e-07	0.572406704470879	NA	" "	2	""	"UACC3133"
"UACC3133.21"	"21"	43994194	44139396	1	0	0	0	0	1	NA	0.0201304947694071	NA	0.391625176271089	NA	" "	1	""	"UACC3133"
"UACC3133.22"	"22"	17533484	45773825	0	0	1	0	0	1	15	0.193477489935843	NA	0.391625176271089	NA	" "	0	""	"UACC3133"
"UACC3133.23"	"X"	86183627	153193873	4	0	3	0	0	7	16	0.0594147052835493	5.58126140231021e-10	0.063327692247718	NA	" "	4	""	"UACC3133"
"ZR7530.1"	"1"	29197161	37707743	0	0	2	0	0	2	11	0.00617497994189022	1.2288426434308e-05	0.111610225094713	2.71254809416755e-21	"21:16419066-32836721;"	0	""	"ZR7530"
"ZR7530.2"	"2"	19202966	19226049	2	0	0	0	0	2	NA	0.000323607704879041	NA	0.111610225094713	NA	" "	2	""	"ZR7530"
"ZR7530.3"	"3"	48527339	173284533	2	2	0	0	0	4	14	NA	4.30428765887799e-12	0.261464129949111	NA	" "	4	""	"ZR7530"
"ZR7530.4"	"4"	NA	NA	0	0	0	0	0	0	NA	NA	NA	NA	NA	" "	0	""	"ZR7530"
"ZR7530.5"	"5"	16976043	76808898	4	2	0	0	0	6	4	0.00508984324729279	8.57995132936277e-09	0.0619990757369438	NA	" "	6	""	"ZR7530"
"ZR7530.6"	"6"	101104655	111687622	0	0	2	0	0	2	8	0.00360426828523482	0	0.111610225094713	3.28272582375563e-30	"8:48897676-145705491;"	0	""	"ZR7530"
"ZR7530.7"	"7"	40447112	40508356	0	1	0	0	0	1	NA	0.844200649572729	NA	0.391625176271089	NA	" "	1	""	"ZR7530"
"ZR7530.8"	"8"	48897676	145705491	10	5	27	0	0	42	12	1.20340293949204e-35	4.60638232382104e-168	1.47517578291981e-08	3.94777940530393e-29	"17:26801544-65181862;6:101104655-111687622
"	15	"High"	"ZR7530"
"ZR7530.9"	"9"	NA	NA	0	0	0	0	0	0	NA	0.0667376090923852	NA	NA	NA	" "	0	""	"ZR7530"
"ZR7530.10"	"10"	NA	NA	0	0	0	0	0	0	NA	0.291342089802658	NA	NA	NA	" "	0	""	"ZR7530"
"ZR7530.11"	"11"	767650	798751	1	0	0	0	0	1	NA	0.134798699127725	NA	0.391625176271089	NA	" "	1	""	"ZR7530"
"ZR7530.12"	"12"	78684226	110334610	2	0	0	0	0	2	5	0.0328027221618268	NA	0.111610225094713	NA	" "	2	""	"ZR7530"
"ZR7530.13"	"13"	43205614	65633175	1	0	0	0	0	1	6	0.137555572607997	NA	0.391625176271089	NA	" "	1	""	"ZR7530"
"ZR7530.14"	"14"	45820274	77448888	3	0	0	0	0	3	7	0.801487182997772	1.85823464208121e-05	0.0292908865348882	NA	" "	3	""	"ZR7530"
"ZR7530.15"	"15"	42882255	42892122	2	0	0	0	0	2	NA	NA	NA	0.111610225094713	NA	" "	2	""	"ZR7530"
"ZR7530.16"	"16"	4277863	4302432	1	0	0	0	0	1	NA	0.778811041390444	NA	0.391625176271089	NA	" "	1	""	"ZR7530"
"ZR7530.17"	"17"	26801544	65181862	6	3	90	0	0	99	10	1.62470972069198e-146	2.68764785740414e-153	1.32177962140892e-49	1.01337351655492e-84	"8:48897676-145705491;"	9	"High"	"ZR7530"
"ZR7530.18"	"18"	15234714	15247524	0	0	0	0	0	0	NA	0.269919580917068	NA	NA	NA	" "	0	""	"ZR7530"
"ZR7530.19"	"19"	NA	NA	0	0	0	0	0	0	NA	NA	NA	NA	NA	" "	0	""	"ZR7530"
"ZR7530.20"	"20"	15224940	44888318	3	0	0	0	0	3	5	NA	3.54061224783209e-12	0.0292908865348882	NA	" "	3	""	"ZR7530"
"ZR7530.21"	"21"	16419066	32836721	0	0	0	0	0	0	7	0.67066420497521	NA	NA	NA	" "	0	""	"ZR7530"
"ZR7530.22"	"22"	34297575	34315272	3	0	0	0	0	3	NA	0.665234163182563	1.22884247066564e-05	0.0292908865348882	NA	" "	3	""	"ZR7530"
"ZR7530.23"	"X"	105581254	151941065	3	0	0	0	0	3	12	0.0229649156464332	1.22886580272309e-05	0.0292908865348882	NA	" "	3	""	"ZR7530"
