fusions	Sample	type	geneA	chrA	StartA	EndA	geneB	chrB	StartB	EndB	unique_id	cytoBandA	cytoBandB	fusions_inv	Tumor Fusion Match	Tumor Fusion Partner Match	geneA_exp	geneB_exp	exp	exp_col	functional_fusions	geneA_OncoTS	geneB_OncoTS	recurGene	recurring
PUM1-TRERF1	HCC1187	Tranloc-inter	PUM1	chr1	31410062	31410062	TRERF1	chr6	42247621	42247621	31410062314100624224762142247621HCC1187	p35.2	p21.1	TRERF1-PUM1	N	N	up	up	up-regulated	red	Y	NA	NA		N
TTLL7-RGS22	HCC1187	Tranloc-inter	TTLL7	chr1	84457631	84457631	RGS22	chr8	100983728	100983728	8445763184457631100983728100983728HCC1187	p31.1	q22.2	RGS22-TTLL7	N	N	-	-	-	gray	N	NA	NA		N
AK097722-TTLL7	HCC1187	Dup	AK097722	chr1	84300922	84300922	TTLL7	chr1	84457631	84457631	84300922843009228445763184457631HCC1187	p31.1	p31.1	TTLL7-AK097722	N	N	-	-	-	gray	N	NA	NA		N
SYCP1-RGS22	HCC1187	Tranloc-inter	SYCP1	chr1	115471115	115471115	RGS22	chr8	101001204	101001204	115471115115471115101001204101001204HCC1187	p13.2	q22.2	RGS22-SYCP1	N	N	-	-	-	gray	N	NA	NA		N
NME7-CCDC181	HCC1187	Dup	NME7	chr1	169305318	169305318	CCDC181	chr1	169366792	169366792	169305318169305318169366792169366792HCC1187	q24.2	q24.2	CCDC181-NME7	N	N	-	-	-	gray	N	NA	NA		N
NME7-BLZF1	HCC1187	Dup	NME7	chr1	169276746	169276746	BLZF1	chr1	169359519	169359519	169276746169276746169359519169359519HCC1187	q24.2	q24.2	BLZF1-NME7	N	N	-	-	-	gray	N	NA	NA		N
SCN1A-BC051759	HCC1187	Del	SCN1A	chr2	166847628	166847628	BC051759	chr2	166959495	166959495	166847628166847628166959495166959495HCC1187	q24.3	q24.3	BC051759-SCN1A	N	N	-	-	-	gray	N	NA	NA		N
HESX1-APPL1	HCC1187	Dup	HESX1	chr3	57234135	57234135	APPL1	chr3	57276349	57276349	57234135572341355727634957276349HCC1187	p14.3	p14.3	APPL1-HESX1	N	Y	up	up	up-regulated	red	Y	NA	NA		N
IL17RD-APPL1	HCC1187	Dup	IL17RD	chr3	57184164	57184164	APPL1	chr3	57277461	57277461	57184164571841645727746157277461HCC1187	p14.3	p14.3	APPL1-IL17RD	N	Y	up	up	up-regulated	red	Y	NA	NA		N
PLXND1-TMCC1	HCC1187	Dup	PLXND1	chr3	129301981	129301981	TMCC1	chr3	129494354	129494354	129301981129301981129494354129494354HCC1187	q22.1	q22.1	TMCC1-PLXND1	N	N	-	up	up-regulated	red	Y	NA	NA		N
RAB28-AK091889	HCC1187	Dup	RAB28	chr4	13441321	13441321	AK091889	chr4	13868959	13868959	13441321134413211386895913868959HCC1187	p15.33	p15.33	AK091889-RAB28	N	N	-	-	-	gray	N	NA	NA		N
FBXL5-BST1	HCC1187	Dup	FBXL5	chr4	15624171	15624171	BST1	chr4	15716177	15716177	15624171156241711571617715716177HCC1187	p15.32	p15.32	BST1-FBXL5	N	N	up	-	up-regulated	red	Y	NA	NA		N
NSUN7-APBB2	HCC1187	Dup	NSUN7	chr4	40786783	40786783	APBB2	chr4	40830276	40830276	40786783407867834083027640830276HCC1187	p14	p14	APBB2-NSUN7	N	N	dn	-	down-regulated	blue	Y	NA	NA		N
GMDS-FARS2	HCC1187	Del	GMDS	chr6	1723080	1723080	FARS2	chr6	5743484	5743484	1723080172308057434845743484HCC1187	p25.3	p25.1	FARS2-GMDS	N	Y	up	-	up-regulated	red	Y	NA	NA		N
HLA-DQA1-HLA-DQB1	HCC1187	Del	HLA	chr6	32610852	32610852	DQA1	chr6	32631325	32631325	32610852326108523263132532631325HCC1187	p21.32	p21.32	DQA1-HLA	N	N	-	-	-	gray	N	NA	NA		N
SLC2A12-SGK1	HCC1187	Del	SLC2A12	chr6	134329020	134329020	SGK1	chr6	134539066	134539066	134329020134329020134539066134539066HCC1187	q23.2	q23.2	SGK1-SLC2A12	N	N	dn	dn	down-regulated	blue	Y	NA	Oncogene		N
BAZ1B-WBSCR22	HCC1187	Dup	BAZ1B	chr7	72902485	72902485	WBSCR22	chr7	73102908	73102908	72902485729024857310290873102908HCC1187	q11.23	q11.23	WBSCR22-BAZ1B	N	N	up	-	up-regulated	red	Y	NA	NA		N
LHFPL3-AS2-KMT2E	HCC1187	Dup	LHFPL3	chr7	104550466	104550466	AS2	chr7	104736091	104736091	104550466104550466104736091104736091HCC1187	q22.3	q22.3	AS2-LHFPL3	N	N	up	-	up-regulated	red	Y	NA	NA		N
MCPH1-AGPAT5	HCC1187	Dup	MCPH1	chr8	6495724	6495724	AGPAT5	chr8	6601875	6601875	6495724649572466018756601875HCC1187	p23.1	p23.1	AGPAT5-MCPH1	N	N	up	-	up-regulated	red	Y	NA	NA		N
SUSD1-PTBP3	HCC1187	Dup	SUSD1	chr9	114876906	114876906	PTBP3	chr9	115093580	115093580	114876906114876906115093580115093580HCC1187	q31.3	q32	PTBP3-SUSD1	N	N	-	up	up-regulated	red	Y	NA	NA		N
ARHGAP22-WDFY4	HCC1187	Dup	ARHGAP22	chr10	49745138	49745138	WDFY4	chr10	50050779	50050779	49745138497451385005077950050779HCC1187	q11.22	q11.23	WDFY4-ARHGAP22	N	N	up	-	up-regulated	red	Y	NA	NA		N
C10orf11-POLR3A	HCC1187	Del	C10orf11	chr10	77738190	77738190	POLR3A	chr10	79753495	79753495	77738190777381907975349579753495HCC1187	q22.3	q22.3	POLR3A-C10orf11	N	N	-	up	up-regulated	red	Y	NA	NA		N
AMPD3-FAM65A	HCC1187	Tranloc-inter	AMPD3	chr11	10492136	10492136	FAM65A	chr16	67575204	67575204	10492136104921366757520467575204HCC1187	p15.4	q22.1	FAM65A-AMPD3	N	N	up	-	up-regulated	red	Y	NA	NA		N
CAPRIN1-NAT10	HCC1187	Del	CAPRIN1	chr11	34116456	34116456	NAT10	chr11	34130224	34130224	34116456341164563413022434130224HCC1187	p13	p13	NAT10-CAPRIN1	N	N	-	up	up-regulated	red	Y	NA	NA		N
UBE2L6-CTNND1	HCC1187	Dup	UBE2L6	chr11	57319155	57319155	CTNND1	chr11	57535179	57535179	57319155573191555753517957535179HCC1187	q12.1	q12.1	CTNND1-UBE2L6	N	N	up	up	up-regulated	red	Y	NA	NA		N
SMCO2-PPFIBP1	HCC1187	Dup	SMCO2	chr12	27641731	27641731	PPFIBP1	chr12	27699210	27699210	27641731276417312769921027699210HCC1187	p11.23	p11.23	PPFIBP1-SMCO2	N	N	up	up	up-regulated	red	Y	NA	NA		N
MYBPC1-GNPTAB	HCC1187	Dup	MYBPC1	chr12	102062646	102062646	GNPTAB	chr12	102160533	102160533	102062646102062646102160533102160533HCC1187	q23.2	q23.2	GNPTAB-MYBPC1	N	N	-	dn	down-regulated	blue	Y	NA	NA		N
TMEM132C-TMEM132D	HCC1187	Del	TMEM132C	chr12	128903795	128903795	TMEM132D	chr12	129564528	129564528	128903795128903795129564528129564528HCC1187	q24.32	q24.33	TMEM132D-TMEM132C	N	N	-	-	-	gray	N	NA	NA		N
N4BP2L2-PDS5B	HCC1187	Dup	N4BP2L2	chr13	33102507	33102507	PDS5B	chr13	33163322	33163322	33102507331025073316332233163322HCC1187	q13.1	q13.1	PDS5B-N4BP2L2	N	N	up	up	up-regulated	red	Y	NA	TSG		N
SPTSSA-EAPP	HCC1187	Dup	SPTSSA	chr14	34923302	34923302	EAPP	chr14	34995846	34995846	34923302349233023499584634995846HCC1187	q13.1	q13.1	EAPP-SPTSSA	N	N	-	-	-	gray	N	NA	NA		N
GEMIN2-CTAGE5	HCC1187	Dup	GEMIN2	chr14	39604572	39604572	CTAGE5	chr14	39811126	39811126	39604572396045723981112639811126HCC1187	q21.1	q21.1	CTAGE5-GEMIN2	N	N	up	-	up-regulated	red	Y	NA	NA		N
RHOJ-SYNE2	HCC1187	Del	RHOJ	chr14	63706496	63706496	SYNE2	chr14	64340742	64340742	63706496637064966434074264340742HCC1187	q23.2	q23.2	SYNE2-RHOJ	N	N	-	dn	down-regulated	blue	Y	NA	NA		N
CCDC85C-HHIPL1	HCC1187	Dup	CCDC85C	chr14	100008669	100008669	HHIPL1	chr14	100132908	100132908	100008669100008669100132908100132908HCC1187	q32.2	q32.2	HHIPL1-CCDC85C	N	N	-	-	-	gray	N	NA	NA		N
SLC28A1-AKAP13	HCC1187	Dup	SLC28A1	chr15	85482332	85482332	AKAP13	chr15	86032107	86032107	85482332854823328603210786032107HCC1187	q25.3	q25.3	AKAP13-SLC28A1	N	N	-	-	-	gray	N	NA	NA		N
TM9SF4-POFUT1	HCC1187	Dup	TM9SF4	chr20	30732058	30732058	POFUT1	chr20	30819845	30819845	30732058307320583081984530819845HCC1187	q11.21	q11.21	POFUT1-TM9SF4	N	Y	-	-	-	gray	N	NA	NA		N
ACBD3-LIN9	HCC2218	Dup	ACBD3	chr1	226365404	226365404	LIN9	chr1	226458812	226458812	226365404226365404226458812226458812HCC2218	q42.12	q42.12	LIN9-ACBD3	N	N	-	up	up-regulated	red	Y	NA	NA		N
NRXN1-GRB7	HCC2218	Tranloc-inter	NRXN1	chr2	50693790	50693790	GRB7	chr17	37899899	37899899	50693790506937903789989937899899HCC2218	p16.3	q12	GRB7-NRXN1	N	N	-	up	up-regulated	red	Y	NA	NA	GRB7	Y
ACVR2A-ORC4	HCC2218	Del	ACVR2A	chr2	148646353	148646353	ORC4	chr2	148699948	148699948	148646353148646353148699948148699948HCC2218	q22.3	q22.3	ORC4-ACVR2A	N	N	-	dn	down-regulated	blue	Y	NA	NA		N
PDK1-RAPGEF4	HCC2218	Dup	PDK1	chr2	173454653	173454653	RAPGEF4	chr2	173620995	173620995	173454653173454653173620995173620995HCC2218	q31.1	q31.1	RAPGEF4-PDK1	N	N	-	-	-	gray	N	NA	NA		N
ABHD6-BCAS3	HCC2218	Tranloc-inter	ABHD6	chr3	58254780	58254780	BCAS3	chr17	58901880	58901880	58254780582547805890188058901880HCC2218	p14.3	q23.2	BCAS3-ABHD6	N	Y	-	-	-	gray	N	NA	NA	BCAS3	N
SNTG1-SPAG9	HCC2218	Tranloc-inter	SNTG1	chr8	51560900	51560900	SPAG9	chr17	49131509	49131509	51560900515609004913150949131509HCC2218	q11.21	q21.33	SPAG9-SNTG1	N	N	-	-	-	gray	N	NA	NA		N
TSPAN9-AK056228	HCC2218	Dup	TSPAN9	chr12	3376714	3376714	AK056228	chr12	3408742	3408742	3376714337671434087423408742HCC2218	p13.32	p13.32	AK056228-TSPAN9	N	N	-	-	-	gray	N	NA	NA		N
CDH3-CDH1	HCC2218	Del	CDH3	chr16	68704162	68704162	CDH1	chr16	68861467	68861467	68704162687041626886146768861467HCC2218	q22.1	q22.1	CDH1-CDH3	N	N	dn	-	down-regulated	blue	Y	NA	TSG	CDH3	Y
NLK-USP32	HCC2218	Tranloc-intra	NLK	chr17	26499432	26499432	USP32	chr17	58401307	58401307	26499432264994325840130758401307HCC2218	q11.2	q23.2	USP32-NLK	N	N	up	up	up-regulated	red	Y	NA	NA	USP32	Y
TMEM199-BRIP1	HCC2218	Tranloc-intra	TMEM199	chr17	26688152	26688152	BRIP1	chr17	59813468	59813468	26688152266881525981346859813468HCC2218	q11.2	q23.2	BRIP1-TMEM199	N	N	up	up	up-regulated	red	Y	NA	TSG	BRIP1	Y
NUFIP2-TTLL6	HCC2218	Tranloc-intra	NUFIP2	chr17	27617221	27617221	TTLL6	chr17	46883704	46883704	27617221276172214688370446883704HCC2218	q11.2	q21.32	TTLL6-NUFIP2	N	N	-	up	up-regulated	red	Y	NA	NA		N
ANKRD13B-TTLL6	HCC2218	Tranloc-intra	ANKRD13B	chr17	27924381	27924381	TTLL6	chr17	46860767	46860767	27924381279243814686076746860767HCC2218	q11.2	q21.32	TTLL6-ANKRD13B	N	N	up	up	up-regulated	red	Y	NA	NA		N
ANKRD13B-CDK12	HCC2218	Tranloc-intra	ANKRD13B	chr17	27924381	27924381	CDK12	chr17	37637179	37637179	27924381279243813763717937637179HCC2218	q11.2	q12	CDK12-ANKRD13B	N	Y	up	dn	-	gray	N	NA	TSG		N
SSH2-SKAP1	HCC2218	Tranloc-intra	SSH2	chr17	28098498	28098498	SKAP1	chr17	46505059	46505059	28098498280984984650505946505059HCC2218	q11.2	q21.32	SKAP1-SSH2	N	N	-	-	-	gray	N	NA	NA		N
UNC45B-B4GALNT2	HCC2218	Tranloc-intra	UNC45B	chr17	33480950	33480950	B4GALNT2	chr17	47219608	47219608	33480950334809504721960847219608HCC2218	q12	q21.32	B4GALNT2-UNC45B	N	N	-	up	up-regulated	red	Y	NA	NA		N
GRB7-RPS6KB1	HCC2218	Tranloc-intra	GRB7	chr17	37899899	37899899	RPS6KB1	chr17	57998943	57998943	37899899378998995799894357998943HCC2218	q12	q23.1	RPS6KB1-GRB7	N	N	up	up	up-regulated	red	Y	NA	NA	GRB7	Y
CDK12-MED13	HCC2218	Tranloc-intra	CDK12	chr17	37619769	37619769	MED13	chr17	60061055	60061055	37619769376197696006105560061055HCC2218	q12	q23.2	MED13-CDK12	N	Y	dn	-	down-regulated	blue	Y	TSG	NA		N
GRB7-MED13	HCC2218	Tranloc-intra	GRB7	chr17	37899899	37899899	MED13	chr17	60024884	60024884	37899899378998996002488460024884HCC2218	q12	q23.2	MED13-GRB7	N	N	up	-	up-regulated	red	Y	NA	NA	GRB7	Y
STARD3-LRRC59	HCC2218	Tranloc-intra	STARD3	chr17	37804179	37804179	LRRC59	chr17	48466179	48466179	37804179378041794846617948466179HCC2218	q12	q21.33	LRRC59-STARD3	N	N	up	up	up-regulated	red	Y	NA	NA		N
GRB7-PPM1D	HCC2218	Tranloc-intra	GRB7	chr17	37899899	37899899	PPM1D	chr17	58690733	58690733	37899899378998995869073358690733HCC2218	q12	q23.2	PPM1D-GRB7	N	N	up	up	up-regulated	red	Y	NA	Oncogene	GRB7	Y
IGF2BP1-MED13	HCC2218	Tranloc-intra	IGF2BP1	chr17	47124846	47124846	MED13	chr17	60024884	60024884	47124846471248466002488460024884HCC2218	q21.32	q23.2	MED13-IGF2BP1	N	N	-	-	-	gray	N	NA	NA		N
ZNF652-INTS2	HCC2218	Tranloc-intra	ZNF652	chr17	47401279	47401279	INTS2	chr17	59967459	59967459	47401279474012795996745959967459HCC2218	q21.33	q23.2	INTS2-ZNF652	N	N	up	up	up-regulated	red	Y	NA	NA		N
CA10-FDXR	HCC2218	Tranloc-intra	CA10	chr17	49783582	49783582	FDXR	chr17	72860888	72860888	49783582497835827286088872860888HCC2218	q21.33	q25.1	FDXR-CA10	N	N	-	up	up-regulated	red	Y	NA	NA		N
CLTC-SDK2	HCC2218	Tranloc-intra	CLTC	chr17	57733406	57733406	SDK2	chr17	71457618	71457618	57733406577334067145761871457618HCC2218	q23.1	q25.1	SDK2-CLTC	N	N	-	-	-	gray	N	NA	NA		N
APPBP2-TTYH2	HCC2218	Tranloc-intra	APPBP2	chr17	58543904	58543904	TTYH2	chr17	72228354	72228354	58543904585439047222835472228354HCC2218	q23.2	q25.1	TTYH2-APPBP2	N	N	up	up	up-regulated	red	Y	NA	NA		N
BCAS3-METTL2A	HCC2218	Del	BCAS3	chr17	58798153	58798153	METTL2A	chr17	60510882	60510882	58798153587981536051088260510882HCC2218	q23.2	q23.2	METTL2A-BCAS3	N	Y	-	up	up-regulated	red	Y	NA	NA	BCAS3	Y
PPM1D-FDXR	HCC2218	Tranloc-intra	PPM1D	chr17	58690733	58690733	FDXR	chr17	72860888	72860888	58690733586907337286088872860888HCC2218	q23.2	q25.1	FDXR-PPM1D	N	N	up	up	up-regulated	red	Y	Oncogene	NA		N
PRKCA-CARD14	HCC2218	Tranloc-intra	PRKCA	chr17	64426627	64426627	CARD14	chr17	78172871	78172871	64426627644266277817287178172871HCC2218	q24.2	q25.3	CARD14-PRKCA	N	N	-	up	up-regulated	red	Y	NA	NA		N
ABCA5-BC039327	HCC2218	Del	ABCA5	chr17	67303385	67303385	BC039327	chr17	69177868	69177868	67303385673033856917786869177868HCC2218	q24.3	q24.3	BC039327-ABCA5	N	N	-	-	-	gray	N	NA	NA		N
AK128833-ABCB1	IPH926	Tranloc-inter	AK128833	chr1	1110196	1110196	ABCB1	chr7	87219017	87219017	111019611101968721901787219017IPH926	p36.33	q21.12	ABCB1-AK128833	N	N	-	up	up-regulated	red	Y	NA	NA	ABCB1	Y
NFIA-LRRIQ3	IPH926	Tranloc-intra	NFIA	chr1	61565846	61565846	LRRIQ3	chr1	74641615	74641615	61565846615658467464161574641615IPH926	p31.3	p31.1	LRRIQ3-NFIA	N	N	-	up	up-regulated	red	Y	NA	NA		N
TATDN3-C1orf227	IPH926	Del	TATDN3	chr1	212970309	212970309	C1orf227	chr1	213019924	213019924	212970309212970309213019924213019924IPH926	q32.3	q32.3	C1orf227-TATDN3	N	N	-	-	-	gray	N	NA	NA		N
DIS3L2-SV2C	IPH926	Tranloc-inter	DIS3L2	chr2	233181726	233181726	SV2C	chr5	75571530	75571530	2331817262331817267557153075571530IPH926	q37.1	q13.3	SV2C-DIS3L2	N	Y	-	up	up-regulated	red	Y	NA	NA		N
SUMF1-CREB3L2	IPH926	Tranloc-inter	SUMF1	chr3	4421707	4421707	CREB3L2	chr7	137619687	137619687	44217074421707137619687137619687IPH926	p26.1	q33	CREB3L2-SUMF1	N	N	-	-	-	gray	N	NA	NA		N
GSK3B-MECOM	IPH926	Tranloc-intra	GSK3B	chr3	119696079	119696079	MECOM	chr3	169316585	169316585	119696079119696079169316585169316585IPH926	q13.33	q26.2	MECOM-GSK3B	N	Y	up	-	up-regulated	red	Y	Oncogene	Oncogene		N
CCDC58-MECOM	IPH926	Tranloc-intra	CCDC58	chr3	122088322	122088322	MECOM	chr3	169223394	169223394	122088322122088322169223394169223394IPH926	q21.1	q26.2	MECOM-CCDC58	N	N	-	-	-	gray	N	NA	Oncogene		N
SEC22A-PRKCI	IPH926	Tranloc-intra	SEC22A	chr3	122955618	122955618	PRKCI	chr3	169945027	169945027	122955618122955618169945027169945027IPH926	q21.1	q26.2	PRKCI-SEC22A	N	N	up	-	up-regulated	red	Y	NA	Oncogene		N
PTPLB-SI	IPH926	Tranloc-intra	PTPLB	chr3	123226789	123226789	SI	chr3	164771980	164771980	123226789123226789164771980164771980IPH926	q21.1	q26.1	SI-PTPLB	N	N	-	-	-	gray	N	NA	NA		N
LEPREL1-BV6S4-BJ2S2	IPH926	Tranloc-inter	LEPREL1	chr3	189682632	189682632	BV6S4	chr7	142478321	142478321	189682632189682632142478321142478321IPH926	q28	q34	BV6S4-LEPREL1	N	N	-	-	-	gray	N	NA	NA		N
SLIT2-KCNIP4	IPH926	Dup	SLIT2	chr4	20478012	20478012	KCNIP4	chr4	20859997	20859997	20478012204780122085999720859997IPH926	p15.31	p15.31	KCNIP4-SLIT2	N	N	dn	-	down-regulated	blue	Y	NA	NA		N
SRP72-UPF1	IPH926	Tranloc-inter	SRP72	chr4	57335622	57335622	UPF1	chr19	18965302	18965302	57335622573356221896530218965302IPH926	q12	p13.11	UPF1-SRP72	N	N	dn	-	down-regulated	blue	Y	NA	NA		N
ARHGEF38-ABCB1	IPH926	Tranloc-inter	ARHGEF38	chr4	106502931	106502931	ABCB1	chr7	87232244	87232244	1065029311065029318723224487232244IPH926	q24	q21.12	ABCB1-ARHGEF38	N	N	up	up	up-regulated	red	Y	NA	NA	ABCB1	Y
THEMIS-MACC1	IPH926	Tranloc-inter	THEMIS	chr6	128218854	128218854	MACC1	chr7	20234114	20234114	1282188541282188542023411420234114IPH926	q22.33	p21.1	MACC1-THEMIS	N	N	-	-	-	gray	N	NA	NA		N
PERP-TMTC1	IPH926	Tranloc-inter	PERP	chr6	138418272	138418272	TMTC1	chr12	29746579	29746579	1384182721384182722974657929746579IPH926	q23.3	p11.22	TMTC1-PERP	N	N	-	-	-	gray	N	NA	NA		N
RBSG3-AHR	IPH926	Tranloc-intra	RBSG3	chr7	9138060	9138060	AHR	chr7	17363787	17363787	913806091380601736378717363787IPH926	p21.3	p21.1	AHR-RBSG3	N	N	-	-	-	gray	N	NA	NA		N
CDK14-SRPK2	IPH926	Tranloc-intra	CDK14	chr7	90522861	90522861	SRPK2	chr7	104947178	104947178	9052286190522861104947178104947178IPH926	q21.13	q22.3	SRPK2-CDK14	N	N	up	up	up-regulated	red	Y	NA	NA		N
CDK14-ATXN7L1	IPH926	Tranloc-intra	CDK14	chr7	90522861	90522861	ATXN7L1	chr7	105281284	105281284	9052286190522861105281284105281284IPH926	q21.13	q22.3	ATXN7L1-CDK14	N	N	up	up	up-regulated	red	Y	NA	NA		N
TSGA13-EXOC4	IPH926	Dup	TSGA13	chr7	130365392	130365392	EXOC4	chr7	132975503	132975503	130365392130365392132975503132975503IPH926	q32.2	q33	EXOC4-TSGA13	N	Y	up	-	up-regulated	red	Y	NA	NA		N
SSPO-ATP6V0E2	IPH926	Del	SSPO	chr7	149495635	149495635	ATP6V0E2	chr7	149574502	149574502	149495635149495635149574502149574502IPH926	q36.1	q36.1	ATP6V0E2-SSPO	N	N	-	dn	down-regulated	blue	Y	NA	NA		N
ADAM32-ADAM5	IPH926	Dup	ADAM32	chr8	39135382	39135382	ADAM5	chr8	39232431	39232431	39135382391353823923243139232431IPH926	p11.22	p11.22	ADAM5-ADAM32	N	N	up	-	up-regulated	red	Y	NA	NA	ADAM32	Y
TRPS1-EFR3A	IPH926	Tranloc-intra	TRPS1	chr8	116555142	116555142	EFR3A	chr8	133015600	133015600	116555142116555142133015600133015600IPH926	q23.3	q24.22	EFR3A-TRPS1	N	N	-	up	up-regulated	red	Y	NA	NA	TRPS1	Y
LINC00536-TSNARE1	IPH926	Tranloc-intra	LINC00536	chr8	117226503	117226503	TSNARE1	chr8	143311183	143311183	117226503117226503143311183143311183IPH926	q23.3	q24.3	TSNARE1-LINC00536	N	N	up	-	up-regulated	red	Y	NA	NA		N
PAPPA-ASTN2	IPH926	Del	PAPPA	chr9	119093128	119093128	ASTN2	chr9	119238576	119238576	119093128119093128119238576119238576IPH926	q33.1	q33.1	ASTN2-PAPPA	N	N	-	-	-	gray	N	NA	NA		N
KIAA1217-PARD3	IPH926	Tranloc-intra	KIAA1217	chr10	24579842	24579842	PARD3	chr10	34495052	34495052	24579842245798423449505234495052IPH926	p12.2	p11.21	PARD3-KIAA1217	N	N	up	up	up-regulated	red	Y	NA	NA		N
VWCE-DDB1	IPH926	Del	VWCE	chr11	61051680	61051680	DDB1	chr11	61084312	61084312	61051680610516806108431261084312IPH926	q12.2	q12.2	DDB1-VWCE	N	Y	up	-	up-regulated	red	Y	NA	NA		N
CLEC1A-CCDC38	IPH926	Tranloc-intra	CLEC1A	chr12	10250792	10250792	CCDC38	chr12	96319202	96319202	10250792102507929631920296319202IPH926	p13.2	q23.1	CCDC38-CLEC1A	N	N	-	up	up-regulated	red	Y	NA	NA		N
LOC100128714-SUN2	IPH926	Tranloc-inter	LOC100128714	chr15	26168701	26168701	SUN2	chr22	39140742	39140742	26168701261687013914074239140742IPH926	q12	q13.1	SUN2-LOC100128714	N	N	-	-	-	gray	N	NA	NA		N
EMILIN2-LOC727896	IPH926	Dup	EMILIN2	chr18	2862115	2862115	LOC727896	chr18	2946371	2946371	2862115286211529463712946371IPH926	p11.32	p11.31	LOC727896-EMILIN2	N	N	-	-	-	gray	N	NA	NA		N
MACROD2-KIF16B	IPH926	Dup	MACROD2	chr20	15530247	15530247	KIF16B	chr20	16411438	16411438	15530247155302471641143816411438IPH926	p12.1	p12.1	KIF16B-MACROD2	N	N	-	up	up-regulated	red	Y	NA	NA		N
SNAP29-TUBA3FP	IPH926	Del	SNAP29	chr22	21227650	21227650	TUBA3FP	chr22	21367051	21367051	21227650212276502136705121367051IPH926	q11.21	q11.21	TUBA3FP-SNAP29	N	N	dn	-	down-regulated	blue	Y	NA	NA		N
ZC3H11A-NUAK2	MDAMB134VI	Dup	ZC3H11A	chr1	203779157	203779157	NUAK2	chr1	205290203	205290203	203779157203779157205290203205290203MDAMB134VI	q32.1	q32.1	NUAK2-ZC3H11A	N	N	-	-	-	gray	N	NA	NA		N
SETD5-ANK1	MDAMB134VI	Tranloc-inter	SETD5	chr3	9494615	9494615	ANK1	chr8	41544916	41544916	949461594946154154491641544916MDAMB134VI	p25.3	p11.21	ANK1-SETD5	N	N	-	up	up-regulated	red	Y	NA	NA		N
RBMS3-RNF123	MDAMB134VI	Tranloc-intra	RBMS3	chr3	29957020	29957020	RNF123	chr3	49739636	49739636	29957020299570204973963649739636MDAMB134VI	p24.1	p21.31	RNF123-RBMS3	N	N	-	-	-	gray	N	NA	NA		N
TRAK1-CACNA2D3	MDAMB134VI	Tranloc-intra	TRAK1	chr3	42216824	42216824	CACNA2D3	chr3	54777300	54777300	42216824422168245477730054777300MDAMB134VI	p22.1	p14.3	CACNA2D3-TRAK1	N	N	-	-	-	gray	N	NA	NA		N
ADAM2-GUCY2EP	MDAMB134VI	Tranloc-inter	ADAM2	chr8	39644575	39644575	GUCY2EP	chr11	76414948	76414948	39644575396445757641494876414948MDAMB134VI	p11.22	q13.5	GUCY2EP-ADAM2	N	N	-	-	-	gray	N	NA	NA		N
ZMAT4-ANK1	MDAMB134VI	Del	ZMAT4	chr8	40574704	40574704	ANK1	chr8	41534939	41534939	40574704405747044153493941534939MDAMB134VI	p11.21	p11.21	ANK1-ZMAT4	N	N	up	up	up-regulated	red	Y	NA	NA	ZMAT4	Y
ANK1-EFR3A	MDAMB134VI	Tranloc-intra	ANK1	chr8	41645120	41645120	EFR3A	chr8	132952886	132952886	4164512041645120132952886132952886MDAMB134VI	p11.21	q24.22	EFR3A-ANK1	N	N	up	dn	-	gray	N	NA	NA	EFR3A	N
EFR3A-P4HA3	MDAMB134VI	Tranloc-inter	EFR3A	chr8	132985538	132985538	P4HA3	chr11	73981749	73981749	1329855381329855387398174973981749MDAMB134VI	q24.22	q13.4	P4HA3-EFR3A	N	N	dn	-	down-regulated	blue	Y	NA	NA	EFR3A	Y
C11orf95-TENM4	MDAMB134VI	Tranloc-intra	C11orf95	chr11	63527829	63527829	TENM4	chr11	79098830	79098830	63527829635278297909883079098830MDAMB134VI	q13.1	q14.1	TENM4-C11orf95	N	N	-	up	up-regulated	red	Y	NA	NA	TENM4	Y
KDM2A-UVRAG	MDAMB134VI	Tranloc-intra	KDM2A	chr11	66894385	66894385	UVRAG	chr11	75556039	75556039	66894385668943857555603975556039MDAMB134VI	q13.2	q13.5	UVRAG-KDM2A	N	Y	up	dn	-	gray	N	NA	NA		N
LOC100130987-CORO1B	MDAMB134VI	Del	LOC100130987	chr11	67148962	67148962	CORO1B	chr11	67208130	67208130	67148962671489626720813067208130MDAMB134VI	q13.2	q13.2	CORO1B-LOC100130987	N	N	-	-	-	gray	N	NA	NA		N
PPME1-BC048427	MDAMB134VI	Del	PPME1	chr11	73917978	73917978	BC048427	chr11	74024908	74024908	73917978739179787402490874024908MDAMB134VI	q13.4	q13.4	BC048427-PPME1	N	N	up	-	up-regulated	red	Y	NA	NA		N
MAGI3-PHTF1	MDAMB330	Dup	MAGI3	chr1	114207824	114207824	PHTF1	chr1	114286428	114286428	114207824114207824114286428114286428MDAMB330	p13.2	p13.2	PHTF1-MAGI3	N	N	-	up	up-regulated	red	Y	NA	NA		N
TRIM33-MAN1A2	MDAMB330	Del	TRIM33	chr1	115021294	115021294	MAN1A2	chr1	118065147	118065147	115021294115021294118065147118065147MDAMB330	p13.2	p12	MAN1A2-TRIM33	N	N	up	up	up-regulated	red	Y	NA	NA		N
TGFBRAP1-SH3RF3	MDAMB330	Del	TGFBRAP1	chr2	105937062	105937062	SH3RF3	chr2	109842071	109842071	105937062105937062109842071109842071MDAMB330	q12.1	q12.3	SH3RF3-TGFBRAP1	N	N	-	-	-	gray	N	NA	NA		N
C3orf20-CAPN7	MDAMB330	Dup	C3orf20	chr3	14781007	14781007	CAPN7	chr3	15290165	15290165	14781007147810071529016515290165MDAMB330	p25.1	p25.1	CAPN7-C3orf20	N	N	up	up	up-regulated	red	Y	NA	NA		N
MED12L-TMEM212	MDAMB330	Tranloc-intra	MED12L	chr3	150820962	150820962	TMEM212	chr3	171572213	171572213	150820962150820962171572213171572213MDAMB330	q25.1	q26.31	TMEM212-MED12L	N	N	-	-	-	gray	N	NA	NA		N
RNF212-CCL5	MDAMB330	Tranloc-inter	RNF212	chr4	1091072	1091072	CCL5	chr17	34202903	34202903	109107210910723420290334202903MDAMB330	p16.3	q12	CCL5-RNF212	N	N	-	-	-	gray	N	NA	NA		N
ATP6V0E1-CREBRF	MDAMB330	Del	ATP6V0E1	chr5	172455297	172455297	CREBRF	chr5	172484672	172484672	172455297172455297172484672172484672MDAMB330	q35.1	q35.1	CREBRF-ATP6V0E1	N	N	-	up	up-regulated	red	Y	NA	NA		N
FAF2-E2F8	MDAMB330	Tranloc-inter	FAF2	chr5	175882198	175882198	E2F8	chr11	19250751	19250751	1758821981758821981925075119250751MDAMB330	q35.2	p15.1	E2F8-FAF2	N	N	up	-	up-regulated	red	Y	NA	NA		N
FLJ44511-SUN1	MDAMB330	Del	FLJ44511	chr7	564759	564759	SUN1	chr7	885280	885280	564759564759885280885280MDAMB330	p22.3	p22.3	SUN1-FLJ44511	N	N	-	dn	down-regulated	blue	Y	NA	NA		N
LOC154761-FAM115A	MDAMB330	Dup	LOC154761	chr7	143521876	143521876	FAM115A	chr7	143569657	143569657	143521876143521876143569657143569657MDAMB330	q35	q35	FAM115A-LOC154761	N	N	-	-	-	gray	N	NA	NA		N
GPR124-GOT1L1	MDAMB330	Dup	GPR124	chr8	37687067	37687067	GOT1L1	chr8	37797397	37797397	37687067376870673779739737797397MDAMB330	p11.23	p11.23	GOT1L1-GPR124	N	N	-	-	-	gray	N	NA	NA		N
RAB11FIP1-GOT1L1	MDAMB330	Dup	RAB11FIP1	chr8	37729447	37729447	GOT1L1	chr8	37797397	37797397	37729447377294473779739737797397MDAMB330	p11.23	p11.23	GOT1L1-RAB11FIP1	N	N	up	-	up-regulated	red	Y	NA	NA		N
EIF4EBP1-ZMAT4	MDAMB330	Del	EIF4EBP1	chr8	37898278	37898278	ZMAT4	chr8	40525224	40525224	37898278378982784052522440525224MDAMB330	p11.23	p11.21	ZMAT4-EIF4EBP1	N	N	dn	-	down-regulated	blue	Y	NA	NA	ZMAT4	Y
AK055332-SPIRE1	MDAMB330	Tranloc-inter	AK055332	chr8	80774513	80774513	SPIRE1	chr18	12448037	12448037	80774513807745131244803712448037MDAMB330	q21.13	p11.21	SPIRE1-AK055332	N	N	-	up	up-regulated	red	Y	NA	NA		N
LOC100499183-SCAF11	MDAMB330	Tranloc-inter	LOC100499183	chr8	104251361	104251361	SCAF11	chr12	46377527	46377527	1042513611042513614637752746377527MDAMB330	q22.3	q12	SCAF11-LOC100499183	N	N	-	up	up-regulated	red	Y	NA	NA		N
NUDT2-FAM219A	MDAMB330	Dup	NUDT2	chr9	34329607	34329607	FAM219A	chr9	34430924	34430924	34329607343296073443092434430924MDAMB330	p13.3	p13.3	FAM219A-NUDT2	N	N	-	-	-	gray	N	NA	NA		N
PPFIBP2-WTIP	MDAMB330	Tranloc-inter	PPFIBP2	chr11	7665862	7665862	WTIP	chr19	34979367	34979367	766586276658623497936734979367MDAMB330	p15.4	q13.11	WTIP-PPFIBP2	N	N	up	-	up-regulated	red	Y	NA	NA		N
BDNF-SOCS7	MDAMB330	Tranloc-inter	BDNF	chr11	27693578	27693578	SOCS7	chr17	36509002	36509002	27693578276935783650900236509002MDAMB330	p14.1	q12	SOCS7-BDNF	N	Y	up	up	up-regulated	red	Y	NA	NA		N
GAL-GPR179	MDAMB330	Tranloc-inter	GAL	chr11	68458503	68458503	GPR179	chr17	36487796	36487796	68458503684585033648779636487796MDAMB330	q13.3	q12	GPR179-GAL	N	N	-	up	up-regulated	red	Y	NA	NA		N
BC127192-SYNRG	MDAMB330	Tranloc-inter	BC127192	chr11	70337040	70337040	SYNRG	chr17	35901432	35901432	70337040703370403590143235901432MDAMB330	q13.3	q12	SYNRG-BC127192	N	N	-	up	up-regulated	red	Y	NA	NA		N
FBXL14-CACNA2D4	MDAMB330	Dup	FBXL14	chr12	1686290	1686290	CACNA2D4	chr12	1999327	1999327	1686290168629019993271999327MDAMB330	p13.33	p13.33	CACNA2D4-FBXL14	N	N	-	up	up-regulated	red	Y	NA	NA		N
LOC100507377-IFT88	MDAMB330	Tranloc-inter	LOC100507377	chr12	74535767	74535767	IFT88	chr13	21220974	21220974	74535767745357672122097421220974MDAMB330	q21.1	q12.11	IFT88-LOC100507377	N	N	-	up	up-regulated	red	Y	NA	NA		N
UTP20-CCDC53	MDAMB330	Dup	UTP20	chr12	101709636	101709636	CCDC53	chr12	102427441	102427441	101709636101709636102427441102427441MDAMB330	q23.2	q23.2	CCDC53-UTP20	N	N	-	-	-	gray	N	NA	NA		N
CHST11-SLC41A2	MDAMB330	Dup	CHST11	chr12	105139600	105139600	SLC41A2	chr12	105242178	105242178	105139600105139600105242178105242178MDAMB330	q23.3	q23.3	SLC41A2-CHST11	N	N	dn	-	down-regulated	blue	Y	NA	NA		N
SFTA3-SLC25A21	MDAMB330	Dup	SFTA3	chr14	36964488	36964488	SLC25A21	chr14	37423071	37423071	36964488369644883742307137423071MDAMB330	q13.3	q13.3	SLC25A21-SFTA3	N	N	-	-	-	gray	N	NA	NA		N
DIO2-CEP128	MDAMB330	Dup	DIO2	chr14	80665179	80665179	CEP128	chr14	81064966	81064966	80665179806651798106496681064966MDAMB330	q31.1	q31.1	CEP128-DIO2	N	N	dn	-	down-regulated	blue	Y	NA	NA		N
BLM-CTIF	MDAMB330	Tranloc-inter	BLM	chr15	91336673	91336673	CTIF	chr18	46098391	46098391	91336673913366734609839146098391MDAMB330	q26.1	q21.1	CTIF-BLM	N	N	up	dn	-	gray	N	TSG	NA		N
TADA2A-SYNRG	MDAMB330	Dup	TADA2A	chr17	35773501	35773501	SYNRG	chr17	35931871	35931871	35773501357735013593187135931871MDAMB330	q12	q12	SYNRG-TADA2A	N	Y	up	up	up-regulated	red	Y	NA	NA		N
ACACA-SYNRG	MDAMB330	Dup	ACACA	chr17	35630624	35630624	SYNRG	chr17	35901432	35901432	35630624356306243590143235901432MDAMB330	q12	q12	SYNRG-ACACA	N	N	-	up	up-regulated	red	Y	NA	NA		N
ACACA-DDX52	MDAMB330	Dup	ACACA	chr17	35630624	35630624	DDX52	chr17	35975267	35975267	35630624356306243597526735975267MDAMB330	q12	q12	DDX52-ACACA	N	N	-	up	up-regulated	red	Y	NA	NA		N
GPR179-GRB7	MDAMB330	Dup	GPR179	chr17	36487796	36487796	GRB7	chr17	37899899	37899899	36487796364877963789989937899899MDAMB330	q12	q12	GRB7-GPR179	N	N	up	up	up-regulated	red	Y	NA	NA	GRB7	Y
STAC2-FBXL20	MDAMB330	Del	STAC2	chr17	37372574	37372574	FBXL20	chr17	37409987	37409987	37372574373725743740998737409987MDAMB330	q12	q12	FBXL20-STAC2	N	Y	-	up	up-regulated	red	Y	NA	NA		N
TAF4B-NOL4	MDAMB330	Tranloc-intra	TAF4B	chr18	23878593	23878593	NOL4	chr18	31593419	31593419	23878593238785933159341931593419MDAMB330	q11.2	q12.1	NOL4-TAF4B	N	N	dn	-	down-regulated	blue	Y	NA	NA		N
ZNF69-ZNF878	MDAMB330	Dup	ZNF69	chr19	12007233	12007233	ZNF878	chr19	12161498	12161498	12007233120072331216149812161498MDAMB330	p13.2	p13.2	ZNF878-ZNF69	N	N	up	-	up-regulated	red	Y	NA	NA		N
MED15-BC035867	MDAMB330	Del	MED15	chr22	20927734	20927734	BC035867	chr22	20977289	20977289	20927734209277342097728920977289MDAMB330	q11.21	q11.21	BC035867-MED15	N	N	dn	-	down-regulated	blue	Y	NA	NA		N
OTUD5-FOXP3	MDAMB330	Dup	OTUD5	chrX	48801426	48801426	FOXP3	chrX	49119776	49119776	48801426488014264911977649119776MDAMB330	p11.23	p11.23	FOXP3-OTUD5	N	N	dn	up	-	gray	N	NA	NA		N
PRAMEF4-PRAMEF10	MDAMB453	Del	PRAMEF4	chr1	12939459	12939459	PRAMEF10	chr1	12956589	12956589	12939459129394591295658912956589MDAMB453	p36.21	p36.21	PRAMEF10-PRAMEF4	N	N	-	-	-	gray	N	NA	NA		N
CNR2-SRSF10	MDAMB453	Dup	CNR2	chr1	24222440	24222440	SRSF10	chr1	24297457	24297457	24222440242224402429745724297457MDAMB453	p36.11	p36.11	SRSF10-CNR2	N	N	-	-	-	gray	N	NA	NA		N
MATN3-PUM2	MDAMB453	Dup	MATN3	chr2	20204865	20204865	PUM2	chr2	20508981	20508981	20204865202048652050898120508981MDAMB453	p24.1	p24.1	PUM2-MATN3	N	N	dn	up	-	gray	N	NA	NA		N
ATAD2B-UBXN2A	MDAMB453	Dup	ATAD2B	chr2	24093649	24093649	UBXN2A	chr2	24217975	24217975	24093649240936492421797524217975MDAMB453	p23.3	p23.3	UBXN2A-ATAD2B	N	N	up	-	up-regulated	red	Y	NA	NA		N
SLC8A1-EMB	MDAMB453	Tranloc-inter	SLC8A1	chr2	40378225	40378225	EMB	chr5	49699439	49699439	40378225403782254969943949699439MDAMB453	p22.1	q11.1	EMB-SLC8A1	N	N	-	-	-	gray	N	NA	NA		N
ELMOD3-ATOH8	MDAMB453	Dup	ELMOD3	chr2	85614425	85614425	ATOH8	chr2	86008788	86008788	85614425856144258600878886008788MDAMB453	p11.2	p11.2	ATOH8-ELMOD3	N	N	up	-	up-regulated	red	Y	NA	NA		N
RIF1-FBXO36	MDAMB453	Tranloc-intra	RIF1	chr2	152300606	152300606	FBXO36	chr2	230795167	230795167	152300606152300606230795167230795167MDAMB453	q23.3	q36.3	FBXO36-RIF1	N	N	-	-	-	gray	N	NA	NA		N
DLG1-KIAA0226	MDAMB453	Del	DLG1	chr3	196895295	196895295	KIAA0226	chr3	197400466	197400466	196895295196895295197400466197400466MDAMB453	q29	q29	KIAA0226-DLG1	N	N	up	-	up-regulated	red	Y	NA	NA		N
FAM172A-KIAA0825	MDAMB453	Dup	FAM172A	chr5	93377106	93377106	KIAA0825	chr5	93576453	93576453	93377106933771069357645393576453MDAMB453	q15	q15	KIAA0825-FAM172A	N	N	up	up	up-regulated	red	Y	NA	NA		N
NKAIN2-TCF12	MDAMB453	Tranloc-inter	NKAIN2	chr6	125123083	125123083	TCF12	chr15	57475251	57475251	1251230831251230835747525157475251MDAMB453	q22.31	q21.3	TCF12-NKAIN2	N	Y	up	up	up-regulated	red	Y	NA	NA		N
ECHDC1-TCF12	MDAMB453	Tranloc-inter	ECHDC1	chr6	127626699	127626699	TCF12	chr15	57531804	57531804	1276266991276266995753180457531804MDAMB453	q22.33	q21.3	TCF12-ECHDC1	N	Y	-	up	up-regulated	red	Y	NA	NA		N
ESR1-SYNE1	MDAMB453	Del	ESR1	chr6	152408428	152408428	SYNE1	chr6	152447676	152447676	152408428152408428152447676152447676MDAMB453	q25.1	q25.1	SYNE1-ESR1	N	Y	dn	-	down-regulated	blue	Y	Oncogene	NA		N
GATSL1-WBSCR16	MDAMB453	Del	GATSL1	chr7	74406440	74406440	WBSCR16	chr7	74476676	74476676	74406440744064407447667674476676MDAMB453	q11.23	q11.23	WBSCR16-GATSL1	N	N	-	-	-	gray	N	NA	NA		N
SGCE-RGS3	MDAMB453	Tranloc-inter	SGCE	chr7	94216206	94216206	RGS3	chr9	116265774	116265774	9421620694216206116265774116265774MDAMB453	q21.3	q32	RGS3-SGCE	N	N	-	up	up-regulated	red	Y	NA	NA		N
CYP3A43-CNPY4	MDAMB453	Dup	CYP3A43	chr7	99435595	99435595	CNPY4	chr7	99722951	99722951	99435595994355959972295199722951MDAMB453	q22.1	q22.1	CNPY4-CYP3A43	N	N	up	-	up-regulated	red	Y	NA	NA		N
UNC5D-LOC101410533	MDAMB453	Tranloc-intra	UNC5D	chr8	35403727	35403727	LOC101410533	chr8	64080523	64080523	35403727354037276408052364080523MDAMB453	p12	q12.3	LOC101410533-UNC5D	N	N	-	-	-	gray	N	NA	NA		N
INPP5E-PAQR5	MDAMB453	Tranloc-inter	INPP5E	chr9	139324478	139324478	PAQR5	chr15	69642352	69642352	1393244781393244786964235269642352MDAMB453	q34.3	q23	PAQR5-INPP5E	N	N	-	up	up-regulated	red	Y	NA	NA		N
PLEKHA1-HTRA1	MDAMB453	Dup	PLEKHA1	chr10	124174009	124174009	HTRA1	chr10	124228405	124228405	124174009124174009124228405124228405MDAMB453	q26.13	q26.13	HTRA1-PLEKHA1	N	N	-	-	-	gray	N	NA	NA		N
SBF2-ANKFN1	MDAMB453	Tranloc-inter	SBF2	chr11	10293925	10293925	ANKFN1	chr17	54360496	54360496	10293925102939255436049654360496MDAMB453	p15.4	q22	ANKFN1-SBF2	N	Y	-	-	-	gray	N	NA	NA		N
TPH1-CEP112	MDAMB453	Tranloc-inter	TPH1	chr11	18052233	18052233	CEP112	chr17	63937199	63937199	18052233180522336393719963937199MDAMB453	p15.1	q24.1	CEP112-TPH1	N	N	-	dn	down-regulated	blue	Y	NA	NA		N
TSGA10IP-LOC286467	MDAMB453	Tranloc-inter	TSGA10IP	chr11	65723550	65723550	LOC286467	chrX	130912921	130912921	6572355065723550130912921130912921MDAMB453	q13.1	q26.2	LOC286467-TSGA10IP	N	N	-	-	-	gray	N	NA	NA		N
AAMDC-TENM4	MDAMB453	Del	AAMDC	chr11	77535444	77535444	TENM4	chr11	78394390	78394390	77535444775354447839439078394390MDAMB453	q14.1	q14.1	TENM4-AAMDC	N	N	-	-	-	gray	N	NA	NA	TENM4	N
TRPC6-ANKFN1	MDAMB453	Tranloc-inter	TRPC6	chr11	101352095	101352095	ANKFN1	chr17	54231752	54231752	1013520951013520955423175254231752MDAMB453	q22.1	q22	ANKFN1-TRPC6	N	N	-	-	-	gray	N	NA	NA		N
RAPGEF3-HDAC7	MDAMB453	Dup	RAPGEF3	chr12	48136741	48136741	HDAC7	chr12	48184684	48184684	48136741481367414818468448184684MDAMB453	q13.11	q13.11	HDAC7-RAPGEF3	N	N	up	-	up-regulated	red	Y	NA	Oncogene		N
LARP4-DIP2B	MDAMB453	Dup	LARP4	chr12	50868083	50868083	DIP2B	chr12	50943601	50943601	50868083508680835094360150943601MDAMB453	q13.12	q13.12	DIP2B-LARP4	N	N	-	up	up-regulated	red	Y	NA	NA		N
ANKS1B-UHRF1BP1L	MDAMB453	Del	ANKS1B	chr12	100280606	100280606	UHRF1BP1L	chr12	100496203	100496203	100280606100280606100496203100496203MDAMB453	q23.1	q23.1	UHRF1BP1L-ANKS1B	N	N	up	up	up-regulated	red	Y	NA	NA		N
AGBL1-GPCPD1	MDAMB453	Tranloc-inter	AGBL1	chr15	86891379	86891379	GPCPD1	chr20	5577354	5577354	868913798689137955773545577354MDAMB453	q25.3	p12.3	GPCPD1-AGBL1	N	N	up	-	up-regulated	red	Y	NA	NA		N
CDH3-CLTC	MDAMB453	Tranloc-inter	CDH3	chr16	68691063	68691063	CLTC	chr17	57744373	57744373	68691063686910635774437357744373MDAMB453	q22.1	q23.1	CLTC-CDH3	N	N	dn	-	down-regulated	blue	Y	NA	NA	CDH3	Y
MED24-MAPT-AS1	MDAMB453	Tranloc-intra	MED24	chr17	38203981	38203981	MAPT	chr17	43941916	43941916	38203981382039814394191643941916MDAMB453	q21.1	q21.31	MAPT-MED24	N	N	-	-	-	gray	N	NA	NA		N
SPAG9-BCAS3	MDAMB453	Tranloc-intra	SPAG9	chr17	49122875	49122875	BCAS3	chr17	59223042	59223042	49122875491228755922304259223042MDAMB453	q21.33	q23.2	BCAS3-SPAG9	N	Y	-	-	-	gray	N	NA	NA	BCAS3	N
TBC1D3P1-DHX40P1-BCAS3	MDAMB453	Del	TBC1D3P1	chr17	58077303	58077303	DHX40P1	chr17	58808031	58808031	58077303580773035880803158808031MDAMB453	q23.1	q23.2	DHX40P1-TBC1D3P1	N	N	-	-	-	gray	N	NA	NA		N
EFCAB3-TLK2	MDAMB453	Dup	EFCAB3	chr17	60483386	60483386	TLK2	chr17	60614658	60614658	60483386604833866061465860614658MDAMB453	q23.2	q23.2	TLK2-EFCAB3	N	N	up	-	up-regulated	red	Y	NA	NA		N
FTSJ3-SCN4A	MDAMB453	Dup	FTSJ3	chr17	61896840	61896840	SCN4A	chr17	62017735	62017735	61896840618968406201773562017735MDAMB453	q23.3	q23.3	SCN4A-FTSJ3	N	N	up	-	up-regulated	red	Y	NA	NA		N
GALK1-WBP2	MDAMB453	Dup	GALK1	chr17	73756163	73756163	WBP2	chr17	73848980	73848980	73756163737561637384898073848980MDAMB453	q25.1	q25.1	WBP2-GALK1	N	N	-	-	-	gray	N	NA	NA		N
MAN2B1-MAST1	MDAMB453	Dup	MAN2B1	chr19	12767607	12767607	MAST1	chr19	12970125	12970125	12767607127676071297012512970125MDAMB453	p13.2	p13.2	MAST1-MAN2B1	N	N	-	up	up-regulated	red	Y	NA	NA		N
PKDREJ-TBC1D22A	MDAMB453	Dup	PKDREJ	chr22	46651665	46651665	TBC1D22A	chr22	47240731	47240731	46651665466516654724073147240731MDAMB453	q13.31	q13.31	TBC1D22A-PKDREJ	N	N	up	up	up-regulated	red	Y	NA	NA		N
UBA1-PFKFB1	MDAMB453	Tranloc-intra	UBA1	chrX	47058109	47058109	PFKFB1	chrX	54969126	54969126	47058109470581095496912654969126MDAMB453	p11.23	p11.21	PFKFB1-UBA1	N	N	-	up	up-regulated	red	Y	NA	NA		N
MECP2-TMLHE	MDAMB453	Dup	MECP2	chrX	153340211	153340211	TMLHE	chrX	154765462	154765462	153340211153340211154765462154765462MDAMB453	q28	q28	TMLHE-MECP2	N	N	up	up	up-regulated	red	Y	NA	NA		N
TEX28-TMLHE	MDAMB453	Dup	TEX28	chrX	153508342	153508342	TMLHE	chrX	154765462	154765462	153508342153508342154765462154765462MDAMB453	q28	q28	TMLHE-TEX28	N	N	-	up	up-regulated	red	Y	NA	NA		N
DEAF1-MYO7A	600MPE	Tranloc-intra	DEAF1	chr11	650463	650463	MYO7A	chr11	76885281	76885281	6504636504637688528176885281600MPE	p15.5	q13.5	MYO7A-DEAF1	N	N	-	up	up-regulated	red	Y	NA	NA		N
AP2A2-PPFIA1	600MPE	Tranloc-intra	AP2A2	chr11	940185	940185	PPFIA1	chr11	70147780	70147780	9401859401857014778070147780600MPE	p15.5	q13.3	PPFIA1-AP2A2	N	Y	dn	up	-	gray	N	NA	NA		N
ZBED5-AS1-FGF14	600MPE	Tranloc-inter	ZBED5	chr11	10891584	10891584	AS1	chr13	102994751	102994751	1089158410891584102994751102994751600MPE	p15.3	q33.1	AS1-ZBED5	N	N	-	-	-	gray	N	NA	NA		N
DKK3-HS6ST3	600MPE	Tranloc-inter	DKK3	chr11	12027023	12027023	HS6ST3	chr13	96950462	96950462	12027023120270239695046296950462600MPE	p15.3	q32.1	HS6ST3-DKK3	N	N	-	-	-	gray	N	NA	NA		N
CCDC73-ATL3	600MPE	Tranloc-intra	CCDC73	chr11	32749713	32749713	ATL3	chr11	63409175	63409175	32749713327497136340917563409175600MPE	p13	q13.1	ATL3-CCDC73	N	N	up	up	up-regulated	red	Y	NA	NA		N
CCDC73-USP35	600MPE	Tranloc-intra	CCDC73	chr11	32749713	32749713	USP35	chr11	77923824	77923824	32749713327497137792382477923824600MPE	p13	q14.1	USP35-CCDC73	N	N	up	-	up-regulated	red	Y	NA	NA		N
FAM111B-HS6ST3	600MPE	Tranloc-inter	FAM111B	chr11	58875153	58875153	HS6ST3	chr13	96980318	96980318	58875153588751539698031896980318600MPE	q12.1	q32.1	HS6ST3-FAM111B	N	N	-	-	-	gray	N	NA	NA		N
ASRGL1-CDK8	600MPE	Tranloc-inter	ASRGL1	chr11	62152953	62152953	CDK8	chr13	26895398	26895398	62152953621529532689539826895398600MPE	q12.3	q12.13	CDK8-ASRGL1	N	Y	-	-	-	gray	N	NA	Oncogene		N
RTN3-FAM168A	600MPE	Tranloc-intra	RTN3	chr11	63502850	63502850	FAM168A	chr11	73184231	73184231	63502850635028507318423173184231600MPE	q13.1	q13.4	FAM168A-RTN3	N	Y	-	-	-	gray	N	NA	NA		N
ATL3-ACER3	600MPE	Tranloc-intra	ATL3	chr11	63406923	63406923	ACER3	chr11	76727599	76727599	63406923634069237672759976727599600MPE	q13.1	q13.5	ACER3-ATL3	N	Y	up	-	up-regulated	red	Y	NA	NA		N
RTN3-GAB2	600MPE	Tranloc-intra	RTN3	chr11	63458143	63458143	GAB2	chr11	78105777	78105777	63458143634581437810577778105777600MPE	q13.1	q14.1	GAB2-RTN3	N	Y	-	-	-	gray	N	NA	Oncogene		N
STIP1-AK125463	600MPE	Tranloc-intra	STIP1	chr11	63965123	63965123	AK125463	chr11	70237880	70237880	63965123639651237023788070237880600MPE	q13.1	q13.3	AK125463-STIP1	N	N	-	-	-	gray	N	NA	NA		N
NAALADL1-AK125412	600MPE	Del	NAALADL1	chr11	64817125	64817125	AK125412	chr11	66043167	66043167	64817125648171256604316766043167600MPE	q13.1	q13.2	AK125412-NAALADL1	N	N	up	-	up-regulated	red	Y	NA	NA		N
LOC100130987-LRRC32	600MPE	Tranloc-intra	LOC100130987	chr11	67103617	67103617	LRRC32	chr11	76371525	76371525	67103617671036177637152576371525600MPE	q13.2	q13.5	LRRC32-LOC100130987	N	N	-	up	up-regulated	red	Y	NA	NA		N
LOC100130987-MIR548F5	600MPE	Tranloc-inter	LOC100130987	chr11	67148962	67148962	MIR548F5	chr13	36341386	36341386	67148962671489623634138636341386600MPE	q13.2	q13.3	MIR548F5-LOC100130987	N	N	-	-	-	gray	N	NA	NA		N
CHKA-LRRC32	600MPE	Tranloc-intra	CHKA	chr11	67840511	67840511	LRRC32	chr11	76371525	76371525	67840511678405117637152576371525600MPE	q13.2	q13.5	LRRC32-CHKA	N	N	dn	up	-	gray	N	NA	NA		N
SHANK2-ACER3	600MPE	Tranloc-intra	SHANK2	chr11	70586790	70586790	ACER3	chr11	76727599	76727599	70586790705867907672759976727599600MPE	q13.4	q13.5	ACER3-SHANK2	N	Y	-	-	-	gray	N	NA	NA		N
SHANK2-P2RY6	600MPE	Del	SHANK2	chr11	70586790	70586790	P2RY6	chr11	72984098	72984098	70586790705867907298409872984098600MPE	q13.4	q13.4	P2RY6-SHANK2	N	N	-	-	-	gray	N	NA	NA		N
P2RY6-MYO7A	600MPE	Dup	P2RY6	chr11	72984098	72984098	MYO7A	chr11	76885281	76885281	72984098729840987688528176885281600MPE	q13.4	q13.5	MYO7A-P2RY6	N	N	-	up	up-regulated	red	Y	NA	NA		N
ACER3-INTS4	600MPE	Del	ACER3	chr11	76587153	76587153	INTS4	chr11	77654090	77654090	76587153765871537765409077654090600MPE	q13.5	q14.1	INTS4-ACER3	N	Y	-	-	-	gray	N	NA	NA		N
ACER3-NARS2	600MPE	Del	ACER3	chr11	76727599	76727599	NARS2	chr11	78180368	78180368	76727599767275997818036878180368600MPE	q13.5	q14.1	NARS2-ACER3	Y	Y	-	dn	down-regulated	blue	Y	NA	NA		N
RSF1-GAB2	600MPE	Dup	RSF1	chr11	77482202	77482202	GAB2	chr11	77952559	77952559	77482202774822027795255977952559600MPE	q14.1	q14.1	GAB2-RSF1	N	Y	-	-	-	gray	N	NA	Oncogene		N
INTS4-FAM155A	600MPE	Tranloc-inter	INTS4	chr11	77686209	77686209	FAM155A	chr13	108082009	108082009	7768620977686209108082009108082009600MPE	q14.1	q33.3	FAM155A-INTS4	N	N	-	-	-	gray	N	NA	NA		N
INTS4-ALG8	600MPE	Dup	INTS4	chr11	77655058	77655058	ALG8	chr11	77820800	77820800	77655058776550587782080077820800600MPE	q14.1	q14.1	ALG8-INTS4	N	N	-	-	-	gray	N	NA	NA		N
TENM4-MTUS2	600MPE	Tranloc-inter	TENM4	chr11	78706895	78706895	MTUS2	chr13	29767497	29767497	78706895787068952976749729767497600MPE	q14.1	q12.3	MTUS2-TENM4	N	N	-	up	up-regulated	red	Y	NA	NA	TENM4	Y
TENM4-LINC00457	600MPE	Tranloc-inter	TENM4	chr11	78869284	78869284	LINC00457	chr13	35122650	35122650	78869284788692843512265035122650600MPE	q14.1	q13.2	LINC00457-TENM4	N	N	-	-	-	gray	N	NA	NA	TENM4	N
MIPEP-PAN3	600MPE	Dup	MIPEP	chr13	24317423	24317423	PAN3	chr13	28844801	28844801	24317423243174232884480128844801600MPE	q12.12	q12.2	PAN3-MIPEP	N	N	dn	-	down-regulated	blue	Y	NA	NA		N
TPTE2P6-GPC5	600MPE	Tranloc-intra	TPTE2P6	chr13	25170599	25170599	GPC5	chr13	93144833	93144833	25170599251705999314483393144833600MPE	q12.12	q31.3	GPC5-TPTE2P6	N	N	-	-	-	gray	N	NA	NA		N
SERTM1-FAM155A	600MPE	Tranloc-intra	SERTM1	chr13	37260530	37260530	FAM155A	chr13	108071224	108071224	3726053037260530108071224108071224600MPE	q13.3	q33.3	FAM155A-SERTM1	N	N	-	-	-	gray	N	NA	NA		N
MAG-LOC100505495	600MPE	Tranloc-intra	MAG	chr19	35794766	35794766	LOC100505495	chr19	41968205	41968205	35794766357947664196820541968205600MPE	q13.12	q13.2	LOC100505495-MAG	N	N	-	-	-	gray	N	NA	NA		N
ARVCF-CELSR1	600MPE	Tranloc-intra	ARVCF	chr22	19980941	19980941	CELSR1	chr22	46928205	46928205	19980941199809414692820546928205600MPE	q11.21	q13.31	CELSR1-ARVCF	N	Y	-	-	-	gray	N	NA	NA		N
RTN4R-CYTH4	600MPE	Tranloc-intra	RTN4R	chr22	20228937	20228937	CYTH4	chr22	37695847	37695847	20228937202289373769584737695847600MPE	q11.21	q13.1	CYTH4-RTN4R	N	N	-	-	-	gray	N	NA	NA		N
PI4KA-MKL1	600MPE	Tranloc-intra	PI4KA	chr22	21117215	21117215	MKL1	chr22	40922724	40922724	21117215211172154092272440922724600MPE	q11.21	q13.1	MKL1-PI4KA	N	N	dn	-	down-regulated	blue	Y	NA	NA		N
UBE2L3-APOL1	600MPE	Tranloc-intra	UBE2L3	chr22	21924899	21924899	APOL1	chr22	36658693	36658693	21924899219248993665869336658693600MPE	q11.21	q12.3	APOL1-UBE2L3	N	N	dn	-	down-regulated	blue	Y	NA	NA		N
MPST-MIRLET7BHG	600MPE	Tranloc-intra	MPST	chr22	37419670	37419670	MIRLET7BHG	chr22	46485967	46485967	37419670374196704648596746485967600MPE	q12.3	q13.31	MIRLET7BHG-MPST	N	N	up	up	up-regulated	red	Y	NA	NA		N
CYTH4-MICALL1	600MPE	Del	CYTH4	chr22	37695847	37695847	MICALL1	chr22	38312429	38312429	37695847376958473831242938312429600MPE	q13.1	q13.1	MICALL1-CYTH4	N	N	-	-	-	gray	N	NA	NA		N
PBX1-TULP4	SUM44PE	Tranloc-inter	PBX1	chr1	164820529	164820529	TULP4	chr6	158907271	158907271	164820529164820529158907271158907271SUM44PE	q23.3	q25.3	TULP4-PBX1	N	Y	up	-	up-regulated	red	Y	NA	NA		N
KIDINS220-BRE	SUM44PE	Tranloc-intra	KIDINS220	chr2	8970350	8970350	BRE	chr2	28328377	28328377	897035089703502832837728328377SUM44PE	p25.1	p23.2	BRE-KIDINS220	N	Y	-	-	-	gray	N	NA	NA		N
ASAP2-CPSF3	SUM44PE	Dup	ASAP2	chr2	9396068	9396068	CPSF3	chr2	9592765	9592765	9396068939606895927659592765SUM44PE	p25.1	p25.1	CPSF3-ASAP2	N	N	up	up	up-regulated	red	Y	NA	NA		N
PDGFRA-BC044946	SUM44PE	Dup	PDGFRA	chr4	55162420	55162420	BC044946	chr4	55471360	55471360	55162420551624205547136055471360SUM44PE	q12	q12	BC044946-PDGFRA	N	N	-	-	-	gray	N	Oncogene	NA		N
IL7R-UGT3A2	SUM44PE	Del	IL7R	chr5	35874701	35874701	UGT3A2	chr5	36064967	36064967	35874701358747013606496736064967SUM44PE	p13.2	p13.2	UGT3A2-IL7R	N	N	-	-	-	gray	N	Oncogene	NA		N
ADAM18-IDO2	SUM44PE	Del	ADAM18	chr8	39511616	39511616	IDO2	chr8	39873068	39873068	39511616395116163987306839873068SUM44PE	p11.22	p11.21	IDO2-ADAM18	N	N	-	-	-	gray	N	NA	NA		N
ZMAT4-MTL5	SUM44PE	Tranloc-inter	ZMAT4	chr8	40502197	40502197	MTL5	chr11	68507180	68507180	40502197405021976850718068507180SUM44PE	p11.21	q13.3	MTL5-ZMAT4	N	Y	up	-	up-regulated	red	Y	NA	NA	ZMAT4	Y
ZMAT4-UVRAG	SUM44PE	Tranloc-inter	ZMAT4	chr8	40632492	40632492	UVRAG	chr11	75606833	75606833	40632492406324927560683375606833SUM44PE	p11.21	q13.5	UVRAG-ZMAT4	N	Y	up	up	up-regulated	red	Y	NA	NA	ZMAT4	Y
ANK1-PRKRIR	SUM44PE	Tranloc-inter	ANK1	chr8	41677155	41677155	PRKRIR	chr11	76072808	76072808	41677155416771557607280876072808SUM44PE	p11.21	q13.5	PRKRIR-ANK1	N	N	-	-	-	gray	N	NA	NA		N
KCNK9-TRAPPC9	SUM44PE	Dup	KCNK9	chr8	140688034	140688034	TRAPPC9	chr8	140821926	140821926	140688034140688034140821926140821926SUM44PE	q24.3	q24.3	TRAPPC9-KCNK9	N	N	-	up	up-regulated	red	Y	NA	NA		N
ZNF79-CHD9	SUM44PE	Tranloc-inter	ZNF79	chr9	130202700	130202700	CHD9	chr16	53215367	53215367	1302027001302027005321536753215367SUM44PE	q33.3	q12.2	CHD9-ZNF79	N	N	-	up	up-regulated	red	Y	NA	NA		N
HP11113-CNTN5	SUM44PE	Tranloc-intra	HP11113	chr11	90342214	90342214	CNTN5	chr11	99375738	99375738	90342214903422149937573899375738SUM44PE	q14.3	q22.1	CNTN5-HP11113	N	N	-	-	-	gray	N	NA	NA		N
MIPOL1-C14orf25	SUM44PE	Dup	MIPOL1	chr14	37724262	37724262	C14orf25	chr14	38390771	38390771	37724262377242623839077138390771SUM44PE	q13.3	q21.1	C14orf25-MIPOL1	N	N	-	-	-	gray	N	NA	NA		N
MAPK1-AK131325	SUM44PE	Del	MAPK1	chr22	22128414	22128414	AK131325	chr22	22352135	22352135	22128414221284142235213522352135SUM44PE	q11.21	q11.22	AK131325-MAPK1	N	Y	dn	-	down-regulated	blue	Y	Oncogene	NA		N
NBPF6-FAM102B	WCRC25	Dup	NBPF6	chr1	109012284	109012284	FAM102B	chr1	109141248	109141248	109012284109012284109141248109141248WCRC25	p13.3	p13.3	FAM102B-NBPF6	N	N	-	-	-	gray	N	NA	NA		N
GATAD2B-SWT1	WCRC25	Tranloc-intra	GATAD2B	chr1	153828818	153828818	SWT1	chr1	185177664	185177664	153828818153828818185177664185177664WCRC25	q21.3	q25.3	SWT1-GATAD2B	N	Y	-	dn	down-regulated	blue	Y	NA	NA		N
HMCN1-PLA2G4A	WCRC25	Del	HMCN1	chr1	185844635	185844635	PLA2G4A	chr1	186912094	186912094	185844635185844635186912094186912094WCRC25	q31.1	q31.1	PLA2G4A-HMCN1	N	Y	-	-	-	gray	N	NA	NA		N
LPHN3-UTP20	WCRC25	Tranloc-inter	LPHN3	chr4	62930714	62930714	UTP20	chr12	101766747	101766747	6293071462930714101766747101766747WCRC25	q13.1	q23.2	UTP20-LPHN3	N	N	-	up	up-regulated	red	Y	NA	NA		N
ZFAND3-EPC1	WCRC25	Tranloc-inter	ZFAND3	chr6	37890959	37890959	EPC1	chr10	32594579	32594579	37890959378909593259457932594579WCRC25	p21.2	p11.22	EPC1-ZFAND3	N	N	-	dn	down-regulated	blue	Y	NA	NA		N
LRRC1-AK056584	WCRC25	Dup	LRRC1	chr6	53682383	53682383	AK056584	chr6	53837560	53837560	53682383536823835383756053837560WCRC25	p12.1	p12.1	AK056584-LRRC1	N	Y	up	-	up-regulated	red	Y	NA	NA		N
ELK3-PPTC7	WCRC25	Tranloc-intra	ELK3	chr12	96619111	96619111	PPTC7	chr12	111008083	111008083	9661911196619111111008083111008083WCRC25	q23.1	q24.11	PPTC7-ELK3	N	N	-	dn	down-regulated	blue	Y	NA	NA		N
PARPBP-MID2	WCRC25	Tranloc-inter	PARPBP	chr12	102563462	102563462	MID2	chrX	107116859	107116859	102563462102563462107116859107116859WCRC25	q23.2	q22.3	MID2-PARPBP	N	N	dn	-	down-regulated	blue	Y	NA	NA		N
FSIP1-MKL2	WCRC25	Tranloc-inter	FSIP1	chr15	40021772	40021772	MKL2	chr16	14356572	14356572	40021772400217721435657214356572WCRC25	q14	p13.12	MKL2-FSIP1	N	Y	-	-	-	gray	N	NA	NA		N
TRPV2-ARSG	WCRC25	Tranloc-intra	TRPV2	chr17	16332600	16332600	ARSG	chr17	66396269	66396269	16332600163326006639626966396269WCRC25	p11.2	q24.2	ARSG-TRPV2	N	N	-	up	up-regulated	red	Y	NA	NA		N
MYO18A-MRC2	WCRC25	Tranloc-intra	MYO18A	chr17	27402986	27402986	MRC2	chr17	60717082	60717082	27402986274029866071708260717082WCRC25	q11.2	q23.2	MRC2-MYO18A	N	Y	-	-	-	gray	N	NA	NA		N
ASIC2-PPM1E	WCRC25	Tranloc-intra	ASIC2	chr17	32077842	32077842	PPM1E	chr17	56918623	56918623	32077842320778425691862356918623WCRC25	q12	q22	PPM1E-ASIC2	N	N	-	up	up-regulated	red	Y	NA	NA		N
MSI2-TEX14	WCRC25	Del	MSI2	chr17	55655097	55655097	TEX14	chr17	56731701	56731701	55655097556550975673170156731701WCRC25	q22	q22	TEX14-MSI2	N	Y	up	-	up-regulated	red	Y	Oncogene	NA		N
TRIM37-RGS9	WCRC25	Tranloc-intra	TRIM37	chr17	57161515	57161515	RGS9	chr17	63164156	63164156	57161515571615156316415663164156WCRC25	q22	q24.1	RGS9-TRIM37	N	N	up	-	up-regulated	red	Y	NA	NA		N
PPM1E-ERN1	WCRC25	Dup	PPM1E	chr17	56933960	56933960	ERN1	chr17	62135234	62135234	56933960569339606213523462135234WCRC25	q22	q23.3	ERN1-PPM1E	N	N	up	up	up-regulated	red	Y	NA	NA		N
LRRC37A3-GNA13	WCRC25	Del	LRRC37A3	chr17	62865143	62865143	GNA13	chr17	63049397	63049397	62865143628651436304939763049397WCRC25	q24.1	q24.1	GNA13-LRRC37A3	N	N	up	up	up-regulated	red	Y	NA	Oncogene		N
HIC2-TMEM191C	WCRC25	Del	HIC2	chr22	21779032	21779032	TMEM191C	chr22	21822800	21822800	21779032217790322182280021822800WCRC25	q11.21	q11.21	TMEM191C-HIC2	N	N	-	-	-	gray	N	NA	NA		N
MORC4-NUP62CL	WCRC25	Dup	MORC4	chrX	106178353	106178353	NUP62CL	chrX	106387116	106387116	106178353106178353106387116106387116WCRC25	q22.3	q22.3	NUP62CL-MORC4	N	N	-	dn	down-regulated	blue	Y	NA	NA		N
LRP5-MAP6	BCK4	Tranloc-intra	LRP5	chr11	68160514	68160514	MAP6	chr11	75311093	75311093	68160514681605147531109375311093BCK4	q13.2	q13.5	MAP6-LRP5	N	N	-	up	up-regulated	red	Y	TSG	NA		N
XRCC4-FBXL17	BCK4	Tranloc-intra	XRCC4	chr5	82496299	82496299	FBXL17	chr5	107441575	107441575	8249629982496299107441575107441575BCK4	q14.2	q21.3	FBXL17-XRCC4	N	N	-	-	-	gray	N	NA	NA		N
ABCB1-LOC646329	BCK4	Tranloc-intra	ABCB1	chr7	87290271	87290271	LOC646329	chr7	130595839	130595839	8729027187290271130595839130595839BCK4	q21.12	q32.3	LOC646329-ABCB1	N	N	up	-	up-regulated	red	Y	NA	NA	ABCB1	Y
SLC16A1-NGF	CAMA1	Del	SLC16A1	chr1	113470493	113470493	NGF	chr1	115844506	115844506	113470493113470493115844506115844506CAMA1	p13.2	p13.2	NGF-SLC16A1	N	N	-	-	-	gray	N	NA	NA		N
PDPK1-KCTD5	CAMA1	Del	PDPK1	chr16	2645998	2645998	KCTD5	chr16	2735812	2735812	2645998264599827358122735812CAMA1	p13.3	p13.3	KCTD5-PDPK1	N	N	-	-	-	gray	N	NA	NA		N
EP300-L3MBTL2	CAMA1	Del	EP300	chr22	41564395	41564395	L3MBTL2	chr22	41604067	41604067	41564395415643954160406741604067CAMA1	q13.2	q13.2	L3MBTL2-EP300	N	N	-	up	up-regulated	red	Y	TSG	NA		N
ZNF644-AF086303	CAMA1	Tranloc-inter	ZNF644	chr1	91484185	91484185	AF086303	chr6	74858315	74858315	91484185914841857485831574858315CAMA1	p22.2	q13	AF086303-ZNF644	N	N	-	-	-	gray	N	NA	NA		N
SLC12A2-TPD52	CAMA1	Tranloc-inter	SLC12A2	chr5	127427082	127427082	TPD52	chr8	80974645	80974645	1274270821274270828097464580974645CAMA1	q23.3	q21.13	TPD52-SLC12A2	N	N	-	-	-	gray	N	NA	NA		N
ADAM32-XRRA1	CAMA1	Tranloc-inter	ADAM32	chr8	39056391	39056391	XRRA1	chr11	74590393	74590393	39056391390563917459039374590393CAMA1	p11.22	q13.4	XRRA1-ADAM32	N	N	-	up	up-regulated	red	Y	NA	NA	ADAM32	Y
CORO1B-XRRA1	CAMA1	Tranloc-intra	CORO1B	chr11	67208130	67208130	XRRA1	chr11	74587195	74587195	67208130672081307458719574587195CAMA1	q13.2	q13.4	XRRA1-CORO1B	N	N	-	up	up-regulated	red	Y	NA	NA		N
CHKA-BC048427	CAMA1	Tranloc-intra	CHKA	chr11	67825900	67825900	BC048427	chr11	74024908	74024908	67825900678259007402490874024908CAMA1	q13.2	q13.4	BC048427-CHKA	N	N	-	-	-	gray	N	NA	NA		N
ST7-PRKAG2	CAMA1	Tranloc-intra	ST7	chr7	116658657	116658657	PRKAG2	chr7	151382771	151382771	116658657116658657151382771151382771CAMA1	q31.2	q36.1	PRKAG2-ST7	N	N	dn	-	down-regulated	blue	Y	NA	NA		N
SLC20A2-ST18	CAMA1	Tranloc-intra	SLC20A2	chr8	42306064	42306064	ST18	chr8	53120261	53120261	42306064423060645312026153120261CAMA1	p11.21	q11.23	ST18-SLC20A2	N	N	up	-	up-regulated	red	Y	NA	NA		N
EP400-GALNT9	CAMA1	Dup	EP400	chr12	132550888	132550888	GALNT9	chr12	132683427	132683427	132550888132550888132683427132683427CAMA1	q24.33	q24.33	GALNT9-EP400	N	N	-	-	-	gray	N	TSG	NA		N
CLCN6-TNFRSF8	CAMA1	Dup	CLCN6	chr1	11872087	11872087	TNFRSF8	chr1	12149098	12149098	11872087118720871214909812149098CAMA1	p36.22	p36.22	TNFRSF8-CLCN6	N	N	-	-	-	gray	N	NA	NA		N
CPEB3-IDE	CAMA1	Dup	CPEB3	chr10	94023382	94023382	IDE	chr10	94211951	94211951	94023382940233829421195194211951CAMA1	q23.32	q23.33	IDE-CPEB3	N	N	-	-	-	gray	N	NA	NA		N
ETFB-PPP2R1A	CAMA1	Dup	ETFB	chr19	51854674	51854674	PPP2R1A	chr19	52708508	52708508	51854674518546745270850852708508CAMA1	q13.41	q13.41	PPP2R1A-ETFB	N	N	-	-	-	gray	N	NA	TSG		N
SRPRB-SLCO2A1	CAMA1	Dup	SRPRB	chr3	133530821	133530821	SLCO2A1	chr3	133711837	133711837	133530821133530821133711837133711837CAMA1	q22.1	q22.2	SLCO2A1-SRPRB	N	N	-	-	-	gray	N	NA	NA		N
CCDC170-RGS17	CAMA1	Dup	CCDC170	chr6	151842772	151842772	RGS17	chr6	153352850	153352850	151842772151842772153352850153352850CAMA1	q25.1	q25.2	RGS17-CCDC170	N	N	up	-	up-regulated	red	Y	NA	NA		N
PCM1-PSD3	CAMA1	Dup	PCM1	chr8	17821179	17821179	PSD3	chr8	18585320	18585320	17821179178211791858532018585320CAMA1	p22	p22	PSD3-PCM1	N	N	-	-	-	gray	N	NA	NA		N
COL5A1-EHMT1	CAMA1	Dup	COL5A1	chr9	137634135	137634135	EHMT1	chr9	140640798	140640798	137634135137634135140640798140640798CAMA1	q34.3	q34.3	EHMT1-COL5A1	N	N	up	-	up-regulated	red	Y	NA	NA		N
GATAD2B-NUP210L	HCC2185	Del	GATAD2B	chr1	153852589	153852589	NUP210L	chr1	153994442	153994442	153852589153852589153994442153994442HCC2185	q21.3	q21.3	NUP210L-GATAD2B	Y	Y	-	-	-	gray	N	NA	NA		N
NT5C2-BC040734	HCC2185	Del	NT5C2	chr10	104899136	104899136	BC040734	chr10	104983818	104983818	104899136104899136104983818104983818HCC2185	q24.32	q24.33	BC040734-NT5C2	N	N	-	-	-	gray	N	Oncogene	NA		N
GAB2-TENM4	HCC2185	Del	GAB2	chr11	77952559	77952559	TENM4	chr11	78969763	78969763	77952559779525597896976378969763HCC2185	q14.1	q14.1	TENM4-GAB2	N	Y	-	-	-	gray	N	Oncogene	NA	TENM4	N
ANKS1B-SLC17A8	HCC2185	Del	ANKS1B	chr12	100238893	100238893	SLC17A8	chr12	100753042	100753042	100238893100238893100753042100753042HCC2185	q23.1	q23.1	SLC17A8-ANKS1B	N	N	-	-	-	gray	N	NA	NA		N
FAM101A-NCOR2	HCC2185	Del	FAM101A	chr12	124779184	124779184	NCOR2	chr12	125021126	125021126	124779184124779184125021126125021126HCC2185	q24.31	q24.31	NCOR2-FAM101A	N	N	-	dn	down-regulated	blue	Y	NA	NA		N
SPATS2-BCDIN3D	HCC2185	Del	SPATS2	chr12	49831787	49831787	BCDIN3D	chr12	50232581	50232581	49831787498317875023258150232581HCC2185	q13.12	q13.12	BCDIN3D-SPATS2	N	N	dn	-	down-regulated	blue	Y	NA	NA		N
USP3-DAPK2	HCC2185	Del	USP3	chr15	63834747	63834747	DAPK2	chr15	64199715	64199715	63834747638347476419971564199715HCC2185	q22.31	q22.31	DAPK2-USP3	N	N	-	-	-	gray	N	NA	NA		N
CSNK1G1-TRIP4	HCC2185	Del	CSNK1G1	chr15	64583819	64583819	TRIP4	chr15	64713945	64713945	64583819645838196471394564713945HCC2185	q22.31	q22.31	TRIP4-CSNK1G1	N	N	dn	dn	down-regulated	blue	Y	NA	NA		N
SMPD3-CDH1	HCC2185	Del	SMPD3	chr16	68466370	68466370	CDH1	chr16	68789380	68789380	68466370684663706878938068789380HCC2185	q22.1	q22.1	CDH1-SMPD3	N	N	-	dn	down-regulated	blue	Y	NA	TSG	CDH1	Y
BCAS4-TSHZ2	HCC2185	Del	BCAS4	chr20	49478632	49478632	TSHZ2	chr20	51900818	51900818	49478632494786325190081851900818HCC2185	q13.13	q13.2	TSHZ2-BCAS4	N	N	-	up	up-regulated	red	Y	NA	NA		N
PKDREJ-FAM19A5	HCC2185	Del	PKDREJ	chr22	46654525	46654525	FAM19A5	chr22	49126955	49126955	46654525466545254912695549126955HCC2185	q13.31	q13.32	FAM19A5-PKDREJ	N	N	-	-	-	gray	N	NA	NA		N
DEPDC1B-ELOVL7	HCC2185	Del	DEPDC1B	chr5	59973883	59973883	ELOVL7	chr5	60065249	60065249	59973883599738836006524960065249HCC2185	q12.1	q12.1	ELOVL7-DEPDC1B	N	N	dn	-	down-regulated	blue	Y	NA	NA		N
SAMD12-SAMD12-AS1	HCC2185	Del	SAMD12	chr8	119614270	119614270	SAMD12	chr8	119654268	119654268	119614270119614270119654268119654268HCC2185	q24.12	q24.12	SAMD12-SAMD12	N	N	up	up	up-regulated	red	Y	NA	NA		N
AGO2-PTK2	HCC2185	Del	AGO2	chr8	141621578	141621578	PTK2	chr8	141985155	141985155	141621578141621578141985155141985155HCC2185	q24.3	q24.3	PTK2-AGO2	N	N	-	-	-	gray	N	NA	NA		N
SLC2A8-FAM129B	HCC2185	Del	SLC2A8	chr9	130168275	130168275	FAM129B	chr9	130286509	130286509	130168275130168275130286509130286509HCC2185	q33.3	q33.3	FAM129B-SLC2A8	N	Y	-	-	-	gray	N	NA	NA		N
GNA14-GNAQ	HCC2185	Del	GNA14	chr9	80160023	80160023	GNAQ	chr9	80434977	80434977	80160023801600238043497780434977HCC2185	q21.2	q21.2	GNAQ-GNA14	N	N	up	-	up-regulated	red	Y	NA	Oncogene		N
MCCC1-EXT1	HCC2185	Tranloc-inter	MCCC1	chr3	182800243	182800243	EXT1	chr8	118904500	118904500	182800243182800243118904500118904500HCC2185	q27.1	q24.11	EXT1-MCCC1	N	N	-	up	up-regulated	red	Y	NA	NA		N
ALG3-LOC284757	HCC2185	Tranloc-inter	ALG3	chr3	183966062	183966062	LOC284757	chr20	58954661	58954661	1839660621839660625895466158954661HCC2185	q27.1	q13.33	LOC284757-ALG3	N	N	up	-	up-regulated	red	Y	NA	NA		N
IL17RB-KIAA1244	HCC2185	Tranloc-inter	IL17RB	chr3	53880976	53880976	KIAA1244	chr6	138605223	138605223	5388097653880976138605223138605223HCC2185	p21.1	q23.3	KIAA1244-IL17RB	N	N	dn	-	down-regulated	blue	Y	NA	NA		N
TRDN-NETO1	HCC2185	Tranloc-inter	TRDN	chr6	123701457	123701457	NETO1	chr18	70477807	70477807	1237014571237014577047780770477807HCC2185	q22.31	q22.3	NETO1-TRDN	N	N	-	-	-	gray	N	NA	NA		N
LAMA2-TRPS1	HCC2185	Tranloc-inter	LAMA2	chr6	129246026	129246026	TRPS1	chr8	116512560	116512560	129246026129246026116512560116512560HCC2185	q22.33	q23.3	TRPS1-LAMA2	N	N	-	up	up-regulated	red	Y	NA	NA	TRPS1	Y
AHI1-TTLL11	HCC2185	Tranloc-inter	AHI1	chr6	135795235	135795235	TTLL11	chr9	124618836	124618836	135795235135795235124618836124618836HCC2185	q23.3	q33.2	TTLL11-AHI1	N	N	-	up	up-regulated	red	Y	NA	NA		N
VPS13B-LARP4B	HCC2185	Tranloc-inter	VPS13B	chr8	100079870	100079870	LARP4B	chr10	957462	957462	100079870100079870957462957462HCC2185	q22.2	p15.3	LARP4B-VPS13B	N	N	up	-	up-regulated	red	Y	NA	NA		N
PKHD1L1-MELK	HCC2185	Tranloc-inter	PKHD1L1	chr8	110405902	110405902	MELK	chr9	36599346	36599346	1104059021104059023659934636599346HCC2185	q23.1	p13.2	MELK-PKHD1L1	N	N	-	up	up-regulated	red	Y	NA	NA		N
UTP23-NUP188	HCC2185	Tranloc-inter	UTP23	chr8	117783151	117783151	NUP188	chr9	131765974	131765974	117783151117783151131765974131765974HCC2185	q24.11	q34.11	NUP188-UTP23	N	N	up	-	up-regulated	red	Y	NA	NA		N
FAM49B-TTLL11	HCC2185	Tranloc-inter	FAM49B	chr8	130915063	130915063	TTLL11	chr9	124800385	124800385	130915063130915063124800385124800385HCC2185	q24.21	q33.2	TTLL11-FAM49B	N	N	-	up	up-regulated	red	Y	NA	NA		N
STK3-SNAP25-AS1	HCC2185	Tranloc-inter	STK3	chr8	99755082	99755082	SNAP25	chr20	10111199	10111199	99755082997550821011119910111199HCC2185	q22.2	p12.2	SNAP25-STK3	N	N	up	-	up-regulated	red	Y	NA	NA		N
PTPRD-MACROD2	HCC2185	Tranloc-inter	PTPRD	chr9	9467910	9467910	MACROD2	chr20	15519866	15519866	946791094679101551986615519866HCC2185	p23	p12.1	MACROD2-PTPRD	N	N	-	-	-	gray	N	TSG	NA		N
PROKR2-B4GALT5	HCC2185	Tranloc-intra	PROKR2	chr20	5289053	5289053	B4GALT5	chr20	48305390	48305390	528905352890534830539048305390HCC2185	p12.3	q13.13	B4GALT5-PROKR2	N	N	up	-	up-regulated	red	Y	NA	NA		N
TAF2-NSMCE2	HCC2185	Tranloc-intra	TAF2	chr8	120830576	120830576	NSMCE2	chr8	126273893	126273893	120830576120830576126273893126273893HCC2185	q24.12	q24.13	NSMCE2-TAF2	N	N	up	-	up-regulated	red	Y	NA	NA		N
SLC5A1-C22orf42	HCC2185	Dup	SLC5A1	chr22	32504003	32504003	C22orf42	chr22	32554611	32554611	32504003325040033255461132554611HCC2185	q12.3	q12.3	C22orf42-SLC5A1	N	N	up	-	up-regulated	red	Y	NA	NA		N
IFT74-TEK	HCC2185	Dup	IFT74	chr9	27059589	27059589	TEK	chr9	27180604	27180604	27059589270595892718060427180604HCC2185	p21.2	p21.2	TEK-IFT74	N	N	up	-	up-regulated	red	Y	NA	NA		N
TSHR-STON2	HCC2185	Dup	TSHR	chr14	81487632	81487632	STON2	chr14	81763238	81763238	81487632814876328176323881763238HCC2185	q31.1	q31.1	STON2-TSHR	N	N	-	-	-	gray	N	Oncogene	NA		N
ZDHHC14-SYNJ2	HCC2185	Dup	ZDHHC14	chr6	157969847	157969847	SYNJ2	chr6	158502750	158502750	157969847157969847158502750158502750HCC2185	q25.3	q25.3	SYNJ2-ZDHHC14	N	N	-	-	-	gray	N	NA	NA		N
TRPS1-EXT1	HCC2185	Dup	TRPS1	chr8	116446745	116446745	EXT1	chr8	118846375	118846375	116446745116446745118846375118846375HCC2185	q23.3	q24.11	EXT1-TRPS1	N	N	up	up	up-regulated	red	Y	NA	NA	TRPS1	Y
DAB2IP-TTLL11	HCC2185	Dup	DAB2IP	chr9	124490922	124490922	TTLL11	chr9	124622401	124622401	124490922124490922124622401124622401HCC2185	q33.2	q33.2	TTLL11-DAB2IP	N	N	up	up	up-regulated	red	Y	NA	NA		N
PRSS3-UNC13B	HCC2185	Dup	PRSS3	chr9	33763199	33763199	UNC13B	chr9	35211365	35211365	33763199337631993521136535211365HCC2185	p13.3	p13.3	UNC13B-PRSS3	N	N	up	up	up-regulated	red	Y	NA	NA		N
CCL19-ZCCHC7	HCC2185	Dup	CCL19	chr9	34690782	34690782	ZCCHC7	chr9	37224181	37224181	34690782346907823722418137224181HCC2185	p13.3	p13.2	ZCCHC7-CCL19	N	N	-	up	up-regulated	red	Y	NA	NA		N
CCDC34-LGR4	MDAMB468	Del	CCDC34	chr11	27372129	27372129	LGR4	chr11	27445962	27445962	27372129273721292744596227445962MDAMB468	p14.1	p14.1	LGR4-CCDC34	N	N	up	up	up-regulated	red	Y	NA	NA		N
KIF18A-METTL15	MDAMB468	Del	KIF18A	chr11	28117474	28117474	METTL15	chr11	28202190	28202190	28117474281174742820219028202190MDAMB468	p14.1	p14.1	METTL15-KIF18A	N	N	up	up	up-regulated	red	Y	NA	NA		N
FAM194B-CAB39L	MDAMB468	Del	FAM194B	chr13	46142081	46142081	CAB39L	chr13	49970478	49970478	46142081461420814997047849970478MDAMB468	q14.13	q14.2	CAB39L-FAM194B	N	N	-	-	-	gray	N	NA	NA		N
RB1-RCBTB2	MDAMB468	Del	RB1	chr13	48884933	48884933	RCBTB2	chr13	49074922	49074922	48884933488849334907492249074922MDAMB468	q14.2	q14.2	RCBTB2-RB1	N	N	dn	dn	down-regulated	blue	Y	TSG	NA		N
CDIP1-SEC14L5	MDAMB468	Del	CDIP1	chr16	4560933	4560933	SEC14L5	chr16	5010987	5010987	4560933456093350109875010987MDAMB468	p13.3	p13.3	SEC14L5-CDIP1	N	N	dn	up	-	gray	N	NA	NA		N
CDC25B-PANK2	MDAMB468	Del	CDC25B	chr20	3777736	3777736	PANK2	chr20	3897120	3897120	3777736377773638971203897120MDAMB468	p13	p13	PANK2-CDC25B	N	N	-	-	-	gray	N	NA	NA		N
PPP4R1L-RAB22A	MDAMB468	Del	PPP4R1L	chr20	56833801	56833801	RAB22A	chr20	56891732	56891732	56833801568338015689173256891732MDAMB468	q13.32	q13.32	RAB22A-PPP4R1L	N	N	-	dn	down-regulated	blue	Y	NA	NA		N
KIAA1644-FBLN1	MDAMB468	Del	KIAA1644	chr22	44694065	44694065	FBLN1	chr22	45932890	45932890	44694065446940654593289045932890MDAMB468	q13.31	q13.31	FBLN1-KIAA1644	N	N	-	-	-	gray	N	NA	NA		N
LPP-AS2-LPP	MDAMB468	Del	LPP	chr3	187870387	187870387	AS2	chr3	188017225	188017225	187870387187870387188017225188017225MDAMB468	q27.3	q28	AS2-LPP	N	N	-	-	-	gray	N	NA	NA		N
MAN1A1-LOC285762	MDAMB468	Del	MAN1A1	chr6	119670554	119670554	LOC285762	chr6	119784988	119784988	119670554119670554119784988119784988MDAMB468	q22.31	q22.31	LOC285762-MAN1A1	N	N	up	-	up-regulated	red	Y	NA	NA		N
NCALD-AK127183	MDAMB468	Del	NCALD	chr8	103125827	103125827	AK127183	chr8	103821673	103821673	103125827103125827103821673103821673MDAMB468	q22.3	q22.3	AK127183-NCALD	N	N	-	-	-	gray	N	NA	NA		N
BLOC1S3-CRLS1	MDAMB468	Tranloc-inter	BLOC1S3	chr19	45685047	45685047	CRLS1	chr20	6005717	6005717	456850474568504760057176005717MDAMB468	q13.32	p12.3	CRLS1-BLOC1S3	N	N	-	-	-	gray	N	NA	NA		N
EXOC3L2-LRRN4	MDAMB468	Tranloc-inter	EXOC3L2	chr19	45722729	45722729	LRRN4	chr20	6027435	6027435	457227294572272960274356027435MDAMB468	q13.32	p12.3	LRRN4-EXOC3L2	N	N	up	-	up-regulated	red	Y	NA	NA		N
PRDM2-MACF1	MDAMB468	Tranloc-intra	PRDM2	chr1	14120811	14120811	MACF1	chr1	39630902	39630902	14120811141208113963090239630902MDAMB468	p36.21	p34.3	MACF1-PRDM2	N	N	up	up	up-regulated	red	Y	NA	NA		N
HP1BP3-TRIM62	MDAMB468	Tranloc-intra	HP1BP3	chr1	21107779	21107779	TRIM62	chr1	33630282	33630282	21107779211077793363028233630282MDAMB468	p36.12	p35.1	TRIM62-HP1BP3	N	N	-	-	-	gray	N	NA	NA		N
ARID1A-IPP	MDAMB468	Tranloc-intra	ARID1A	chr1	27047062	27047062	IPP	chr1	46203447	46203447	27047062270470624620344746203447MDAMB468	p36.11	p34.1	IPP-ARID1A	N	Y	-	-	-	gray	N	TSG	NA		N
MEGF6-AGBL4	MDAMB468	Tranloc-intra	MEGF6	chr1	3430387	3430387	AGBL4	chr1	49530136	49530136	343038734303874953013649530136MDAMB468	p36.32	p33	AGBL4-MEGF6	N	N	-	-	-	gray	N	NA	NA		N
GRIK3-AGBL4	MDAMB468	Tranloc-intra	GRIK3	chr1	37430592	37430592	AGBL4	chr1	49437442	49437442	37430592374305924943744249437442MDAMB468	p34.3	p33	AGBL4-GRIK3	N	N	-	-	-	gray	N	NA	NA		N
INVS-MAPKAP1	MDAMB468	Tranloc-intra	INVS	chr9	102911648	102911648	MAPKAP1	chr9	128465627	128465627	102911648102911648128465627128465627MDAMB468	q31.1	q33.3	MAPKAP1-INVS	N	N	-	-	-	gray	N	NA	NA		N
RNF24-BC027448	MDAMB468	Dup	RNF24	chr20	3980487	3980487	BC027448	chr20	4102176	4102176	3980487398048741021764102176MDAMB468	p13	p13	BC027448-RNF24	N	N	-	-	-	gray	N	NA	NA		N
KRI1-DNM2	MDAMB468	Dup	KRI1	chr19	10674435	10674435	DNM2	chr19	10845528	10845528	10674435106744351084552810845528MDAMB468	p13.2	p13.2	DNM2-KRI1	N	N	up	up	up-regulated	red	Y	NA	NA		N
C9orf24-DNAI1	MDAMB468	Dup	C9orf24	chr9	34379463	34379463	DNAI1	chr9	34493111	34493111	34379463343794633449311134493111MDAMB468	p13.3	p13.3	DNAI1-C9orf24	N	N	-	-	-	gray	N	NA	NA		N
UBR5-DCAF13	MDAMB468	Dup	UBR5	chr8	103404743	103404743	DCAF13	chr8	104430677	104430677	103404743103404743104430677104430677MDAMB468	q22.3	q22.3	DCAF13-UBR5	N	N	dn	dn	down-regulated	blue	Y	Oncogene	NA		N
ST7L-RHOC	OCUBM	Del	ST7L	chr1	113159608	113159608	RHOC	chr1	113248707	113248707	113159608113159608113248707113248707OCUBM	p13.2	p13.2	RHOC-ST7L	N	N	dn	dn	down-regulated	blue	Y	NA	NA		N
KLHL1-KLF12	OCUBM	Del	KLHL1	chr13	70548295	70548295	KLF12	chr13	74305852	74305852	70548295705482957430585274305852OCUBM	q21.33	q22.1	KLF12-KLHL1	N	N	up	-	up-regulated	red	Y	NA	NA		N
TBC1D10B-ZNF48	OCUBM	Del	TBC1D10B	chr16	30378112	30378112	ZNF48	chr16	30403992	30403992	30378112303781123040399230403992OCUBM	p11.2	p11.2	ZNF48-TBC1D10B	N	N	-	-	-	gray	N	NA	NA		N
SEC23B-DTD1	OCUBM	Del	SEC23B	chr20	18520220	18520220	DTD1	chr20	18585694	18585694	18520220185202201858569418585694OCUBM	p11.23	p11.23	DTD1-SEC23B	N	N	-	-	-	gray	N	NA	NA		N
RBCK1-TBC1D20	OCUBM	Del	RBCK1	chr20	392386	392386	TBC1D20	chr20	438941	438941	392386392386438941438941OCUBM	p13	p13	TBC1D20-RBCK1	N	N	-	-	-	gray	N	NA	NA		N
GPR143-SHROOM2	OCUBM	Del	GPR143	chrX	9700158	9700158	SHROOM2	chrX	9881995	9881995	9700158970015898819959881995OCUBM	p22.2	p22.2	SHROOM2-GPR143	N	N	dn	dn	down-regulated	blue	Y	NA	NA		N
PCDH1-LOC729080	OCUBM	Del	PCDH1	chr5	141253525	141253525	LOC729080	chr5	141275421	141275421	141253525141253525141275421141275421OCUBM	q31.3	q31.3	LOC729080-PCDH1	N	N	-	-	-	gray	N	NA	NA		N
NUP155-WDR70	OCUBM	Del	NUP155	chr5	37347246	37347246	WDR70	chr5	37380846	37380846	37347246373472463738084637380846OCUBM	p13.2	p13.2	WDR70-NUP155	N	Y	up	up	up-regulated	red	Y	NA	NA		N
PDSS2-SEC63	OCUBM	Del	PDSS2	chr6	107678633	107678633	SEC63	chr6	108238336	108238336	107678633107678633108238336108238336OCUBM	q21	q21	SEC63-PDSS2	N	N	up	up	up-regulated	red	Y	NA	NA		N
TNFRSF10A-LOC389641	OCUBM	Del	TNFRSF10A	chr8	23070843	23070843	LOC389641	chr8	23084402	23084402	23070843230708432308440223084402OCUBM	p21.3	p21.3	LOC389641-TNFRSF10A	N	N	-	-	-	gray	N	NA	NA		N
HSD3BP4-LOC339862	OCUBM	Tranloc-inter	HSD3BP4	chr1	120108437	120108437	LOC339862	chr3	18069832	18069832	1201084371201084371806983218069832OCUBM	p12	p24.3	LOC339862-HSD3BP4	N	N	-	-	-	gray	N	NA	NA		N
MYL6-TBC1D2B	OCUBM	Tranloc-inter	MYL6	chr12	56553232	56553232	TBC1D2B	chr15	78334069	78334069	56553232565532327833406978334069OCUBM	q13.2	q25.1	TBC1D2B-MYL6	N	N	-	-	-	gray	N	NA	NA		N
SMARCC2-TBC1D2B	OCUBM	Tranloc-inter	SMARCC2	chr12	56556563	56556563	TBC1D2B	chr15	78312456	78312456	56556563565565637831245678312456OCUBM	q13.2	q25.1	TBC1D2B-SMARCC2	N	N	-	-	-	gray	N	NA	NA		N
STPG2-CMBL	OCUBM	Tranloc-inter	STPG2	chr4	98870203	98870203	CMBL	chr5	10299445	10299445	98870203988702031029944510299445OCUBM	q23	p15.2	CMBL-STPG2	N	N	up	-	up-regulated	red	Y	NA	NA		N
FLJ16171-INTS6	OCUBM	Tranloc-inter	FLJ16171	chr5	174352586	174352586	INTS6	chr13	52023958	52023958	1743525861743525865202395852023958OCUBM	q35.2	q14.3	INTS6-FLJ16171	N	N	-	-	-	gray	N	NA	NA		N
MAP3K1-KRT37	OCUBM	Tranloc-inter	MAP3K1	chr5	56167625	56167625	KRT37	chr17	39578016	39578016	56167625561676253957801639578016OCUBM	q11.2	q21.2	KRT37-MAP3K1	N	N	up	-	up-regulated	red	Y	TSG	NA		N
CPQ-STAG2	OCUBM	Tranloc-inter	CPQ	chr8	97970677	97970677	STAG2	chrX	123229823	123229823	9797067797970677123229823123229823OCUBM	q22.1	q25	STAG2-CPQ	N	N	dn	dn	down-regulated	blue	Y	NA	TSG		N
CTNNA3-CAMK2G	OCUBM	Tranloc-intra	CTNNA3	chr10	68297852	68297852	CAMK2G	chr10	75623418	75623418	68297852682978527562341875623418OCUBM	q21.3	q22.2	CAMK2G-CTNNA3	N	N	-	-	-	gray	N	NA	NA		N
PPP3CB-NRG3	OCUBM	Tranloc-intra	PPP3CB	chr10	75208289	75208289	NRG3	chr10	84158884	84158884	75208289752082898415888484158884OCUBM	q22.2	q23.1	NRG3-PPP3CB	N	N	-	-	-	gray	N	NA	NA		N
WDFY2-KLHL1	OCUBM	Tranloc-intra	WDFY2	chr13	52263215	52263215	KLHL1	chr13	70382468	70382468	52263215522632157038246870382468OCUBM	q14.3	q21.33	KLHL1-WDFY2	N	N	-	up	up-regulated	red	Y	NA	NA		N
ATP7B-KLF12	OCUBM	Tranloc-intra	ATP7B	chr13	52535636	52535636	KLF12	chr13	74431651	74431651	52535636525356367443165174431651OCUBM	q14.3	q22.1	KLF12-ATP7B	N	N	-	-	-	gray	N	NA	NA		N
ADAMTS12-HCN1	OCUBM	Tranloc-intra	ADAMTS12	chr5	33884881	33884881	HCN1	chr5	45418839	45418839	33884881338848814541883945418839OCUBM	p13.2	p12	HCN1-ADAMTS12	N	N	-	-	-	gray	N	NA	NA		N
WDR70-HCN1	OCUBM	Tranloc-intra	WDR70	chr5	37704486	37704486	HCN1	chr5	45371187	45371187	37704486377044864537118745371187OCUBM	p13.2	p12	HCN1-WDR70	N	N	up	-	up-regulated	red	Y	NA	NA		N
SLC16A10-HSF2	OCUBM	Tranloc-intra	SLC16A10	chr6	111456765	111456765	HSF2	chr6	122724969	122724969	111456765111456765122724969122724969OCUBM	q21	q22.31	HSF2-SLC16A10	N	N	up	up	up-regulated	red	Y	NA	NA		N
NT5DC1-RNF146	OCUBM	Tranloc-intra	NT5DC1	chr6	116491510	116491510	RNF146	chr6	127599150	127599150	116491510116491510127599150127599150OCUBM	q22.1	q22.33	RNF146-NT5DC1	N	N	up	-	up-regulated	red	Y	NA	NA		N
PACS2-CRIP2	OCUBM	Dup	PACS2	chr14	105861125	105861125	CRIP2	chr14	105940371	105940371	105861125105861125105940371105940371OCUBM	q32.33	q32.33	CRIP2-PACS2	N	N	up	-	up-regulated	red	Y	NA	NA		N
ROMO1-PHF20	OCUBM	Dup	ROMO1	chr20	34287905	34287905	PHF20	chr20	34393218	34393218	34287905342879053439321834393218OCUBM	q11.22	q11.22	PHF20-ROMO1	N	N	-	up	up-regulated	red	Y	NA	NA		N
RBM39-PHF20	OCUBM	Dup	RBM39	chr20	34310446	34310446	PHF20	chr20	34415852	34415852	34310446343104463441585234415852OCUBM	q11.22	q11.23	PHF20-RBM39	N	N	up	up	up-regulated	red	Y	NA	NA		N
SESN1-C6orf185	OCUBM	Dup	SESN1	chr6	109326065	109326065	C6orf185	chr6	109675672	109675672	109326065109326065109675672109675672OCUBM	q21	q21	C6orf185-SESN1	N	N	up	-	up-regulated	red	Y	TSG	NA		N
BCMS-TPTE2P3	OCUBM	Dup	BCMS	chr13	50797788	50797788	TPTE2P3	chr13	53103503	53103503	50797788507977885310350353103503OCUBM	q14.2	q14.3	TPTE2P3-BCMS	N	N	-	-	-	gray	N	NA	NA		N
RFTN1-PLCL2	OCUBM	Dup	RFTN1	chr3	16467552	16467552	PLCL2	chr3	17082978	17082978	16467552164675521708297817082978OCUBM	p24.3	p24.3	PLCL2-RFTN1	N	N	-	-	-	gray	N	NA	NA		N
SEC63-AK9	OCUBM	Dup	SEC63	chr6	108238336	108238336	AK9	chr6	109863261	109863261	108238336108238336109863261109863261OCUBM	q21	q21	AK9-SEC63	N	N	up	up	up-regulated	red	Y	NA	NA	AK9	Y
ACOT11-AK127270	SKBR3	Del	ACOT11	chr1	55054648	55054648	AK127270	chr1	56068576	56068576	55054648550546485606857656068576SKBR3	p32.3	p32.3	AK127270-ACOT11	N	N	up	-	up-regulated	red	Y	NA	NA		N
C10orf40-ANK3	SKBR3	Del	C10orf40	chr10	61716304	61716304	ANK3	chr10	61794616	61794616	61716304617163046179461661794616SKBR3	q21.2	q21.2	ANK3-C10orf40	N	N	-	up	up-regulated	red	Y	NA	NA		N
CCDC42B-TPCN1	SKBR3	Del	CCDC42B	chr12	113591154	113591154	TPCN1	chr12	113678414	113678414	113591154113591154113678414113678414SKBR3	q24.13	q24.13	TPCN1-CCDC42B	N	N	-	up	up-regulated	red	Y	NA	NA		N
SETD3-CCDC85C	SKBR3	Del	SETD3	chr14	99896199	99896199	CCDC85C	chr14	99989211	99989211	99896199998961999998921199989211SKBR3	q32.2	q32.2	CCDC85C-SETD3	N	N	-	dn	down-regulated	blue	Y	NA	NA		N
WDR82-PBRM1	SKBR3	Del	WDR82	chr3	52306476	52306476	PBRM1	chr3	52698154	52698154	52306476523064765269815452698154SKBR3	p21.1	p21.1	PBRM1-WDR82	N	N	dn	dn	down-regulated	blue	Y	NA	TSG		N
ANKHD1-EIF4EBP3-GNPDA1	SKBR3	Del	ANKHD1	chr5	139823993	139823993	EIF4EBP3	chr5	141380715	141380715	139823993139823993141380715141380715SKBR3	q31.3	q31.3	EIF4EBP3-ANKHD1	N	N	up	up	up-regulated	red	Y	NA	NA		N
TRIO-FBXL7	SKBR3	Del	TRIO	chr5	14440302	14440302	FBXL7	chr5	15602901	15602901	14440302144403021560290115602901SKBR3	p15.2	p15.1	FBXL7-TRIO	N	N	dn	up	-	gray	N	NA	NA		N
FAM83A-C8orf76	SKBR3	Del	FAM83A	chr8	124210691	124210691	C8orf76	chr8	124234222	124234222	124210691124210691124234222124234222SKBR3	q24.13	q24.13	C8orf76-FAM83A	N	Y	-	up	up-regulated	red	Y	NA	NA		N
VTCN1-BC032034	SKBR3	Tranloc-inter	VTCN1	chr1	117711448	117711448	BC032034	chr3	178846394	178846394	117711448117711448178846394178846394SKBR3	p13.1	q26.32	BC032034-VTCN1	N	N	up	-	up-regulated	red	Y	NA	NA		N
MRPL22-RIMS2	SKBR3	Tranloc-inter	MRPL22	chr5	154326710	154326710	RIMS2	chr8	104694481	104694481	154326710154326710104694481104694481SKBR3	q33.2	q22.3	RIMS2-MRPL22	N	N	-	dn	down-regulated	blue	Y	NA	NA		N
MRPL22-KCNQ3	SKBR3	Tranloc-inter	MRPL22	chr5	154326710	154326710	KCNQ3	chr8	133306911	133306911	154326710154326710133306911133306911SKBR3	q33.2	q24.22	KCNQ3-MRPL22	N	N	-	-	-	gray	N	NA	NA		N
ACOT13-ABCB9	SKBR3	Tranloc-inter	ACOT13	chr6	24682371	24682371	ABCB9	chr12	123438399	123438399	2468237124682371123438399123438399SKBR3	p22.3	q24.31	ABCB9-ACOT13	N	Y	-	-	-	gray	N	NA	NA		N
EIF3H-CYTH1	SKBR3	Tranloc-inter	EIF3H	chr8	117705790	117705790	CYTH1	chr17	76749126	76749126	1177057901177057907674912676749126SKBR3	q24.11	q25.3	CYTH1-EIF3H	N	N	up	up	up-regulated	red	Y	NA	NA	EIF3H	Y
UTP23-CYTH1	SKBR3	Tranloc-inter	UTP23	chr8	117783151	117783151	CYTH1	chr17	76749126	76749126	1177831511177831517674912676749126SKBR3	q24.11	q25.3	CYTH1-UTP23	N	N	up	up	up-regulated	red	Y	NA	NA		N
DEPTOR-NDUFB7	SKBR3	Tranloc-inter	DEPTOR	chr8	120896227	120896227	NDUFB7	chr19	14679482	14679482	1208962271208962271467948214679482SKBR3	q24.12	p13.12	NDUFB7-DEPTOR	N	N	up	-	up-regulated	red	Y	NA	NA	DEPTOR	Y
SNTB1-PLXDC1	SKBR3	Tranloc-inter	SNTB1	chr8	121549002	121549002	PLXDC1	chr17	37270226	37270226	1215490021215490023727022637270226SKBR3	q24.12	q12	PLXDC1-SNTB1	N	N	up	-	up-regulated	red	Y	NA	NA		N
SNTB1-C14orf37	SKBR3	Tranloc-inter	SNTB1	chr8	121679830	121679830	C14orf37	chr14	58499857	58499857	1216798301216798305849985758499857SKBR3	q24.12	q23.1	C14orf37-SNTB1	N	N	up	-	up-regulated	red	Y	NA	NA		N
LOC727677-AMZ2	SKBR3	Tranloc-inter	LOC727677	chr8	128358497	128358497	AMZ2	chr17	66245039	66245039	1283584971283584976624503966245039SKBR3	q24.21	q24.2	AMZ2-LOC727677	N	N	-	up	up-regulated	red	Y	NA	NA		N
NECAB1-C14orf37	SKBR3	Tranloc-inter	NECAB1	chr8	91936786	91936786	C14orf37	chr14	58576862	58576862	91936786919367865857686258576862SKBR3	q21.3	q23.1	C14orf37-NECAB1	N	N	-	-	-	gray	N	NA	NA		N
GPR137C-TRIP11	SKBR3	Tranloc-intra	GPR137C	chr14	53104125	53104125	TRIP11	chr14	92478010	92478010	53104125531041259247801092478010SKBR3	q22.1	q32.12	TRIP11-GPR137C	N	N	dn	-	down-regulated	blue	Y	NA	NA		N
BLOC1S6-AKAP13	SKBR3	Tranloc-intra	BLOC1S6	chr15	45882289	45882289	AKAP13	chr15	86142681	86142681	45882289458822898614268186142681SKBR3	q21.1	q25.3	AKAP13-BLOC1S6	N	N	-	-	-	gray	N	NA	NA		N
ATAD5-TLK2	SKBR3	Tranloc-intra	ATAD5	chr17	29199696	29199696	TLK2	chr17	60648478	60648478	29199696291996966064847860648478SKBR3	q11.2	q23.2	TLK2-ATAD5	N	N	dn	dn	down-regulated	blue	Y	NA	NA		N
BC040860-WDR7	SKBR3	Tranloc-intra	BC040860	chr18	44840829	44840829	WDR7	chr18	54458755	54458755	44840829448408295445875554458755SKBR3	q21.1	q21.31	WDR7-BC040860	N	N	-	-	-	gray	N	NA	NA		N
TASP1-PTPRT	SKBR3	Tranloc-intra	TASP1	chr20	13471697	13471697	PTPRT	chr20	41328922	41328922	13471697134716974132892241328922SKBR3	p12.1	q12	PTPRT-TASP1	N	N	up	-	up-regulated	red	Y	NA	TSG		N
CPNE1-PREX1	SKBR3	Tranloc-intra	CPNE1	chr20	34225671	34225671	PREX1	chr20	47346041	47346041	34225671342256714734604147346041SKBR3	q11.22	q13.13	PREX1-CPNE1	N	N	-	-	-	gray	N	NA	NA		N
PHF20-PTPRT	SKBR3	Tranloc-intra	PHF20	chr20	34479734	34479734	PTPRT	chr20	41295395	41295395	34479734344797344129539541295395SKBR3	q11.23	q12	PTPRT-PHF20	N	N	up	-	up-regulated	red	Y	NA	TSG		N
TOX2-STAU1	SKBR3	Tranloc-intra	TOX2	chr20	42553128	42553128	STAU1	chr20	47743021	47743021	42553128425531284774302147743021SKBR3	q13.12	q13.13	STAU1-TOX2	N	N	-	up	up-regulated	red	Y	NA	NA		N
AK124857-MECOM	SKBR3	Tranloc-intra	AK124857	chr3	8038556	8038556	MECOM	chr3	169070339	169070339	80385568038556169070339169070339SKBR3	p26.1	q26.2	MECOM-AK124857	N	N	-	-	-	gray	N	NA	Oncogene		N
HIST1H3H-RPS10-NUDT3	SKBR3	Tranloc-intra	HIST1H3H	chr6	27776620	27776620	RPS10	chr6	34258422	34258422	27776620277766203425842234258422SKBR3	p22.1	p21.31	RPS10-HIST1H3H	N	N	-	-	-	gray	N	NA	NA		N
RIMS2-KCNQ3	SKBR3	Tranloc-intra	RIMS2	chr8	104654470	104654470	KCNQ3	chr8	133306911	133306911	104654470104654470133306911133306911SKBR3	q22.3	q24.22	KCNQ3-RIMS2	N	N	dn	-	down-regulated	blue	Y	NA	NA		N
LINC00536-PVT1	SKBR3	Tranloc-intra	LINC00536	chr8	117023638	117023638	PVT1	chr8	129091281	129091281	117023638117023638129091281129091281SKBR3	q23.3	q24.21	PVT1-LINC00536	N	N	up	-	up-regulated	red	Y	NA	NA		N
HAS2-LOC727677	SKBR3	Tranloc-intra	HAS2	chr8	122637992	122637992	LOC727677	chr8	128487419	128487419	122637992122637992128487419128487419SKBR3	q24.13	q24.21	LOC727677-HAS2	N	N	-	-	-	gray	N	NA	NA		N
NCOA2-LINC00534	SKBR3	Tranloc-intra	NCOA2	chr8	71243249	71243249	LINC00534	chr8	91258714	91258714	71243249712432499125871491258714SKBR3	q13.3	q21.3	LINC00534-NCOA2	N	N	dn	-	down-regulated	blue	Y	NA	NA		N
JPH1-MMP16	SKBR3	Tranloc-intra	JPH1	chr8	75169313	75169313	MMP16	chr8	89204014	89204014	75169313751693138920401489204014SKBR3	q21.11	q21.3	MMP16-JPH1	N	N	up	dn	-	gray	N	NA	NA		N
CNBD1-SLC30A8	SKBR3	Tranloc-intra	CNBD1	chr8	88098188	88098188	SLC30A8	chr8	118170791	118170791	8809818888098188118170791118170791SKBR3	q21.3	q24.11	SLC30A8-CNBD1	N	N	-	-	-	gray	N	NA	NA		N
TUBGCP3-ATP11A	SKBR3	Dup	TUBGCP3	chr13	113197167	113197167	ATP11A	chr13	113356369	113356369	113197167113197167113356369113356369SKBR3	q34	q34	ATP11A-TUBGCP3	N	Y	-	-	-	gray	N	NA	NA		N
ELL-CRTC1	SKBR3	Dup	ELL	chr19	18581565	18581565	CRTC1	chr19	18815577	18815577	18581565185815651881557718815577SKBR3	p13.11	p13.11	CRTC1-ELL	N	N	up	-	up-regulated	red	Y	NA	NA		N
CTNNBL1-VSTM2L	SKBR3	Dup	CTNNBL1	chr20	36480660	36480660	VSTM2L	chr20	36556938	36556938	36480660364806603655693836556938SKBR3	q11.23	q11.23	VSTM2L-CTNNBL1	N	N	up	up	up-regulated	red	Y	NA	NA		N
FAM213A-TSPAN14	SKBR3	Dup	FAM213A	chr10	82186312	82186312	TSPAN14	chr10	82269962	82269962	82186312821863128226996282269962SKBR3	q23.1	q23.1	TSPAN14-FAM213A	N	N	-	-	-	gray	N	NA	NA		N
MED12L-IGSF10	SKBR3	Dup	MED12L	chr3	151073455	151073455	IGSF10	chr3	151168223	151168223	151073455151073455151168223151168223SKBR3	q25.1	q25.1	IGSF10-MED12L	N	N	-	-	-	gray	N	NA	NA		N
FLNC-IRF5	SKBR3	Dup	FLNC	chr7	128485577	128485577	IRF5	chr7	128578798	128578798	128485577128485577128578798128578798SKBR3	q32.1	q32.1	IRF5-FLNC	N	N	-	-	-	gray	N	NA	NA		N
RNF213-RPTOR	SKBR3	Dup	RNF213	chr17	78298631	78298631	RPTOR	chr17	78787112	78787112	78298631782986317878711278787112SKBR3	q25.3	q25.3	RPTOR-RNF213	N	N	-	-	-	gray	N	NA	Oncogene		N
ITCH-DHX35	SKBR3	Dup	ITCH	chr20	32955776	32955776	DHX35	chr20	37594387	37594387	32955776329557763759438737594387SKBR3	q11.22	q11.23	DHX35-ITCH	N	N	up	dn	-	gray	N	NA	NA		N
LPP-OSTN	SKBR3	Dup	LPP	chr3	188605835	188605835	OSTN	chr3	190965154	190965154	188605835188605835190965154190965154SKBR3	q28	q28	OSTN-LPP	N	N	up	-	up-regulated	red	Y	NA	NA		N
LOC100289388-GAB2	UACC3133	Del	LOC100289388	chr11	77865280	77865280	GAB2	chr11	78022328	78022328	77865280778652807802232878022328UACC3133	q14.1	q14.1	GAB2-LOC100289388	N	Y	-	up	up-regulated	red	Y	NA	Oncogene		N
ANKFN1-USP32	UACC3133	Del	ANKFN1	chr17	54446629	54446629	USP32	chr17	58442989	58442989	54446629544466295844298958442989UACC3133	q22	q23.2	USP32-ANKFN1	N	N	up	-	up-regulated	red	Y	NA	NA	USP32	Y
CBFA2T2-RBM39	UACC3133	Del	CBFA2T2	chr20	32204823	32204823	RBM39	chr20	34294042	34294042	32204823322048233429404234294042UACC3133	q11.22	q11.22	RBM39-CBFA2T2	N	N	-	-	-	gray	N	NA	NA		N
SLC37A1-PDE9A	UACC3133	Del	SLC37A1	chr21	43994194	43994194	PDE9A	chr21	44139396	44139396	43994194439941944413939644139396UACC3133	q22.3	q22.3	PDE9A-SLC37A1	N	N	-	up	up-regulated	red	Y	NA	NA		N
TST-KCTD17	UACC3133	Del	TST	chr22	37407543	37407543	KCTD17	chr22	37458407	37458407	37407543374075433745840737458407UACC3133	q12.3	q12.3	KCTD17-TST	N	N	-	-	-	gray	N	NA	NA		N
CD44-PPM1E	UACC3133	Tranloc-inter	CD44	chr11	35220922	35220922	PPM1E	chr17	57056757	57056757	35220922352209225705675757056757UACC3133	p13	q22	PPM1E-CD44	N	N	up	-	up-regulated	red	Y	NA	NA		N
ADAMTS12-FAT3	UACC3133	Tranloc-inter	ADAMTS12	chr5	33863527	33863527	FAT3	chr11	92309299	92309299	33863527338635279230929992309299UACC3133	p13.2	q14.3	FAT3-ADAMTS12	N	N	-	-	-	gray	N	NA	NA		N
ANO1-DLG2	UACC3133	Tranloc-intra	ANO1	chr11	69926206	69926206	DLG2	chr11	84439020	84439020	69926206699262068443902084439020UACC3133	q13.3	q14.1	DLG2-ANO1	N	N	-	-	-	gray	N	NA	NA		N
SHANK2-TENM4	UACC3133	Tranloc-intra	SHANK2	chr11	70712919	70712919	TENM4	chr11	78398908	78398908	70712919707129197839890878398908UACC3133	q13.4	q14.1	TENM4-SHANK2	N	N	up	up	up-regulated	red	Y	NA	NA	TENM4	Y
SHANK2-DLG2	UACC3133	Tranloc-intra	SHANK2	chr11	70712919	70712919	DLG2	chr11	84070887	84070887	70712919707129198407088784070887UACC3133	q13.4	q14.1	DLG2-SHANK2	N	N	up	-	up-regulated	red	Y	NA	NA		N
GDPD5-GRM5	UACC3133	Tranloc-intra	GDPD5	chr11	75163674	75163674	GRM5	chr11	88480482	88480482	75163674751636748848048288480482UACC3133	q13.4	q14.3	GRM5-GDPD5	N	N	up	up	up-regulated	red	Y	NA	NA		N
TENM4-DLG2	UACC3133	Tranloc-intra	TENM4	chr11	78398908	78398908	DLG2	chr11	84004151	84004151	78398908783989088400415184004151UACC3133	q14.1	q14.1	DLG2-TENM4	N	N	up	-	up-regulated	red	Y	NA	NA	TENM4	Y
DLG2-FAT3	UACC3133	Tranloc-intra	DLG2	chr11	84938651	84938651	FAT3	chr11	92249929	92249929	84938651849386519224992992249929UACC3133	q14.1	q14.3	FAT3-DLG2	N	N	-	-	-	gray	N	NA	NA		N
NF1-TADA2A	UACC3133	Tranloc-intra	NF1	chr17	29701796	29701796	TADA2A	chr17	35797813	35797813	29701796297017963579781335797813UACC3133	q11.2	q12	TADA2A-NF1	N	Y	-	-	-	gray	N	TSG	NA		N
CECR7-abParts	UACC3133	Tranloc-intra	CECR7	chr22	17533484	17533484	abParts	chr22	23033680	23033680	17533484175334842303368023033680UACC3133	q11.1	q11.22	abParts-CECR7	N	N	-	-	-	gray	N	NA	NA		N
C22orf29-SMC1B	UACC3133	Tranloc-intra	C22orf29	chr22	19837887	19837887	SMC1B	chr22	45773825	45773825	19837887198378874577382545773825UACC3133	q11.21	q13.31	SMC1B-C22orf29	N	N	-	-	-	gray	N	NA	NA		N
LOC100616530-FZD6	UACC3133	Tranloc-intra	LOC100616530	chr8	96436247	96436247	FZD6	chr8	104316185	104316185	9643624796436247104316185104316185UACC3133	q22.1	q22.3	FZD6-LOC100616530	N	N	-	-	-	gray	N	NA	NA		N
PDHX-CD44	UACC3133	Dup	PDHX	chr11	35010798	35010798	CD44	chr11	35170075	35170075	35010798350107983517007535170075UACC3133	p13	p13	CD44-PDHX	N	N	dn	up	-	gray	N	NA	NA		N
SLC1A2-PAMR1	UACC3133	Dup	SLC1A2	chr11	35401275	35401275	PAMR1	chr11	35475691	35475691	35401275354012753547569135475691UACC3133	p13	p13	PAMR1-SLC1A2	N	N	up	-	up-regulated	red	Y	NA	NA		N
RANBP3-LOC100128568	UACC3133	Dup	RANBP3	chr19	5948786	5948786	LOC100128568	chr19	6003032	6003032	5948786594878660030326003032UACC3133	p13.3	p13.3	LOC100128568-RANBP3	N	N	up	-	up-regulated	red	Y	NA	NA		N
PLXDC1-IKZF3	UACC3133	Dup	PLXDC1	chr17	37305773	37305773	IKZF3	chr17	37981491	37981491	37305773373057733798149137981491UACC3133	q12	q12	IKZF3-PLXDC1	N	N	-	up	up-regulated	red	Y	NA	TSG		N
RIMS2-LRP12	UACC3133	Dup	RIMS2	chr8	104933698	104933698	LRP12	chr8	105548323	105548323	104933698104933698105548323105548323UACC3133	q22.3	q22.3	LRP12-RIMS2	N	N	dn	-	down-regulated	blue	Y	NA	NA		N
RAB4A-PGBD5	ZR7530	Del	RAB4A	chr1	229407729	229407729	PGBD5	chr1	230533447	230533447	229407729229407729230533447230533447ZR7530	q42.13	q42.13	PGBD5-RAB4A	N	N	-	dn	down-regulated	blue	Y	NA	Oncogene		N
SRL-LOC100507501	ZR7530	Del	SRL	chr16	4277863	4277863	LOC100507501	chr16	4302432	4302432	4277863427786343024324302432ZR7530	p13.3	p13.3	LOC100507501-SRL	N	N	-	-	-	gray	N	NA	NA		N
GRB7-IKZF3	ZR7530	Del	GRB7	chr17	37899899	37899899	IKZF3	chr17	37920203	37920203	37899899378998993792020337920203ZR7530	q12	q12	IKZF3-GRB7	N	N	up	up	up-regulated	red	Y	NA	TSG	GRB7	Y
CBX1-SNX11	ZR7530	Del	CBX1	chr17	46166134	46166134	SNX11	chr17	46189253	46189253	46166134461661344618925346189253ZR7530	q21.32	q21.32	SNX11-CBX1	N	N	up	up	up-regulated	red	Y	NA	NA		N
CENPO-RAB10	ZR7530	Del	CENPO	chr2	25031047	25031047	RAB10	chr2	26304348	26304348	25031047250310472630434826304348ZR7530	p23.3	p23.3	RAB10-CENPO	N	N	-	-	-	gray	N	NA	NA		N
A4GNT-DBR1	ZR7530	Del	A4GNT	chr3	137848119	137848119	DBR1	chr3	137880730	137880730	137848119137848119137880730137880730ZR7530	q22.3	q22.3	DBR1-A4GNT	N	N	-	-	-	gray	N	NA	NA		N
MRPL13-MTBP	ZR7530	Del	MRPL13	chr8	121446460	121446460	MTBP	chr8	121471615	121471615	121446460121446460121471615121471615ZR7530	q24.12	q24.12	MTBP-MRPL13	N	N	up	-	up-regulated	red	Y	NA	NA		N
SERINC2-PRMT2	ZR7530	Tranloc-inter	SERINC2	chr1	31896973	31896973	PRMT2	chr21	48068051	48068051	31896973318969734806805148068051ZR7530	p35.2	q22.3	PRMT2-SERINC2	N	N	-	-	-	gray	N	NA	NA		N
PDP2-RNF213	ZR7530	Tranloc-inter	PDP2	chr16	66916825	66916825	RNF213	chr17	78343452	78343452	66916825669168257834345278343452ZR7530	q22.1	q25.3	RNF213-PDP2	N	N	-	-	-	gray	N	NA	NA		N
GRIK2-DEPTOR	ZR7530	Tranloc-inter	GRIK2	chr6	102377539	102377539	DEPTOR	chr8	120918802	120918802	102377539102377539120918802120918802ZR7530	q16.3	q24.12	DEPTOR-GRIK2	N	N	-	up	up-regulated	red	Y	NA	NA	DEPTOR	Y
METTL24-DEPTOR	ZR7530	Tranloc-inter	METTL24	chr6	110576845	110576845	DEPTOR	chr8	120943703	120943703	110576845110576845120943703120943703ZR7530	q21	q24.12	DEPTOR-METTL24	N	N	-	up	up-regulated	red	Y	NA	NA	DEPTOR	Y
C6orf170-MAGI2	ZR7530	Tranloc-inter	C6orf170	chr6	121610425	121610425	MAGI2	chr7	78478390	78478390	1216104251216104257847839078478390ZR7530	q22.31	q21.11	MAGI2-C6orf170	N	N	-	-	-	gray	N	NA	NA		N
GMDS-USP41	ZR7530	Tranloc-inter	GMDS	chr6	1928595	1928595	USP41	chr22	20719254	20719254	192859519285952071925420719254ZR7530	p25.3	q11.21	USP41-GMDS	N	Y	-	-	-	gray	N	NA	NA		N
GMDS-DGCR6L	ZR7530	Tranloc-inter	GMDS	chr6	2185468	2185468	DGCR6L	chr22	20305577	20305577	218546821854682030557720305577ZR7530	p25.3	q11.21	DGCR6L-GMDS	N	Y	-	dn	down-regulated	blue	Y	NA	NA		N
AF086303-RAB11FIP3	ZR7530	Tranloc-inter	AF086303	chr6	75276124	75276124	RAB11FIP3	chr16	534033	534033	7527612475276124534033534033ZR7530	q13	p13.3	RAB11FIP3-AF086303	N	N	-	-	-	gray	N	NA	NA		N
AUTS2-FGF14	ZR7530	Tranloc-inter	AUTS2	chr7	69719526	69719526	FGF14	chr13	102851375	102851375	6971952669719526102851375102851375ZR7530	q11.22	q33.1	FGF14-AUTS2	N	N	up	-	up-regulated	red	Y	NA	NA		N
GRHL2-PALD1	ZR7530	Tranloc-inter	GRHL2	chr8	102523931	102523931	PALD1	chr10	72244962	72244962	1025239311025239317224496272244962ZR7530	q22.3	q22.1	PALD1-GRHL2	N	N	-	-	-	gray	N	NA	NA		N
GRHL2-TNFAIP1	ZR7530	Tranloc-inter	GRHL2	chr8	102523931	102523931	TNFAIP1	chr17	26666998	26666998	1025239311025239312666699826666998ZR7530	q22.3	q11.2	TNFAIP1-GRHL2	N	N	-	up	up-regulated	red	Y	NA	NA		N
ZFPM2-BRIP1	ZR7530	Tranloc-inter	ZFPM2	chr8	106665126	106665126	BRIP1	chr17	59801679	59801679	1066651261066651265980167959801679ZR7530	q23.1	q23.2	BRIP1-ZFPM2	N	N	up	-	up-regulated	red	Y	NA	TSG	BRIP1	Y
EMC2-LPO	ZR7530	Tranloc-inter	EMC2	chr8	109459109	109459109	LPO	chr17	56344543	56344543	1094591091094591095634454356344543ZR7530	q23.1	q22	LPO-EMC2	N	N	up	-	up-regulated	red	Y	NA	NA		N
PKHD1L1-TNFAIP1	ZR7530	Tranloc-inter	PKHD1L1	chr8	110486017	110486017	TNFAIP1	chr17	26666998	26666998	1104860171104860172666699826666998ZR7530	q23.1	q11.2	TNFAIP1-PKHD1L1	N	N	up	up	up-regulated	red	Y	NA	NA		N
PKHD1L1-DCC	ZR7530	Tranloc-inter	PKHD1L1	chr8	110486017	110486017	DCC	chr18	50627735	50627735	1104860171104860175062773550627735ZR7530	q23.1	q21.2	DCC-PKHD1L1	N	N	up	-	up-regulated	red	Y	NA	NA		N
TRPS1-LASP1	ZR7530	Tranloc-inter	TRPS1	chr8	116633843	116633843	LASP1	chr17	37036308	37036308	1166338431166338433703630837036308ZR7530	q23.3	q12	LASP1-TRPS1	N	N	up	up	up-regulated	red	Y	NA	NA	TRPS1	Y
EIF3H-PHB	ZR7530	Tranloc-inter	EIF3H	chr8	117732416	117732416	PHB	chr17	47482955	47482955	1177324161177324164748295547482955ZR7530	q24.11	q21.33	PHB-EIF3H	N	N	up	-	up-regulated	red	Y	NA	NA	EIF3H	Y
TAF2-CEP95	ZR7530	Tranloc-inter	TAF2	chr8	120830576	120830576	CEP95	chr17	62508843	62508843	1208305761208305766250884362508843ZR7530	q24.12	q23.3	CEP95-TAF2	N	N	up	up	up-regulated	red	Y	NA	NA		N
TAF2-SKAP1	ZR7530	Tranloc-inter	TAF2	chr8	120837745	120837745	SKAP1	chr17	46412238	46412238	1208377451208377454641223846412238ZR7530	q24.12	q21.32	SKAP1-TAF2	N	N	up	up	up-regulated	red	Y	NA	NA		N
DEPTOR-CEP95	ZR7530	Tranloc-inter	DEPTOR	chr8	120892697	120892697	CEP95	chr17	62505222	62505222	1208926971208926976250522262505222ZR7530	q24.12	q23.3	CEP95-DEPTOR	N	N	up	up	up-regulated	red	Y	NA	NA	DEPTOR	Y
TMEM71-MYO18A	ZR7530	Tranloc-inter	TMEM71	chr8	133732545	133732545	MYO18A	chr17	27428051	27428051	1337325451337325452742805127428051ZR7530	q24.22	q11.2	MYO18A-TMEM71	N	Y	-	up	up-regulated	red	Y	NA	NA		N
PHF20L1-SKAP1	ZR7530	Tranloc-inter	PHF20L1	chr8	133843022	133843022	SKAP1	chr17	46442314	46442314	1338430221338430224644231446442314ZR7530	q24.22	q21.32	SKAP1-PHF20L1	N	N	up	up	up-regulated	red	Y	NA	NA		N
NDRG1-HOXB2	ZR7530	Tranloc-inter	NDRG1	chr8	134297168	134297168	HOXB2	chr17	46620731	46620731	1342971681342971684662073146620731ZR7530	q24.22	q21.32	HOXB2-NDRG1	N	N	-	up	up-regulated	red	Y	NA	NA		N
TSNARE1-FOXN1	ZR7530	Tranloc-inter	TSNARE1	chr8	143322096	143322096	FOXN1	chr17	26864744	26864744	1433220961433220962686474426864744ZR7530	q24.3	q11.2	FOXN1-TSNARE1	N	N	-	up	up-regulated	red	Y	NA	NA		N
ZFP41-SKAP1	ZR7530	Tranloc-inter	ZFP41	chr8	144333041	144333041	SKAP1	chr17	46496372	46496372	1443330411443330414649637246496372ZR7530	q24.3	q21.32	SKAP1-ZFP41	N	N	up	up	up-regulated	red	Y	NA	NA		N
TOP1MT-CBX1	ZR7530	Tranloc-inter	TOP1MT	chr8	144408235	144408235	CBX1	chr17	46162827	46162827	1444082351444082354616282746162827ZR7530	q24.3	q21.32	CBX1-TOP1MT	N	N	-	up	up-regulated	red	Y	NA	NA		N
LOC100132891-NFE2L1	ZR7530	Tranloc-inter	LOC100132891	chr8	72863329	72863329	NFE2L1	chr17	46129793	46129793	72863329728633294612979346129793ZR7530	q13.3	q21.32	NFE2L1-LOC100132891	N	N	-	up	up-regulated	red	Y	NA	NA		N
RALYL-USP32	ZR7530	Tranloc-inter	RALYL	chr8	85209570	85209570	USP32	chr17	58316736	58316736	85209570852095705831673658316736ZR7530	q21.2	q23.2	USP32-RALYL	N	N	-	up	up-regulated	red	Y	NA	NA	USP32	Y
RALYL-SKAP1	ZR7530	Tranloc-inter	RALYL	chr8	85272339	85272339	SKAP1	chr17	46344997	46344997	85272339852723394634499746344997ZR7530	q21.2	q21.32	SKAP1-RALYL	N	N	-	up	up-regulated	red	Y	NA	NA		N
RAD54B-PPM1D	ZR7530	Tranloc-inter	RAD54B	chr8	95410049	95410049	PPM1D	chr17	58682478	58682478	95410049954100495868247858682478ZR7530	q22.1	q23.2	PPM1D-RAD54B	N	N	-	up	up-regulated	red	Y	NA	Oncogene		N
MYO18A-SKAP1	ZR7530	Tranloc-intra	MYO18A	chr17	27428051	27428051	SKAP1	chr17	46442314	46442314	27428051274280514644231446442314ZR7530	q11.2	q21.32	SKAP1-MYO18A	N	Y	up	up	up-regulated	red	Y	NA	NA		N
TAOK1-PPM1D	ZR7530	Tranloc-intra	TAOK1	chr17	27753716	27753716	PPM1D	chr17	58705157	58705157	27753716277537165870515758705157ZR7530	q11.2	q23.2	PPM1D-TAOK1	N	Y	-	up	up-regulated	red	Y	NA	Oncogene		N
TAOK1-MLLT6	ZR7530	Tranloc-intra	TAOK1	chr17	27806020	27806020	MLLT6	chr17	36868965	36868965	27806020278060203686896536868965ZR7530	q11.2	q12	MLLT6-TAOK1	N	Y	-	up	up-regulated	red	Y	NA	NA		N
PPP1R1B-NFE2L1	ZR7530	Tranloc-intra	PPP1R1B	chr17	37789913	37789913	NFE2L1	chr17	46129793	46129793	37789913377899134612979346129793ZR7530	q12	q21.32	NFE2L1-PPP1R1B	N	N	up	up	up-regulated	red	Y	NA	NA		N
GRB7-HELZ	ZR7530	Tranloc-intra	GRB7	chr17	37896193	37896193	HELZ	chr17	65181862	65181862	37896193378961936518186265181862ZR7530	q12	q24.2	HELZ-GRB7	N	N	up	-	up-regulated	red	Y	NA	NA	GRB7	Y
GRB7-NFE2L1	ZR7530	Tranloc-intra	GRB7	chr17	37899899	37899899	NFE2L1	chr17	46129793	46129793	37899899378998994612979346129793ZR7530	q12	q21.32	NFE2L1-GRB7	N	N	up	up	up-regulated	red	Y	NA	NA	GRB7	Y
GSDMB-KAT7	ZR7530	Tranloc-intra	GSDMB	chr17	38073866	38073866	KAT7	chr17	47871387	47871387	38073866380738664787138747871387ZR7530	q12	q21.33	KAT7-GSDMB	N	N	dn	up	-	gray	N	NA	NA		N
GSDMB-PPM1D	ZR7530	Tranloc-intra	GSDMB	chr17	38073866	38073866	PPM1D	chr17	58740757	58740757	38073866380738665874075758740757ZR7530	q12	q23.2	PPM1D-GSDMB	N	N	dn	up	-	gray	N	NA	Oncogene		N
SKAP1-BCAS3	ZR7530	Tranloc-intra	SKAP1	chr17	46334841	46334841	BCAS3	chr17	58761109	58761109	46334841463348415876110958761109ZR7530	q21.32	q23.2	BCAS3-SKAP1	N	Y	up	up	up-regulated	red	Y	NA	NA	BCAS3	Y
SKAP1-USP32	ZR7530	Tranloc-intra	SKAP1	chr17	46344997	46344997	USP32	chr17	58316736	58316736	46344997463449975831673658316736ZR7530	q21.32	q23.2	USP32-SKAP1	N	N	up	up	up-regulated	red	Y	NA	NA	USP32	Y
HOXB-AS3-BCAS3	ZR7530	Tranloc-intra	HOXB	chr17	46680503	46680503	AS3	chr17	58928278	58928278	46680503466805035892827858928278ZR7530	q21.32	q23.2	AS3-HOXB	N	N	-	-	-	gray	N	NA	NA		N
HOXB8-BCAS3	ZR7530	Tranloc-intra	HOXB8	chr17	46689931	46689931	BCAS3	chr17	58903956	58903956	46689931466899315890395658903956ZR7530	q21.32	q23.2	BCAS3-HOXB8	N	Y	up	up	up-regulated	red	Y	NA	NA	BCAS3	Y
NRIP1-TIAM1	ZR7530	Tranloc-intra	NRIP1	chr21	16419066	16419066	TIAM1	chr21	32836721	32836721	16419066164190663283672132836721ZR7530	q21.1	q22.11	TIAM1-NRIP1	N	N	-	dn	down-regulated	blue	Y	NA	NA		N
ASCC3-AK9	ZR7530	Tranloc-intra	ASCC3	chr6	101104655	101104655	AK9	chr6	109950238	109950238	101104655101104655109950238109950238ZR7530	q16.3	q21	AK9-ASCC3	N	N	up	up	up-regulated	red	Y	NA	NA	AK9	Y
SNX31-BC052578	ZR7530	Tranloc-intra	SNX31	chr8	101611194	101611194	BC052578	chr8	122982789	122982789	101611194101611194122982789122982789ZR7530	q22.3	q24.13	BC052578-SNX31	N	N	-	-	-	gray	N	NA	NA		N
GRHL2-PKHD1L1	ZR7530	Tranloc-intra	GRHL2	chr8	102602420	102602420	PKHD1L1	chr8	110486017	110486017	102602420102602420110486017110486017ZR7530	q22.3	q23.1	PKHD1L1-GRHL2	N	N	-	up	up-regulated	red	Y	NA	NA		N
ANGPT1-LINC00536	ZR7530	Tranloc-intra	ANGPT1	chr8	108390208	108390208	LINC00536	chr8	117298038	117298038	108390208108390208117298038117298038ZR7530	q23.1	q23.3	LINC00536-ANGPT1	N	N	-	-	-	gray	N	NA	NA		N
RAB2A-VPS13B	ZR7530	Tranloc-intra	RAB2A	chr8	61455686	61455686	VPS13B	chr8	100084845	100084845	6145568661455686100084845100084845ZR7530	q12.1	q22.2	VPS13B-RAB2A	N	N	-	-	-	gray	N	NA	NA		N
SRCIN1-GSDMB	ZR7530	Dup	SRCIN1	chr17	36755327	36755327	GSDMB	chr17	38073866	38073866	36755327367553273807386638073866ZR7530	q12	q12	GSDMB-SRCIN1	N	N	up	dn	-	gray	N	NA	NA		N
NFE2L1-SKAP1	ZR7530	Dup	NFE2L1	chr17	46129793	46129793	SKAP1	chr17	46507318	46507318	46129793461297934650731846507318ZR7530	q21.32	q21.32	SKAP1-NFE2L1	N	N	up	up	up-regulated	red	Y	NA	NA		N
USP32-SMURF2	ZR7530	Dup	USP32	chr17	58422256	58422256	SMURF2	chr17	62639127	62639127	58422256584222566263912762639127ZR7530	q23.2	q24.1	SMURF2-USP32	N	N	up	up	up-regulated	red	Y	NA	NA	USP32	Y
