"Name"	"Sample"	"Histology"	"overlapWCCLE"	"Study"	"ER_rna"	"ER_rna_flag"	"ER_protein"	"ER_protein_flag"	"ER"	"HER2_rna"	"HER2_rna_flag"	"HER2_protein"	"HER2_protein_flag"	"HER2_CN"	"HER2"	"genefu.robust"	"ssBC"	"ssBC.v2"	"cIHC"	"cIHC.itr"	"PCAPAM50"	"AIMS"	"sspbc"	"entropy"	"TopCall"	"nVotes"	"Tie"	"mRNA Subtypes"	"RPPA Subtypes"	"DNAm Subtypes"	"FGA"	"SV"	"Fusions"	"DMI"	"TMB"	"SV_Burden"	"MUT"
"MDAMB134VI-C"	"MDAMB134VI"	"ILC"	"Y"	"Other"	8.65	"ER+"	3.49	"ER+"	"ER+"	5.87	"HER2-"	-1.43	"HER2-"	-1	"HER2-"	"LumA"	"LumA"	"LumA"	"LumA"	"LumA"	"LumA"	"LumB"	"LumB"	0.811278124459133	"LumA"	"6"	"FALSE"	"Lum"	"Lum"	"Lum/HER2"	0.170631016833141	131	NA	16.6934028658591	2.88	0.0423168442098561	144
"BCK4-I"	"BCK4"	"ILC"	""	"ICLE"	8.84	"ER+"	1.19	"ER-"	"ER+"	9.25	"HER2-"	0.91	"HER2-"	0	"HER2-"	"LumA"	"LumA"	"LumA"	"LumA"	"LumA"	"LumA"	"LumB"	"LumB"	0.811278124459133	"LumA"	"6"	"FALSE"	"Lum/HER2"	"Lum"	"Lum/HER2"	0.137694776753871	59	3	18.3497117206277	5.74	0.0190587313616909	287
"MDAMB134VI-I"	"MDAMB134VI"	"ILC"	""	"ICLE"	8.4	"ER+"	3.02	"ER+"	"ER+"	5.89	"HER2-"	-1.39	"HER2-"	0	"HER2-"	"LumB"	"LumB"	"LumB"	"LumB"	"LumB"	"LumB"	"LumB"	"LumB"	0	"LumB"	"8"	"FALSE"	"Lum"	"Lum"	"Lum/HER2"	0.184218749806999	131	12	18.0689437137531	3.94	0.0423168442098561	197
"UACC3133-I"	"UACC3133"	"ILC"	""	"ICLE"	7.36	"ER+"	1.08	"ER-"	"ER+"	10.33	"HER2-"	1.09	"HER2-"	1	"HER2-"	"LumA"	"LumA"	"LumA"	"LumA"	"LumA"	"LumA"	"Her2"	"Her2"	0.811278124459133	"LumA"	"6"	"FALSE"	"Lum/HER2"	"Lum"	"Lum/HER2"	0.326789260332051	164	22	14.4237032483267	5.44	0.0529768125985985	272
"HCC2185-I"	"HCC2185"	"ILC"	""	"ICLE"	3.67	"ER-"	-0.14	"ER-"	"ER-"	9.21	"HER2-"	-0.09	"HER2-"	0	"HER2-"	"LumB"	"Her2"	"Her2"	"LumA"	"LumA"	"LumA"	"Her2"	"Her2"	1.40563906222957	"Her2"	"4"	"FALSE"	"Lum/HER2"	"Basal"	"Lum/HER2"	0.248179753409183	310	38	13.8605753274335	5.62	0.100139096985156	281
"IPH926-I"	"IPH926"	"ILC"	""	"ICLE"	5.99	"ER-"	0.21	"ER-"	"ER-"	8.94	"HER2-"	0.18	"HER2-"	0	"HER2-"	"LumB"	"Basal"	"Her2"	"LumA"	"LumA"	"LumA"	"Her2"	"Her2"	1.81127812445913	"LumA;Her2"	"3"	"TRUE"	"Lum/HER2"	"HER2"	"Lum/HER2"	0.368014023856287	370	31	17.5622057325225	8.16	0.11952085769196	408
"MDAMB330-I"	"MDAMB330"	"ILC"	""	"ICLE"	7.8	"ER+"	1.76	"ER+"	"ER+"	12.66	"HER2+"	4.41	"HER2+"	2	"HER2+"	"LumB"	"LumB"	NA	"LumA"	"LumA"	"LumA"	"Her2"	"LumB"	1.44881563572518	"LumA;LumB"	"3"	"TRUE"	"Lum"	"Lum/HER2"	"Lum/HER2"	0.270808280264789	262	36	20.7216061643535	7.28	0.0846336884197122	364
"SUM44PE-I"	"SUM44PE"	"ILC"	""	"ICLE"	9.82	"ER+"	3.55	"ER+"	"ER+"	7.04	"HER2-"	-1.22	"HER2-"	-1	"HER2-"	"LumB"	"LumB"	"LumB"	"LumB"	"LumB"	"LumB"	"LumB"	"LumB"	0	"LumB"	"8"	"FALSE"	"Lum"	"Lum"	"Lum/HER2"	0.284282409726804	167	14	20.9204192340061	4.84	0.0539459006339387	242
"WCRC25-I"	"WCRC25"	"ILC"	""	"ICLE"	3.02	"ER-"	NA	NA	"ER-"	9.53	"HER2-"	NA	NA	-1	"HER2-"	"Her2"	"Her2"	"Her2"	"Her2"	"Her2"	"Her2"	"Her2"	"Her2"	0	"Her2"	"8"	"FALSE"	"Lum/HER2"	NA	"Lum/HER2"	0.143806071140669	139	18	15.5878138327929	7.46	0.0449010789707634	373
"MDAMB468-C"	"MDAMB468"	"ILC-like"	"Y"	"Other"	2.88	"ER-"	-0.11	"ER-"	"ER-"	6.09	"HER2-"	1.55	"HER2-"	-1	"HER2-"	"Basal"	"Basal"	"Basal"	"Basal"	"Basal"	"Basal"	"Basal"	"Basal"	0	"Basal"	"8"	"FALSE"	"Basal"	"Basal"	"Basal"	0.531330542950337	285	NA	15.6853290486472	6.86	0.0920633633573206	343
"HCC2218-C"	"HCC2218"	"ILC-like"	"Y"	"Other"	1.34	"ER-"	-0.57	"ER-"	"ER-"	13.2	"HER2+"	3.75	"HER2+"	2	"HER2+"	"LumB"	"LumA"	"Her2"	"LumA"	"LumA"	"LumA"	"Her2"	"Her2"	1.40563906222957	"LumA"	"4"	"FALSE"	"Lum/HER2"	"Lum/HER2"	"Lum/HER2"	0.214358215765335	168	NA	15.6958697654995	6.72	0.0542689299790521	336
"SKBR3-C"	"SKBR3"	"ILC-like"	"Y"	"Other"	1.41	"ER-"	0.09	"ER-"	"ER-"	12.89	"HER2+"	2.66	"HER2+"	2	"HER2+"	"Her2"	"Her2"	"Her2"	"Her2"	"Her2"	"Her2"	"Her2"	"Her2"	0	"Her2"	"8"	"FALSE"	"HER2"	"HER2"	NA	0.205393883925095	544	NA	NA	3.72	0.175727963741693	186
"MDAMB453-C"	"MDAMB453"	"ILC-like"	"Y"	"Other"	0.06	"ER-"	-0.4	"ER-"	"ER-"	9.96	"HER2-"	1.88	"HER2-"	1	"HER2-"	"Her2"	"Her2"	"Her2"	"Her2"	"Her2"	"Her2"	"Her2"	"Her2"	0	"Her2"	"8"	"FALSE"	"Lum/HER2"	"Lum/HER2"	"Lum/HER2"	0.22499447446887	270	NA	20.7546839461099	15.28	0.0872179231806195	764
"ZR7530-C"	"ZR7530"	"ILC-like"	"Y"	"Other"	6.4	"ER-"	1.57	"ER+"	"ER+"	13.31	"HER2+"	3.65	"HER2+"	NA	"HER2+"	"Her2"	"LumA"	NA	"LumA"	"LumA"	"LumA"	"Her2"	"Her2"	0.985228136034252	"LumA"	"4"	"FALSE"	"Lum/HER2"	"Lum/HER2"	"Lum/HER2"	NA	337	NA	16.3340337894483	7.16	0.108860889303218	358
"HCC1187-C"	"HCC1187"	"ILC-like"	"Y"	"Other"	2.65	"ER-"	-0.53	"ER-"	"ER-"	8.19	"HER2-"	0.01	"HER2-"	0	"HER2-"	"Basal"	"Basal"	"Basal"	"Basal"	"Basal"	"Basal"	"Basal"	"Basal"	0	"Basal"	"8"	"FALSE"	"Basal"	"Basal"	"Basal"	0.227141518055635	256	NA	10.9356808110615	3.8	0.0826955123490318	190
"CAMA1-C"	"CAMA1"	"ILC-like"	"Y"	"Other"	6.86	"ER-"	1.39	"ER-"	"ER-"	7.77	"HER2-"	-0.27	"HER2-"	-1	"HER2-"	"LumB"	"LumB"	"LumB"	"LumB"	"LumB"	"LumB"	"Her2"	"Her2"	0.811278124459133	"LumB"	"6"	"FALSE"	"Lum"	"Lum"	"Lum/HER2"	0.260642256973554	114	NA	18.2582825632305	8.12	0.0368253453429282	406
"CAMA1-I"	"CAMA1"	"ILC-like"	""	"ICLE"	6.75	"ER-"	1.18	"ER-"	"ER-"	7.6	"HER2-"	-0.64	"HER2-"	0	"HER2-"	"LumB"	"LumB"	"LumB"	"LumB"	"LumB"	"LumB"	"Her2"	"Her2"	0.811278124459133	"LumB"	"6"	"FALSE"	"Lum"	"Lum"	"Lum/HER2"	0.25762726161801	114	18	17.6692238865566	8.44	0.0368253453429282	422
"HCC1187-I"	"HCC1187"	"ILC-like"	""	"ICLE"	2.23	"ER-"	-0.22	"ER-"	"ER-"	8.21	"HER2-"	-0.44	"HER2-"	0	"HER2-"	"Basal"	"Basal"	"Basal"	"Basal"	"Basal"	"Basal"	"Basal"	"Basal"	0	"Basal"	"8"	"FALSE"	"Basal"	"Basal"	"Basal"	0.209535975247831	256	35	11.2666664675764	4.72	0.0826955123490318	236
"HCC2218-I"	"HCC2218"	"ILC-like"	""	"ICLE"	1.73	"ER-"	0	"ER-"	"ER-"	12.42	"HER2+"	3.35	"HER2+"	2	"HER2+"	"LumA"	"LumA"	"LumA"	"LumA"	"LumA"	"LumA"	"Her2"	"Her2"	0.811278124459133	"LumA"	"6"	"FALSE"	"Lum/HER2"	"Lum/HER2"	"Lum/HER2"	0.2402602344658	168	29	14.9960006144811	7.3	0.0542689299790521	365
"MDAMB453-I"	"MDAMB453"	"ILC-like"	""	"ICLE"	0.08	"ER-"	0.1	"ER-"	"ER-"	10.79	"HER2-"	1.76	"HER2-"	1	"HER2-"	"LumA"	"LumA"	"LumA"	"LumA"	"LumA"	"LumA"	"Her2"	"Her2"	0.811278124459133	"LumA"	"6"	"FALSE"	"Lum/HER2"	"Lum/HER2"	"Lum/HER2"	0.234610189354184	270	39	20.8064396979325	14.18	0.0872179231806195	709
"600MPE-I"	"600MPE"	"ILC-like"	""	"ICLE"	6.2	"ER-"	0.92	"ER-"	"ER-"	8.48	"HER2-"	-0.46	"HER2-"	0	"HER2-"	"LumA"	"Basal"	"Basal"	"Basal"	"Basal"	"LumA"	"Her2"	"Her2"	1.5	"Basal"	"4"	"FALSE"	"Lum/HER2"	"Basal"	"Lum/HER2"	0.180805474960468	254	36	15.3872316342089	3.76	0.082049453658805	188
"SKBR3-I"	"SKBR3"	"ILC-like"	""	"ICLE"	2.29	"ER-"	0.17	"ER-"	"ER-"	13.19	"HER2+"	3.17	"HER2+"	NA	"HER2+"	"LumA"	"Normal"	"Normal"	"LumA"	"Normal"	"LumA"	"Her2"	"Her2"	1.56127812445913	"LumA;Normal"	"3"	"TRUE"	"HER2"	"HER2"	NA	0.205393883925095	544	44	NA	6.96	0.175727963741693	348
"ZR7530-I"	"ZR7530"	"ILC-like"	""	"ICLE"	7.04	"ER+"	NA	NA	"ER+"	13.68	"HER2+"	NA	NA	2	"HER2+"	"LumB"	"LumB"	NA	"LumA"	"LumA"	"LumA"	"Her2"	"Her2"	1.55665670746282	"LumA"	"3"	"FALSE"	"Lum/HER2"	NA	"Lum/HER2"	0.212148222232859	337	58	16.409592949073	8.52	0.108860889303218	426
"MDAMB468-I"	"MDAMB468"	"ILC-like"	""	"ICLE"	3.3	"ER-"	-0.67	"ER-"	"ER-"	6.4	"HER2-"	-0.45	"HER2-"	-1	"HER2-"	"Basal"	"Basal"	"Basal"	"Basal"	"Basal"	"Basal"	"Basal"	"Her2"	0.543564443199596	"Basal"	"7"	"FALSE"	"Basal"	"Basal"	"Basal"	0.228188306795879	285	23	15.8982797523615	7.58	0.0920633633573206	379
"OCUBM-I"	"OCUBM"	"ILC-like"	""	"ICLE"	0.28	"ER-"	-0.37	"ER-"	"ER-"	11.13	"HER2-"	2.63	"HER2+"	2	"HER2+"	"Her2"	"Basal"	"Basal"	"Her2"	"Her2"	"Her2"	"Her2"	"Her2"	0.811278124459133	"Her2"	"6"	"FALSE"	"Lum/HER2"	"Basal"	"Lum/HER2"	0.409953974818291	490	32	16.0111138561712	14.6	0.158284379105569	730
"HS578T-C"	"HS578T"	"NST"	""	"Other"	0.39	"ER-"	-0.84	"ER-"	"ER-"	6.45	"HER2-"	-1.47	"HER2-"	0	"HER2-"	"Basal"	"Basal"	"Basal"	"Basal"	"Basal"	"Basal"	"Basal"	"Basal"	0	"Basal"	"8"	"FALSE"	"Basal"	"Basal"	NA	0.0977844130243905	NA	NA	NA	3.36	NA	168
"HCC1143-C"	"HCC1143"	"NST"	""	"Other"	4.32	"ER-"	-0.81	"ER-"	"ER-"	6.49	"HER2-"	-0.66	"HER2-"	0	"HER2-"	"Basal"	"Basal"	"Basal"	"Basal"	"Basal"	"Basal"	"Basal"	"Basal"	0	"Basal"	"8"	"FALSE"	"Basal"	"Basal"	"Basal"	0.314566665989757	NA	NA	13.968615474565	3.9	NA	195
"HCC1954-C"	"HCC1954"	"NST"	""	"Other"	3.94	"ER-"	-0.43	"ER-"	"ER-"	13.38	"HER2+"	4.4	"HER2+"	2	"HER2+"	"Her2"	"Basal"	"Basal"	"Basal"	"Basal"	"Basal"	"Her2"	"Her2"	0.954434002924965	"Basal"	"5"	"FALSE"	"Basal"	"Basal"	"Basal"	0.235828995500041	NA	NA	18.260025769191	5.26	NA	263
"HCC2157-C"	"HCC2157"	"NST"	""	"Other"	0.09	"ER-"	NA	NA	"ER-"	8.35	"HER2-"	NA	NA	NA	"HER2-"	"Basal"	"Basal"	"Basal"	"Basal"	"Basal"	"Basal"	"Basal"	"Basal"	0	"Basal"	"8"	"FALSE"	"Basal"	NA	"Lum/HER2"	NA	NA	NA	20.4702302690694	6.3	NA	315
"BT474-C"	"BT474"	"NST"	""	"Other"	6.75	"ER-"	2	"ER+"	"ER+"	12.42	"HER2+"	4.29	"HER2+"	2	"HER2+"	"LumA"	"LumB"	NA	"LumA"	"LumA"	"LumA"	"Her2"	"Her2"	1.37878349348618	"LumA"	"4"	"FALSE"	"Lum/HER2"	"Lum/HER2"	"Lum/HER2"	0.218029584762806	NA	NA	15.2279131855236	16.32	NA	816
"HDQP1-C"	"HDQP1"	"NST"	""	"Other"	3.73	"ER-"	-0.33	"ER-"	"ER-"	7.65	"HER2-"	-0.54	"HER2-"	0	"HER2-"	"Basal"	"Basal"	"Basal"	"Basal"	"Basal"	"Basal"	"Basal"	"Her2"	0.543564443199596	"Basal"	"7"	"FALSE"	"Basal"	"Basal"	"Basal"	0.23716215623578	NA	NA	12.7048670914493	6.04	NA	302
"BT483-C"	"BT483"	"NST"	""	"Other"	7.32	"ER+"	2.83	"ER+"	"ER+"	9.68	"HER2-"	-0.28	"HER2-"	0	"HER2-"	"LumA"	"LumA"	"LumA"	"LumA"	"LumA"	"LumA"	"LumB"	"LumB"	0.811278124459133	"LumA"	"6"	"FALSE"	"Lum"	"Lum"	"Lum/HER2"	0.22981379176837	NA	NA	14.1538259989671	8.84	NA	442
"HCC1937-C"	"HCC1937"	"NST"	""	"Other"	4.02	"ER-"	-0.27	"ER-"	"ER-"	7.07	"HER2-"	-1.05	"HER2-"	0	"HER2-"	"Basal"	"Basal"	"Basal"	"Basal"	"Basal"	"Basal"	"Basal"	"Her2"	0.543564443199596	"Basal"	"7"	"FALSE"	"Basal"	"Basal"	"Basal"	0.237529727145867	NA	NA	15.365356490182	4.3	NA	215
"HCC1419-C"	"HCC1419"	"NST"	""	"Other"	6.23	"ER-"	1.26	"ER-"	"ER-"	13.32	"HER2+"	4.43	"HER2+"	2	"HER2+"	"Her2"	"Her2"	"Her2"	"Her2"	"Her2"	"Her2"	"Her2"	"Her2"	0	"Her2"	"8"	"FALSE"	"Lum/HER2"	"Lum/HER2"	"Lum/HER2"	0.133447269296401	NA	NA	15.6599508605312	4	NA	200
"HCC1569-C"	"HCC1569"	"NST"	""	"Other"	0.3	"ER-"	-0.35	"ER-"	"ER-"	12.7	"HER2+"	1.16	"HER2-"	2	"HER2+"	"Basal"	"Basal"	"Basal"	"Basal"	"Basal"	"Basal"	"Basal"	"Basal"	0	"Basal"	"8"	"FALSE"	"Basal"	"Basal"	"Basal"	0.345923017937535	NA	NA	17.2874176385537	35.28	NA	1764
"HCC1806-C"	"HCC1806"	"NST"	""	"Other"	3.42	"ER-"	-0.19	"ER-"	"ER-"	7.24	"HER2-"	-1.41	"HER2-"	0	"HER2-"	"Basal"	"Basal"	"Basal"	"Basal"	"Basal"	"Basal"	"Basal"	"Her2"	0.543564443199596	"Basal"	"7"	"FALSE"	"Basal"	"Basal"	"Basal"	0.205858276729867	NA	NA	11.7247491451352	4.76	NA	238
"HCC202-C"	"HCC202"	"NST"	""	"Other"	1.17	"ER-"	-0.35	"ER-"	"ER-"	12.71	"HER2+"	3.58	"HER2+"	2	"HER2+"	"Her2"	"Her2"	"Her2"	"Her2"	"Her2"	"Her2"	"Her2"	"Her2"	0	"Her2"	"8"	"FALSE"	"Lum/HER2"	"Lum/HER2"	"Lum/HER2"	0.504781973093781	NA	NA	16.7418843342459	7.94	NA	397
"UACC812-C"	"UACC812"	"NST"	""	"Other"	6.94	"ER+"	0.96	"ER-"	"ER+"	12.85	"HER2+"	4.49	"HER2+"	1	"HER2+"	"LumA"	"LumA"	NA	"LumA"	"LumA"	"LumA"	"Her2"	"Her2"	0.863120568566631	"LumA"	"5"	"FALSE"	"Lum"	"Lum/HER2"	"Lum/HER2"	0.260444749204394	NA	NA	13.9230369500022	5.34	NA	267
"CAL148-C"	"CAL148"	"NST"	""	"Other"	0.06	"ER-"	-0.43	"ER-"	"ER-"	9.56	"HER2-"	-0.08	"HER2-"	0	"HER2-"	"Her2"	"Basal"	"Basal"	"Her2"	"Basal"	"Her2"	"Her2"	"Her2"	0.954434002924965	"Her2"	"5"	"FALSE"	"Lum/HER2"	"Lum/HER2"	"Lum/HER2"	0.168025496486329	NA	NA	15.3216251748726	9.34	NA	467
"HCC1395-C"	"HCC1395"	"NST"	""	"Other"	0.18	"ER-"	-0.88	"ER-"	"ER-"	5.54	"HER2-"	-1.6	"HER2-"	NA	"HER2-"	"Basal"	"Basal"	"Basal"	"Basal"	"Basal"	"Basal"	"Basal"	"Basal"	0	"Basal"	"8"	"FALSE"	"Basal"	"Basal"	"Basal"	NA	NA	NA	15.4109778153337	7.54	NA	377
"HCC1599-C"	"HCC1599"	"NST"	""	"Other"	3.49	"ER-"	0.78	"ER-"	"ER-"	7.04	"HER2-"	-0.1	"HER2-"	1	"HER2-"	"Basal"	"Basal"	"Basal"	"Basal"	"Basal"	"Basal"	"Basal"	"Basal"	0	"Basal"	"8"	"FALSE"	"Basal"	"Basal"	"Basal"	0.278952709144249	NA	NA	12.7570010974104	5.78	NA	289
"HCC1500-C"	"HCC1500"	"NST"	""	"Other"	8.77	"ER+"	1.86	"ER+"	"ER+"	6.8	"HER2-"	-1.19	"HER2-"	-1	"HER2-"	"LumA"	"LumA"	"LumA"	"LumA"	"LumA"	"LumA"	"LumB"	"LumB"	0.811278124459133	"LumA"	"6"	"FALSE"	"Lum"	"Lum"	"Lum/HER2"	0.493554085902802	NA	NA	16.5613441936077	3.48	NA	174
"MCF7-C"	"MCF7"	"NST"	""	"Other"	7.96	"ER+"	3.61	"ER+"	"ER+"	7.32	"HER2-"	-0.89	"HER2-"	-1	"HER2-"	"LumB"	"LumA"	"LumA"	"Normal"	"Normal"	"LumA"	"LumB"	"LumB"	1.56127812445913	"LumA;LumB"	"3"	"TRUE"	"Lum"	"Lum"	"Lum/HER2"	0.236961757964711	NA	NA	17.1289556434044	8.14	NA	407
"HCC70-C"	"HCC70"	"NST"	""	"Other"	3.23	"ER-"	-0.41	"ER-"	"ER-"	7.02	"HER2-"	-0.01	"HER2-"	-1	"HER2-"	"Basal"	"Basal"	"Basal"	"Basal"	"Basal"	"Basal"	"Basal"	"Her2"	0.543564443199596	"Basal"	"7"	"FALSE"	"Basal"	"Basal"	"Basal"	0.347107812220902	NA	NA	10.8227218959988	4.24	NA	212
"JIMT1-C"	"JIMT1"	"NST"	""	"Other"	3.86	"ER-"	-0.14	"ER-"	"ER-"	10.36	"HER2-"	1.07	"HER2-"	2	"HER2+"	"Basal"	"Basal"	"Basal"	"Basal"	"Basal"	"Basal"	"Basal"	"Her2"	0.543564443199596	"Basal"	"7"	"FALSE"	"Basal"	"Basal"	NA	0.234506199153985	NA	NA	NA	3.32	NA	166
"KPL1-C"	"KPL1"	"NST"	""	"Other"	7.02	"ER+"	2.78	"ER+"	"ER+"	7.39	"HER2-"	-1.16	"HER2-"	-1	"HER2-"	"LumB"	"LumB"	"LumA"	"LumA"	"Normal"	"LumB"	"Her2"	"Her2"	1.90563906222957	"LumB"	"3"	"FALSE"	"Lum"	"Lum"	NA	0.254130945662232	NA	NA	NA	3.2	NA	160
"HCC38-C"	"HCC38"	"NST"	""	"Other"	0.15	"ER-"	-0.79	"ER-"	"ER-"	8.33	"HER2-"	0.09	"HER2-"	1	"HER2-"	"Basal"	"Basal"	"Basal"	"Basal"	"Basal"	"Basal"	"Basal"	"Basal"	0	"Basal"	"8"	"FALSE"	"Basal"	"Basal"	"Basal"	0.368408105245646	NA	NA	10.0509826884047	5.06	NA	253
"BT20-C"	"BT20"	"NST"	""	"Other"	3.94	"ER-"	-0.31	"ER-"	"ER-"	7.74	"HER2-"	0.06	"HER2-"	0	"HER2-"	"Basal"	"Basal"	"Basal"	"Basal"	"Basal"	"Basal"	"Basal"	"Her2"	0.543564443199596	"Basal"	"7"	"FALSE"	"Basal"	"Basal"	"Lum/HER2"	0.241949179267843	NA	NA	22.4518661745825	6.76	NA	338
"ZR751-C"	"ZR751"	"NST"	""	"Other"	6.89	"ER-"	2.75	"ER+"	"ER+"	7.94	"HER2-"	0.95	"HER2-"	-1	"HER2-"	"LumB"	"LumB"	"LumB"	"LumA"	"LumB"	"LumB"	"Her2"	"LumB"	1.06127812445913	"LumB"	"6"	"FALSE"	"Lum"	"Lum"	NA	0.206842769150236	NA	NA	NA	4.12	NA	206
"EFM19-C"	"EFM19"	"NST"	""	"Other"	8.02	"ER+"	2.69	"ER+"	"ER+"	9.17	"HER2-"	-0.01	"HER2-"	1	"HER2-"	"LumB"	"LumA"	"LumA"	"LumA"	"LumA"	"LumB"	"LumB"	"Her2"	1.40563906222957	"LumA"	"4"	"FALSE"	"Lum"	"Lum"	"Lum/HER2"	0.364507062987703	NA	NA	16.5586782551382	3.98	NA	199
"BT549-C"	"BT549"	"NST"	""	"Other"	0.09	"ER-"	-0.7	"ER-"	"ER-"	5.94	"HER2-"	-0.44	"HER2-"	-1	"HER2-"	"Basal"	"Basal"	"Basal"	"Basal"	"Basal"	"Basal"	"Basal"	"Basal"	0	"Basal"	"8"	"FALSE"	"Basal"	"Basal"	"Basal"	0.159831746003508	NA	NA	11.1475452734972	3.32	NA	166
"MDAMB157-C"	"MDAMB157"	"NST"	""	"Other"	0.61	"ER-"	-0.72	"ER-"	"ER-"	5.85	"HER2-"	-1.39	"HER2-"	0	"HER2-"	"Basal"	"Basal"	"Basal"	"Basal"	"Basal"	"Basal"	"Basal"	"Basal"	0	"Basal"	"8"	"FALSE"	"Basal"	"Basal"	"Basal"	0.268240125876419	NA	NA	12.1387167632592	6.82	NA	341
"T47D-C"	"T47D"	"NST"	""	"Other"	7.89	"ER+"	2.79	"ER+"	"ER+"	8.03	"HER2-"	-0.02	"HER2-"	0	"HER2-"	"LumB"	"LumB"	"LumB"	"LumB"	"LumB"	"LumB"	"Her2"	"LumB"	0.543564443199596	"LumB"	"7"	"FALSE"	"Lum"	"Lum"	"Lum/HER2"	0.224070575391151	NA	NA	14.5536114232992	2.26	NA	113
"MDAMB436-C"	"MDAMB436"	"NST"	""	"Other"	0.31	"ER-"	-0.9	"ER-"	"ER-"	5.47	"HER2-"	-1.5	"HER2-"	-1	"HER2-"	"Basal"	"Basal"	"Basal"	"Basal"	"Basal"	"Basal"	"Her2"	"Her2"	0.811278124459133	"Basal"	"6"	"FALSE"	"Basal"	"Basal"	"Basal"	0.316720815582236	NA	NA	14.7863225397451	6.26	NA	313
"UACC893-C"	"UACC893"	"NST"	""	"Other"	4.07	"ER-"	-0.3	"ER-"	"ER-"	13.51	"HER2+"	4.16	"HER2+"	2	"HER2+"	"Her2"	"Her2"	"Her2"	"Her2"	"Her2"	"Her2"	"Her2"	"Her2"	0	"Her2"	"8"	"FALSE"	"HER2"	"Lum/HER2"	"Lum/HER2"	0.336994853393658	NA	NA	16.2890389466966	6.44	NA	322
"MDAMB175VII-C"	"MDAMB175VII"	"NST"	""	"Other"	5.94	"ER-"	1.01	"ER-"	"ER-"	9.29	"HER2-"	0.4	"HER2-"	0	"HER2-"	"LumA"	"Her2"	"LumA"	"LumA"	"LumA"	"LumA"	"Her2"	"Her2"	0.954434002924965	"LumA"	"5"	"FALSE"	"Lum/HER2"	"Lum"	NA	0.233938376151132	NA	NA	NA	5.94	NA	297
