"ID"	"Histology"	"Subtype"	"CN"	"CN_logRR"	"Mutation"	"Mutation_AF"	"Mutation_type_broad"	"Mutation_type"	"RNA"	"Protein"	"DNAm"
"BCK4-I"	"ILC"	"Lum/HER2"	-1	-0.4158	1	0.968	"Truncating"	"Frame_Shift_Del"	-0.765092337839531	-1.25274934684508	-0.247445365916295
"MDAMB134VI-I"	"ILC"	"Lum"	-2	-0.2517	0	NA	"WT"	"WT"	-0.688529508159806	-1.44665905223438	-0.270847466522861
"UACC3133-I"	"ILC"	"Lum/HER2"	-1	-0.316	1	0.974	"Truncating"	"Splice_Site"	-0.838327958983007	-1.37394696578521	-0.261135695726501
"HCC2185-I"	"ILC"	"Lum/HER2"	-2	-2.6779	0	NA	"WT"	"WT"	-1.73377390463285	-1.28553281400808	NA
"IPH926-I"	"ILC"	"Lum/HER2"	-1	-0.1971	1	0.991	"Truncating"	"Frame_Shift_Ins"	-0.485487109753414	-1.47643990232029	-0.283424868147594
"MDAMB330-I"	"ILC"	"Lum"	-1	-0.138	0	NA	"WT"	"WT"	1.05053848960577	1.13715194459596	-0.286327343371001
"SUM44PE-I"	"ILC"	"Lum"	-1	-0.1436	1	0.979	"Truncating"	"Frame_Shift_Del"	-0.591606551342787	-1.33710669912392	-0.283216083618514
"WCRC25-I"	"ILC"	"Lum/HER2"	-1	-0.3273	1	0.976	"Truncating"	"Nonsense_Mutation"	-0.361507353159109	NA	-0.275406962742745
"CAMA1-I"	"ILC-like"	"Lum"	0	0.0492	1	0.979	"Truncating"	"Splice_Site"	0.198584441676174	-0.109260155169933	-0.282072936604256
"HCC2218-I"	"ILC-like"	"Lum/HER2"	-2	-2.79365	0	NA	"WT"	"WT"	-0.41290217718843	-0.718015116892621	NA
"MDAMB453-I"	"ILC-like"	"Lum/HER2"	-1	-0.181	1	0.959	"Truncating"	"Nonsense_Mutation"	-0.215575842928121	-1.43769277919918	-0.262234583119277
"600MPE-I"	"ILC-like"	"Lum/HER2"	-1	-0.2721	1	0.971	"Truncating"	"Splice_Site"	0.708602096607238	1.14302546532859	-0.291321358072075
"SKBR3-I"	"ILC-like"	"HER2"	-2	-2.24465	0	NA	"WT"	"WT"	-1.85812073977447	-1.1393066648878	NA
"ZR7530-I"	"ILC-like"	"Lum/HER2"	-1	-0.3538	1	0.974	"Truncating"	"Nonsense_Mutation"	-0.852907290841389	NA	-0.267057031653631
"OCUBM-I"	"ILC-like"	"Lum/HER2"	-2	-0.2961	0	NA	"WT"	"WT"	0.518494035700128	-0.94731961209917	NA
"BT474-C"	"NST"	"Lum/HER2"	0	-0.0376	0	NA	"WT"	"WT"	1.00421521915466	0.719488679465752	-0.277277130587714
"BT483-C"	"NST"	"Lum"	0	-0.0088	0	NA	"WT"	"WT"	1.12210654630436	0.64362756096486	-0.291059701192113
"HCC1419-C"	"NST"	"Lum/HER2"	-1	-0.1547	0	NA	"WT"	"WT"	0.617370538953573	0.792349819422361	-0.28328214873938
"HCC202-C"	"NST"	"Lum/HER2"	0	0.0254	0	NA	"WT"	"WT"	0.868149589133713	0.525456667501895	-0.287754475698467
"UACC812-C"	"NST"	"Lum"	-1	-0.1993	1	0.423076923076923	"Truncating"	"Splice_Site"	0.737751368146165	0.530408896405346	-0.296744803288091
"CAL148-C"	"NST"	"Lum/HER2"	-1	-0.36965	1	1	"Missense"	"Missense_Mutation"	0.494422680133651	0.488894740066189	-0.293183915750958
"HCC1500-C"	"NST"	"Lum"	0	0.1235	0	NA	"WT"	"WT"	0.739205649624511	0.767047776001874	-0.30215834189861
"MCF7-C"	"NST"	"Lum"	1	0.12535	0	NA	"WT"	"WT"	1.12687258633262	0.781915017579549	-0.295076569076453
"KPL1-C"	"NST"	"Lum"	1	0.1485	0	NA	"WT"	"WT"	0.998130369436039	0.416716012204267	NA
"ZR751-C"	"NST"	"Lum"	1	0.1789	0	NA	"WT"	"WT"	0.630039901976735	0.998577853640372	NA
"EFM19-C"	"NST"	"Lum"	-1	-0.2569	0	NA	"WT"	"WT"	0.743416438530108	0.412638904467121	-0.284701146192799
"T47D-C"	"NST"	"Lum"	0	-0.036	0	NA	"WT"	"WT"	0.868044967014768	0.891028307586653	-0.299190646395174
"UACC893-C"	"NST"	"HER2"	0	0.0671	0	0.487179487179487	"Silent"	"Silent"	0.971662947057447	0.927203075659913	-0.268688836818298
"MDAMB175VII-C"	"NST"	"Lum/HER2"	0	0.0054	0	NA	"WT"	"WT"	1.09273925494641	0.554701008536988	NA
"HCC1187-I"	"ILC-like"	"Basal"	0	-0.0871	0	NA	"WT"	"WT"	0.135808504775627	0.763530797328551	-0.290718866027311
"MDAMB468-I"	"ILC-like"	"Basal"	-1	-0.2311	0	NA	"WT"	"WT"	0.251395094112988	1.00722516777686	-0.268147019406283
