"ID"	"Histology"	"PAM50"	"CN"	"CN_logRR"	"Mutation"	"Mutation_AF"	"Mutation_type_broad"	"Mutation_type"	"RNA"	"Protein"	"DNAm"
"TCGA-A2-A04X-01"	"NST"	"Her2"	0	0.0542	0	NA	"WT"	"WT"	0.713963448753915	NA	NA
"TCGA-A2-A0EQ-01"	"NST"	"Her2"	-1	-0.1119	0	NA	"WT"	"WT"	0.292879537247376	0.0796781802554115	NA
"TCGA-A2-A0T1-01"	"NST"	"Her2"	-1	-0.1859	0	NA	"WT"	"WT"	-0.242870301494887	0.485236305820369	1.82026374842917
"TCGA-A2-A3XV-01"	"NST"	"Her2"	0	-5e-04	0	NA	"WT"	"WT"	0.422652731434861	0.466497027217544	-0.383846472397934
"TCGA-A2-A3XZ-01"	"NST"	"Her2"	0	-0.0247	0	NA	"WT"	"WT"	0.227477280541569	0.0434885017894102	2.08365972111371
"TCGA-A7-A4SF-01"	"NST"	"Her2"	0	0.1002	0	NA	"WT"	"WT"	1.19655937999605	1.50482247878626	-0.305770274053958
"TCGA-A8-A07I-01"	"NST"	"Her2"	0	0.0719	0	NA	"WT"	"WT"	0.991771735226232	0.303386786018676	NA
"TCGA-A8-A08B-01"	"NST"	"Her2"	-1	-0.4965	0	NA	"WT"	"WT"	0.00159479813864278	NA	NA
"TCGA-A8-A08J-01"	"NST"	"Her2"	0	-0.0211	0	NA	"WT"	"WT"	0.649413407232278	0.893074627591014	NA
"TCGA-A8-A08L-01"	"NST"	"Her2"	2	0.5484	0	NA	"WT"	"WT"	1.08650900121334	0.0396402937599075	NA
"TCGA-A8-A08X-01"	"NST"	"Her2"	-1	-0.1962	0	NA	"WT"	"WT"	-0.148586723656747	0.121504143012724	NA
"TCGA-A8-A094-01"	"NST"	"Her2"	-1	-0.285	0	NA	"WT"	"WT"	0.487282163344401	0.664684776202989	NA
"TCGA-AC-A23H-01"	"NST"	"Her2"	1	0.2183	0	NA	"WT"	"WT"	1.83985424435507	NA	-1.21025943902435
"TCGA-AN-A0FV-01"	"NST"	"Her2"	0	0.1297	0	NA	"WT"	"WT"	1.29409090901492	0.68157545662049	NA
"TCGA-B6-A0I9-01"	"NST"	"Her2"	1	0.3589	0	NA	"WT"	"WT"	0.938678999777776	0.388594160397094	NA
"TCGA-B6-A0IK-01"	"NST"	"Her2"	0	0.115	0	NA	"WT"	"WT"	1.03720986319244	0.230931307855334	-0.275293517975069
"TCGA-B6-A0RH-01"	"NST"	"Her2"	-1	-0.4499	0	NA	"WT"	"WT"	-0.0693381718681298	0.352562038610834	NA
"TCGA-BH-A0B7-01"	"NST"	"Her2"	-1	-0.0458	0	NA	"WT"	"WT"	0.723303234639857	0.529956062975628	NA
"TCGA-BH-A18R-01"	"NST"	"Her2"	0	-0.0201	0	NA	"WT"	"WT"	1.12824490519682	0.768297540641515	NA
"TCGA-BH-A1EV-01"	"NST"	"Her2"	-1	-0.4335	0	NA	"WT"	"WT"	0.406135931892513	0.42295358308207	-0.17126344494693
"TCGA-BH-A203-01"	"NST"	"Her2"	0	-0.059	0	NA	"WT"	"WT"	0.347133952575161	0.0560989247203471	0.92533046375978
"TCGA-C8-A12L-01"	"NST"	"Her2"	1	0.2376	0	NA	"WT"	"WT"	1.08105509316942	0.537645851473437	NA
"TCGA-C8-A12P-01"	"NST"	"Her2"	0	-0.1697	0	NA	"WT"	"WT"	0.561806103961217	0.340015702046973	NA
"TCGA-C8-A12Q-01"	"NST"	"Her2"	0	0.0457	0	NA	"WT"	"WT"	0.813153398633819	0.0676466508644263	NA
"TCGA-C8-A12T-01"	"NST"	"Her2"	0	0.0159	0	NA	"WT"	"WT"	0.990097840971594	0.0276000228022811	NA
"TCGA-C8-A135-01"	"NST"	"Her2"	-1	-0.0643	0	NA	"WT"	"WT"	0.542937457872682	0.471234798354531	NA
"TCGA-C8-A138-01"	"NST"	"Her2"	1	0.5062	0	NA	"WT"	"WT"	0.764972733735484	0.75319707644989	NA
"TCGA-C8-A1HF-01"	"NST"	"Her2"	-1	-0.3896	0	NA	"WT"	"WT"	-0.325684362694365	0.494670233378	1.6547428577493
"TCGA-C8-A1HK-01"	"NST"	"Her2"	1	0.2811	0	NA	"WT"	"WT"	1.33688506086346	0.876684613385949	-1.71361116246353
"TCGA-C8-A26X-01"	"NST"	"Her2"	-1	-0.1954	0	NA	"WT"	"WT"	0.364153024573448	-0.124545315684776	1.65383075843326
"TCGA-C8-A26Y-01"	"NST"	"Her2"	-1	-0.2308	0	NA	"WT"	"WT"	0.290690833710942	0.305920510370756	1.47966977799193
"TCGA-C8-A275-01"	"NST"	"Her2"	0	-0.0464	0	NA	"WT"	"WT"	0.534177284482621	0.73564308038266	0.141370386028191
"TCGA-C8-A278-01"	"NST"	"Her2"	-1	-0.2476	0	NA	"WT"	"WT"	0.160207491144431	0.0350560660588275	1.32057445042066
"TCGA-D8-A13Z-01"	"NST"	"Her2"	-1	-0.1951	0	NA	"WT"	"WT"	0.141324176046194	0.533592698687625	NA
"TCGA-D8-A1JA-01"	"NST"	"Her2"	0	0.0452	0	NA	"WT"	"WT"	1.31848473467512	0.925104829992016	-1.01370809521003
"TCGA-D8-A1JF-01"	"NST"	"Her2"	1	0.1268	0	NA	"WT"	"WT"	0.870925380690718	0.89295565374145	-0.0731075530668455
"TCGA-D8-A1JG-01"	"NST"	"Her2"	-1	-0.1603	0	NA	"WT"	"WT"	0.476689005331311	0.496870645955542	1.02823095998843
"TCGA-D8-A1XT-01"	"NST"	"Her2"	0	0.112	0	NA	"WT"	"WT"	0.448509791119629	0.317274099672201	-0.183485393595715
"TCGA-E2-A14P-01"	"NST"	"Her2"	2	0.6866	0	NA	"WT"	"WT"	1.91719611409501	0.669552269682302	NA
"TCGA-E2-A14V-01"	"NST"	"Her2"	0	0.0219	0	NA	"WT"	"WT"	0.942616316774535	-0.149108700175044	NA
"TCGA-E2-A152-01"	"NST"	"Her2"	1	0.2243	0	NA	"WT"	"WT"	1.33548598408076	0.353974131176237	NA
"TCGA-E2-A1B0-01"	"NST"	"Her2"	1	0.115	0	NA	"WT"	"WT"	0.781260470930532	-2.00466955630703	0.445675648601028
"TCGA-E2-A1LB-01"	"NST"	"Her2"	0	0.0703	0	NA	"WT"	"WT"	1.09273692340978	0.492539038254616	-0.51242485515225
"TCGA-E2-A1LE-01"	"NST"	"Her2"	0	0.0148	0	NA	"WT"	"WT"	0.726607453574026	0.398443189472323	0.82312562203838
"TCGA-E9-A1RH-01"	"NST"	"Her2"	0	-0.0355	0	NA	"WT"	"WT"	0.885032281371009	-2.01790032241364	-0.569390064975959
"TCGA-E9-A248-01"	"NST"	"Her2"	-1	-0.1549	0	NA	"WT"	"WT"	0.190377385178751	0.69948869226042	1.5279520996991
"TCGA-EW-A1OV-01"	"NST"	"Her2"	-1	-0.2563	0	NA	"WT"	"WT"	-2.5484534495435	-2.06084938970394	1.73270061490769
"TCGA-EW-A2FR-01"	"NST"	"Her2"	0	0.0613	0	NA	"WT"	"WT"	0.582102111773667	1.74327486223968	0.15712599261058
"TCGA-GM-A2DB-01"	"NST"	"Her2"	1	0.0483	0	NA	"WT"	"WT"	0.498701067140321	-0.149122225429369	0.939876509194394
"TCGA-GM-A2DH-01"	"NST"	"Her2"	0	0.0468	0	NA	"WT"	"WT"	0.341717644506442	0.402186106483545	1.40240170489655
"TCGA-LL-A5YO-01"	"NST"	"Her2"	0	-0.0594	0	NA	"WT"	"WT"	-0.519660838947043	0.539127369567595	2.4263948449304
"TCGA-B6-A0IG-01"	"NST"	"LumA"	0	0.1595	0	NA	"WT"	"WT"	0.508956264350222	0.864430597698469	NA
"TCGA-BH-A0HQ-01"	"NST"	"LumA"	-1	-0.4294	0	NA	"WT"	"WT"	0.173714148764204	NA	NA
"TCGA-A1-A0SD-01"	"NST"	"LumA"	-1	-0.4087	0	NA	"WT"	"WT"	0.412173780627005	NA	NA
"TCGA-A1-A0SF-01"	"NST"	"LumA"	-1	-0.3235	0	NA	"WT"	"WT"	0.5876114610048	1.01629432486397	0.253355553434921
"TCGA-A1-A0SJ-01"	"NST"	"LumA"	1	0.2259	0	NA	"WT"	"WT"	1.8263509483496	0.522456193855257	-0.971695422700157
"TCGA-A1-A0SM-01"	"NST"	"LumA"	-1	-0.4965	0	NA	"WT"	"WT"	-0.237629628434109	NA	-0.499620070360405
"TCGA-A1-A0SQ-01"	"NST"	"LumA"	0	0.0047	0	NA	"WT"	"WT"	1.29740676521918	0.804517232549737	-1.17943645852536
"TCGA-A2-A04V-01"	"NST"	"LumA"	-1	-0.7089	0	NA	"WT"	"WT"	-0.0852785425301785	0.494052776679641	NA
"TCGA-A2-A0CP-01"	"NST"	"LumA"	-1	-0.3562	0	NA	"WT"	"WT"	-0.376803471035971	0.025158968709961	NA
"TCGA-A2-A0CQ-01"	"NST"	"LumA"	-1	-0.5496	0	NA	"WT"	"WT"	-0.0226963122093507	1.22138792751733	NA
"TCGA-A2-A0CS-01"	"NST"	"LumA"	-1	-0.4833	0	NA	"WT"	"WT"	0.557684696945404	0.556650109423479	NA
"TCGA-A2-A0CU-01"	"NST"	"LumA"	0	0.072	0	NA	"WT"	"WT"	1.63075648793336	1.21779016808964	NA
"TCGA-A2-A0CV-01"	"NST"	"LumA"	-1	-0.2886	0	NA	"WT"	"WT"	-0.0809375290352727	0.915463426509432	NA
"TCGA-A2-A0D3-01"	"NST"	"LumA"	-1	-0.6102	0	NA	"WT"	"WT"	0.241338188994398	0.694199872872192	NA
"TCGA-A2-A0EO-01"	"NST"	"LumA"	-1	-0.4475	0	NA	"WT"	"WT"	0.418645539502656	0.350573759097637	NA
"TCGA-A2-A0ET-01"	"NST"	"LumA"	1	0.3472	0	NA	"WT"	"WT"	0.752927374291735	NA	NA
"TCGA-A2-A0EU-01"	"NST"	"LumA"	-1	-0.3674	0	NA	"WT"	"WT"	0.959799533966682	0.0346471532394389	-0.825523561444751
"TCGA-A2-A0EV-01"	"NST"	"LumA"	-1	-0.3423	0	NA	"WT"	"WT"	0.147967489999356	-0.153639118487739	NA
"TCGA-A2-A0SU-01"	"NST"	"LumA"	-1	-0.4218	0	NA	"WT"	"WT"	-0.00665718546803206	0.250749161405247	0.63936639814629
"TCGA-A2-A0T5-01"	"NST"	"LumA"	-1	-0.5489	0	NA	"WT"	"WT"	-0.175803814856182	0.853883528041029	-0.305618579135291
"TCGA-A2-A0T7-01"	"NST"	"LumA"	-1	-0.2893	0	NA	"WT"	"WT"	0.721335098004472	0.434078262747185	-0.254679979102613
"TCGA-A2-A0YC-01"	"NST"	"LumA"	-1	-0.6511	0	NA	"WT"	"WT"	0.0386486174209048	-0.651888370896396	-0.442278105162664
"TCGA-A2-A0YF-01"	"NST"	"LumA"	-1	-0.5973	0	NA	"WT"	"WT"	1.01557434219922	-0.21067216358961	-0.830610114346894
"TCGA-A2-A1FZ-01"	"NST"	"LumA"	0	-0.0171	0	NA	"WT"	"WT"	0.71880927494208	-0.179688042833674	-0.0603024743926172
"TCGA-A2-A1G0-01"	"NST"	"LumA"	-1	-0.5162	1	0.385964912280702	"Missense"	"Missense_Mutation"	0.120614038218551	0.515842000741224	-0.296497263440265
"TCGA-A2-A259-01"	"NST"	"LumA"	-1	-0.3369	0	NA	"WT"	"WT"	0.257358867970598	-3.09610310598265	1.18564717942785
"TCGA-A7-A0CD-01"	"NST"	"LumA"	-1	-0.6707	0	NA	"WT"	"WT"	0.645978772358013	0.398164196524165	NA
"TCGA-A7-A0CH-01"	"NST"	"LumA"	-1	-0.7113	0	NA	"WT"	"WT"	0.215741768259758	0.754831446425986	NA
"TCGA-A7-A0D9-01"	"NST"	"LumA"	0	-0.0079	0	NA	"WT"	"WT"	1.34713745249681	0.510205013133443	-1.83270409722413
"TCGA-A7-A0DB-01"	"NST"	"LumA"	-1	-0.6736	0	NA	"WT"	"WT"	0.20161014556202	0.594085598432641	NA
"TCGA-A7-A13G-01"	"NST"	"LumA"	-1	-0.8816	0	NA	"WT"	"WT"	0.0578568184926886	NA	-1.84034045584803
"TCGA-A7-A26J-01"	"NST"	"LumA"	-1	-0.6685	0	NA	"WT"	"WT"	-0.146774650186334	NA	0.00690330380204607
"TCGA-A8-A06T-01"	"NST"	"LumA"	-1	-0.4997	0	NA	"WT"	"WT"	0.201522985182201	NA	NA
"TCGA-A8-A06U-01"	"NST"	"LumA"	-1	-0.183	0	NA	"WT"	"WT"	0.690700324911335	0.970527681549102	NA
"TCGA-A8-A06Y-01"	"NST"	"LumA"	1	0.3311	0	NA	"WT"	"WT"	1.15069456866036	1.06826235934432	NA
"TCGA-A8-A07P-01"	"NST"	"LumA"	-1	-0.6612	0	NA	"WT"	"WT"	0.481846554266256	0.629707108529251	NA
"TCGA-A8-A086-01"	"NST"	"LumA"	-1	-0.7349	0	NA	"WT"	"WT"	0.0246779631462748	0.414359230231315	NA
"TCGA-A8-A08O-01"	"NST"	"LumA"	-1	-0.4936	0	NA	"WT"	"WT"	0.288519214488817	0.422939260208461	-1.24131741518774
"TCGA-A8-A08T-01"	"NST"	"LumA"	-1	-0.6651	0	NA	"WT"	"WT"	0.333282250011533	0.480638274215358	NA
"TCGA-A8-A091-01"	"NST"	"LumA"	-1	-0.5668	1	0.686486486486486	"Missense"	"Missense_Mutation"	0.314614137177305	1.11928716187042	NA
"TCGA-A8-A093-01"	"NST"	"LumA"	-1	-0.6126	0	NA	"WT"	"WT"	0.326555117896956	NA	NA
"TCGA-A8-A09A-01"	"NST"	"LumA"	0	-0.0316	0	NA	"WT"	"WT"	1.09926749183744	1.12776128573157	NA
"TCGA-A8-A09B-01"	"NST"	"LumA"	-1	-0.4459	0	NA	"WT"	"WT"	0.379590737199418	0.0297560049639811	NA
"TCGA-A8-A09D-01"	"NST"	"LumA"	0	0.0139	0	NA	"WT"	"WT"	0.930480383233544	NA	NA
"TCGA-A8-A0A9-01"	"NST"	"LumA"	-1	-0.5115	1	0.733333333333333	"Truncating"	"Nonsense_Mutation"	-2.33000739287377	NA	NA
"TCGA-AC-A23C-01"	"NST"	"LumA"	0	0.0145	0	NA	"WT"	"WT"	0.938372806580839	0.156631823343897	1.0466314859568
"TCGA-AC-A3TM-01"	"NST"	"LumA"	-1	-0.557	1	0.282051282051282	"Truncating"	"Frame_Shift_Ins"	-1.8214801215638	-1.45612520782537	0.373199784332593
"TCGA-AN-A0AS-01"	"NST"	"LumA"	0	-0.0577	0	NA	"WT"	"WT"	0.177555389075794	0.205503207933621	NA
"TCGA-AN-A0FK-01"	"NST"	"LumA"	-1	-0.3105	0	NA	"WT"	"WT"	1.12430938573078	0.548130855683241	NA
"TCGA-AN-A0FZ-01"	"NST"	"LumA"	1	0.2584	0	NA	"WT"	"WT"	1.45190607252651	0.67774847909501	NA
"TCGA-AQ-A04L-01"	"NST"	"LumA"	0	0.0812	0	NA	"WT"	"WT"	0.629983197316078	-0.841296442938506	-0.570103590722892
"TCGA-AQ-A1H2-01"	"NST"	"LumA"	-1	-0.6337	0	NA	"WT"	"WT"	0.0569351915567117	1.96103665367171	-1.92926446297371
"TCGA-AQ-A1H3-01"	"NST"	"LumA"	-1	-0.5588	0	NA	"WT"	"WT"	-0.313322975634085	-2.41329049733262	-0.00650312023298758
"TCGA-AR-A0U3-01"	"NST"	"LumA"	-1	-0.4812	0	NA	"WT"	"WT"	0.570230415722997	0.523779090357683	-0.717520821342961
"TCGA-AR-A1AN-01"	"NST"	"LumA"	-1	-0.3298	0	NA	"WT"	"WT"	0.0167389298473837	NA	-0.00885974202324872
"TCGA-AR-A1AS-01"	"NST"	"LumA"	1	0.526466666666667	0	NA	"WT"	"WT"	0.954680038736338	0.536890184976704	-1.47060947645871
"TCGA-AR-A1AU-01"	"NST"	"LumA"	0	0.0239	0	NA	"WT"	"WT"	0.657678212724048	0.0147428357717273	-0.88779224677363
"TCGA-AR-A1AV-01"	"NST"	"LumA"	1	0.131	0	NA	"WT"	"WT"	1.05141884137276	0.460707709131125	-1.50650456760639
"TCGA-AR-A1AX-01"	"NST"	"LumA"	-1	-0.15	0	NA	"WT"	"WT"	-0.329514241277005	-1.2279043971718	2.26730197643877
"TCGA-AR-A24L-01"	"NST"	"LumA"	-1	-0.2926	0	NA	"WT"	"WT"	0.710781805855176	-0.00199952355773721	-0.339748252370883
"TCGA-AR-A24M-01"	"NST"	"LumA"	0	-0.032	0	NA	"WT"	"WT"	1.00303168095132	0.824122808843261	-1.18759177647266
"TCGA-AR-A24P-01"	"NST"	"LumA"	-1	-0.4366	0	NA	"WT"	"WT"	-0.147926065186801	-0.000317125462749916	0.297779270683399
"TCGA-B6-A0I5-01"	"NST"	"LumA"	-1	-0.6834	0	NA	"WT"	"WT"	-0.466565840562807	NA	NA
"TCGA-B6-A0IO-01"	"NST"	"LumA"	1	0.187	0	NA	"WT"	"WT"	1.1837588414735	0.425402158077297	NA
"TCGA-B6-A0RG-01"	"NST"	"LumA"	-1	-0.7813	0	NA	"WT"	"WT"	1.03499951152233	0.452073099321745	-1.94860903180757
"TCGA-B6-A0RI-01"	"NST"	"LumA"	-1	-0.5247	0	NA	"WT"	"WT"	0.392483156873359	NA	-1.00959941876264
"TCGA-B6-A0RO-01"	"NST"	"LumA"	1	0.2986	0	NA	"WT"	"WT"	1.34957452180111	1.10472222368687	-0.885319442818206
"TCGA-B6-A0WS-01"	"NST"	"LumA"	-1	-0.291	0	NA	"WT"	"WT"	0.483827949319557	NA	NA
"TCGA-B6-A0WT-01"	"NST"	"LumA"	-1	-0.0996	0	NA	"WT"	"WT"	0.816415141329701	NA	0.230363350937736
"TCGA-B6-A0WY-01"	"NST"	"LumA"	1	0.1411	0	NA	"WT"	"WT"	0.800390936611761	NA	-0.251863690338578
"TCGA-B6-A0WZ-01"	"NST"	"LumA"	-1	-0.5898	0	NA	"WT"	"WT"	0.125422983853352	NA	-0.0337014950260042
"TCGA-B6-A0X4-01"	"NST"	"LumA"	0	-0.0017	0	NA	"WT"	"WT"	0.419323954831404	NA	-1.56302297856645
"TCGA-B6-A1KI-01"	"NST"	"LumA"	-1	-0.2244	0	NA	"WT"	"WT"	0.586888689136263	NA	-0.625025479470244
"TCGA-BH-A0AY-01"	"NST"	"LumA"	-1	-0.301	0	NA	"WT"	"WT"	-0.364076657031026	-0.024810514956949	NA
"TCGA-BH-A0AZ-01"	"NST"	"LumA"	0	0.011	0	NA	"WT"	"WT"	0.155436937604081	0.108238329113249	-0.7862973342135
"TCGA-BH-A0B6-01"	"NST"	"LumA"	-1	-0.0856	0	NA	"WT"	"WT"	0.752299731369481	1.07514336087456	1.53183192507829
"TCGA-BH-A0BJ-01"	"NST"	"LumA"	0	0.0326	0	NA	"WT"	"WT"	0.785688518508113	1.12755386902473	-0.107751867999719
"TCGA-BH-A0BP-01"	"NST"	"LumA"	-1	-0.2288	0	NA	"WT"	"WT"	0.262565041125405	0.116012956681233	NA
"TCGA-BH-A0BQ-01"	"NST"	"LumA"	-1	-0.3242	0	NA	"WT"	"WT"	-0.273267241277336	0.943356739079157	NA
"TCGA-BH-A0BR-01"	"NST"	"LumA"	0	0.1234	0	NA	"WT"	"WT"	0.99858387197388	-0.139525631196296	NA
"TCGA-BH-A0BS-01"	"NST"	"LumA"	-1	-0.5671	0	NA	"WT"	"WT"	0.939350489023507	1.11470296296718	-1.59225542495711
"TCGA-BH-A0BV-01"	"NST"	"LumA"	0	0.1568	0	NA	"WT"	"WT"	0.781494818363888	0.331726985629913	NA
"TCGA-BH-A0DG-01"	"NST"	"LumA"	0	0.0066	0	NA	"WT"	"WT"	0.947298177069085	0.180299707705444	0.173991454772713
"TCGA-BH-A0DK-01"	"NST"	"LumA"	-1	-0.3869	0	NA	"WT"	"WT"	0.507583460430492	0.173565433038685	1.27874542164784
"TCGA-BH-A0DO-01"	"NST"	"LumA"	-1	-0.371	0	NA	"WT"	"WT"	-0.0671250922044205	NA	NA
"TCGA-BH-A0DQ-01"	"NST"	"LumA"	0	0.0314	0	NA	"WT"	"WT"	0.681630932716475	NA	-0.974216714522046
"TCGA-BH-A0DS-01"	"NST"	"LumA"	-1	-0.7626	0	NA	"WT"	"WT"	-0.629830866009681	-0.551317578360215	0.228399530858802
"TCGA-BH-A0DT-01"	"NST"	"LumA"	-1	-0.524	0	NA	"WT"	"WT"	-0.256405053624303	0.534154143976195	NA
"TCGA-BH-A0DX-01"	"NST"	"LumA"	0	0.1282	0	NA	"WT"	"WT"	1.28209548961123	NA	NA
"TCGA-BH-A0DZ-01"	"NST"	"LumA"	-1	-0.4888	0	NA	"WT"	"WT"	0.304290956646929	NA	NA
"TCGA-BH-A0E1-01"	"NST"	"LumA"	-1	-0.6772	0	NA	"WT"	"WT"	-0.0224130526099331	0.133058699316948	-1.58877793638466
"TCGA-BH-A0E2-01"	"NST"	"LumA"	-1	-0.5097	0	NA	"WT"	"WT"	0.622341716958094	0.00357784560832591	-0.302705468714008
"TCGA-BH-A0EA-01"	"NST"	"LumA"	-1	-0.4779	0	NA	"WT"	"WT"	-0.50116404816577	0.0608419755980987	NA
"TCGA-BH-A0EI-01"	"NST"	"LumA"	0	0.0019	0	NA	"WT"	"WT"	0.406819103206542	-0.62878229220213	NA
"TCGA-BH-A0GY-01"	"NST"	"LumA"	-1	-0.4266	0	NA	"WT"	"WT"	0.671405569276759	0.141786744354291	-0.650875464479647
"TCGA-BH-A0GZ-01"	"NST"	"LumA"	0	0.1025	0	NA	"WT"	"WT"	0.675987711993615	NA	-0.853472494834337
"TCGA-BH-A0H3-01"	"NST"	"LumA"	-1	-0.3994	0	NA	"WT"	"WT"	-0.126362345505959	NA	-0.205589637994608
"TCGA-BH-A0H7-01"	"NST"	"LumA"	1	0.0905	0	NA	"WT"	"WT"	1.02676680398028	-0.0373420579443382	-1.30876552884009
"TCGA-BH-A0H9-01"	"NST"	"LumA"	1	0.2656	0	NA	"WT"	"WT"	1.24985383706323	0.72739963195267	-0.539037861374328
"TCGA-BH-A0HA-01"	"NST"	"LumA"	0	0.0942	0	NA	"WT"	"WT"	0.879138690817609	0.89269216782632	-0.776956991945414
"TCGA-BH-A0HB-01"	"NST"	"LumA"	0	-0.1032	0	NA	"WT"	"WT"	0.971198133435682	NA	0.340914915823742
"TCGA-BH-A0HI-01"	"NST"	"LumA"	-1	-0.56	0	NA	"WT"	"WT"	0.371444139866653	NA	0.965567419814343
"TCGA-BH-A0HO-01"	"NST"	"LumA"	-1	-0.5847	0	NA	"WT"	"WT"	-0.394109448255615	NA	NA
"TCGA-BH-A0HX-01"	"NST"	"LumA"	-1	-0.3276	0	NA	"WT"	"WT"	0.609946278205367	0.628191472082645	-1.14609133444199
"TCGA-BH-A0W5-01"	"NST"	"LumA"	-1	-0.1152	0	NA	"WT"	"WT"	-0.151472267040672	0.163735787957544	1.74776133493018
"TCGA-BH-A0W7-01"	"NST"	"LumA"	-1	-0.4416	0	NA	"WT"	"WT"	-0.0472786524898614	NA	NA
"TCGA-BH-A18F-01"	"NST"	"LumA"	-1	-0.3125	1	0.246376811594203	"Truncating"	"Frame_Shift_Ins"	-1.95119068085079	-2.17237374732008	NA
"TCGA-BH-A18H-01"	"NST"	"LumA"	-1	-0.2042	0	NA	"WT"	"WT"	0.482619140288388	-0.0255648565498477	NA
"TCGA-BH-A18I-01"	"NST"	"LumA"	-1	-0.5176	0	NA	"WT"	"WT"	-0.264812034126007	NA	NA
"TCGA-BH-A18J-01"	"NST"	"LumA"	-1	-0.3052	0	NA	"WT"	"WT"	0.293625331848201	-0.426854351049778	NA
"TCGA-BH-A18N-01"	"NST"	"LumA"	-1	-0.6092	0	NA	"WT"	"WT"	0.382921059949025	0.68641668727315	NA
"TCGA-BH-A1ES-01"	"NST"	"LumA"	NA	0.1075	0	NA	"WT"	"WT"	0.901889088386738	1.06030770486547	-1.75261932874864
"TCGA-BH-A1ET-01"	"NST"	"LumA"	-1	-0.504	0	NA	"WT"	"WT"	0.32359620020432	1.24268881936332	-0.797769201720822
"TCGA-BH-A1EW-01"	"NST"	"LumA"	-1	-0.2766	0	NA	"WT"	"WT"	0.36737767967347	-0.142460598202771	1.22008354222382
"TCGA-BH-A1EX-01"	"NST"	"LumA"	1	0.6874	0	NA	"WT"	"WT"	1.09142000022305	0.409061515147115	-0.48348257731167
"TCGA-BH-A1EY-01"	"NST"	"LumA"	-1	-0.2836	0	NA	"WT"	"WT"	0.157412021163249	-0.259603542007091	1.3203439494514
"TCGA-BH-A1F5-01"	"NST"	"LumA"	-1	-0.72	0	NA	"WT"	"WT"	0.563084549831376	1.12608464862591	-0.871264297991685
"TCGA-BH-A1FE-01"	"NST"	"LumA"	-1	-0.2621	0	NA	"WT"	"WT"	0.366736751404662	0.0122340894972119	1.3868642418091
"TCGA-BH-A1FG-01"	"NST"	"LumA"	-1	-0.8251	0	NA	"WT"	"WT"	0.788867128256471	0.984586787145622	-0.385770145895511
"TCGA-BH-A1FH-01"	"NST"	"LumA"	0	0.0311	0	NA	"WT"	"WT"	0.113316918918424	0.264302588949677	-0.416059791188003
"TCGA-BH-A201-01"	"NST"	"LumA"	0	0.0301	0	NA	"WT"	"WT"	0.315208565975893	0.697218631680604	-1.47501262561647
"TCGA-BH-A42V-01"	"NST"	"LumA"	-1	-0.2785	0	NA	"WT"	"WT"	-0.0523510958449129	0.916703934800833	0.546510366567179
"TCGA-C8-A12N-01"	"NST"	"LumA"	-1	-0.6457	0	NA	"WT"	"WT"	-0.308234648706636	0.582266257268077	NA
"TCGA-C8-A12O-01"	"NST"	"LumA"	0	-0.0726	0	NA	"WT"	"WT"	0.379860466679945	0.579318893599017	NA
"TCGA-C8-A12Y-01"	"NST"	"LumA"	-1	-0.5817	0	NA	"WT"	"WT"	-0.0479827320120021	0.298192793078416	NA
"TCGA-C8-A132-01"	"NST"	"LumA"	1	0.1192	0	NA	"WT"	"WT"	0.828549780227693	0.34631414987127	NA
"TCGA-C8-A1HE-01"	"NST"	"LumA"	-1	-0.6539	0	NA	"WT"	"WT"	0.251824570002399	0.448989171996118	-0.146523499998714
"TCGA-C8-A1HI-01"	"NST"	"LumA"	-1	-0.2763	0	NA	"WT"	"WT"	0.166041505256277	0.487459763571995	-0.180970379322156
"TCGA-C8-A1HO-01"	"NST"	"LumA"	0	0.0381	1	0.467741935483871	"Missense"	"Missense_Mutation"	0.90402254677503	1.01501166037555	-1.59822721558675
"TCGA-D8-A140-01"	"NST"	"LumA"	0	-0.0736	0	NA	"WT"	"WT"	0.76524296201364	0.876298797049487	NA
"TCGA-D8-A141-01"	"NST"	"LumA"	-1	-0.2451	0	NA	"WT"	"WT"	-1.04679670052459	NA	NA
"TCGA-D8-A145-01"	"NST"	"LumA"	-1	-0.1154	0	NA	"WT"	"WT"	0.37112562598127	1.05394123632015	NA
"TCGA-D8-A146-01"	"NST"	"LumA"	-1	-0.2177	0	NA	"WT"	"WT"	0.23949170554159	0.571898398650059	NA
"TCGA-D8-A1JH-01"	"NST"	"LumA"	0	0.0278	0	NA	"WT"	"WT"	0.645169851936009	0.0607803569227189	-0.431378978863667
"TCGA-D8-A1JP-01"	"NST"	"LumA"	-1	-0.4809	0	NA	"WT"	"WT"	-0.384922051176063	0.747726265001838	-0.39093135425743
"TCGA-D8-A1X9-01"	"NST"	"LumA"	0	0.0817	0	NA	"WT"	"WT"	0.97026781654033	1.03056245518241	-0.563098888332156
"TCGA-D8-A1XB-01"	"NST"	"LumA"	-1	-0.2197	0	NA	"WT"	"WT"	0.477890317715363	0.3602082425789	-1.31456644512899
"TCGA-D8-A1XG-01"	"NST"	"LumA"	0	0.0492	0	NA	"WT"	"WT"	0.806651740545151	1.07815425138067	-1.63735270810094
"TCGA-D8-A1XU-01"	"NST"	"LumA"	1	0.2402	0	NA	"WT"	"WT"	1.12434327189384	0.903543442745505	-0.650845620557375
"TCGA-D8-A1XY-01"	"NST"	"LumA"	-1	-0.3444	0	NA	"WT"	"WT"	0.249613395287859	-0.716254337906654	-0.572443297740946
"TCGA-D8-A27L-01"	"NST"	"LumA"	-1	-0.3603	0	NA	"WT"	"WT"	-0.0350740138289877	0.790184166124888	0.965555516107447
"TCGA-D8-A27P-01"	"NST"	"LumA"	-1	-0.486	0	NA	"WT"	"WT"	0.303025710107	1.21475665099226	-0.375631666564559
"TCGA-E2-A105-01"	"NST"	"LumA"	0	0.0623	0	NA	"WT"	"WT"	0.69301842280116	NA	-1.58464441170366
"TCGA-E2-A10A-01"	"NST"	"LumA"	-1	-0.6972	0	NA	"WT"	"WT"	0.0675709955909392	1.16220369610955	NA
"TCGA-E2-A10B-01"	"NST"	"LumA"	0	-0.165	0	NA	"WT"	"WT"	1.3139424473625	0.581647509533777	0.463145107470714
"TCGA-E2-A10E-01"	"NST"	"LumA"	-1	-0.5805	0	NA	"WT"	"WT"	0.334933861545971	0.83651471390235	-0.562858668113326
"TCGA-E2-A14Q-01"	"NST"	"LumA"	-1	-0.4483	0	NA	"WT"	"WT"	0.460675754791982	1.12983854532389	NA
"TCGA-E2-A154-01"	"NST"	"LumA"	-1	-0.4979	0	NA	"WT"	"WT"	0.149976791130706	0.562899751992578	NA
"TCGA-E2-A156-01"	"NST"	"LumA"	-1	-0.8792	0	NA	"WT"	"WT"	0.306216566281883	1.52024397023921	NA
"TCGA-E2-A15C-01"	"NST"	"LumA"	-1	-0.5813	0	NA	"WT"	"WT"	0.020717147865295	0.0130446803863518	NA
"TCGA-E2-A15D-01"	"NST"	"LumA"	-1	-0.5264	0	NA	"WT"	"WT"	-0.497647821044125	0.317815240246738	NA
"TCGA-E2-A15E-01"	"NST"	"LumA"	-1	-0.3092	0	NA	"WT"	"WT"	0.360331270433781	0.462963777201384	NA
"TCGA-E2-A15F-01"	"NST"	"LumA"	-1	-0.4243	0	NA	"WT"	"WT"	0.344252026697983	0.495430949435511	NA
"TCGA-E2-A15H-01"	"NST"	"LumA"	-1	-0.1091	0	NA	"WT"	"WT"	0.528283183387266	0.0525026767741036	NA
"TCGA-E2-A15O-01"	"NST"	"LumA"	-1	-0.727	0	NA	"WT"	"WT"	0.0262246547110053	0.196041145080778	NA
"TCGA-E2-A1B4-01"	"NST"	"LumA"	-1	-0.6768	0	NA	"WT"	"WT"	0.0951163842626611	1.05868545918921	-0.700062395331712
"TCGA-E2-A1BD-01"	"NST"	"LumA"	-1	-0.5932	0	NA	"WT"	"WT"	0.188785579037223	0.566079483879016	-0.961407341206349
"TCGA-E2-A1IE-01"	"NST"	"LumA"	-1	-0.5407	0	NA	"WT"	"WT"	0.6593092733491	NA	-1.04151899172911
"TCGA-E2-A1IF-01"	"NST"	"LumA"	-1	-0.2554	0	NA	"WT"	"WT"	-0.36616306978485	NA	-0.147351357959072
"TCGA-E2-A1IG-01"	"NST"	"LumA"	1	0.21385	0	NA	"WT"	"WT"	0.647009744644326	0.381872553336059	-0.908889307756332
"TCGA-E2-A1IN-01"	"NST"	"LumA"	0	-0.0271	0	NA	"WT"	"WT"	0.84462391688711	NA	-1.00065382609967
"TCGA-E2-A1IO-01"	"NST"	"LumA"	0	0.0341	0	NA	"WT"	"WT"	0.453839702612409	NA	0.233872030198612
"TCGA-E2-A1IU-01"	"NST"	"LumA"	-1	-0.4933	0	NA	"WT"	"WT"	0.0760202832082733	-0.12234777173799	0.627309183046859
"TCGA-E2-A1L9-01"	"NST"	"LumA"	0	-0.0898	0	NA	"WT"	"WT"	0.376071234981391	NA	-1.41946482607519
"TCGA-E2-A1LA-01"	"NST"	"LumA"	-1	-0.3892	0	NA	"WT"	"WT"	0.347594491072313	NA	0.984329982295641
"TCGA-E2-A570-01"	"NST"	"LumA"	-1	-0.5864	0	NA	"WT"	"WT"	-0.634618033941565	NA	0.287713232784373
"TCGA-E9-A1N3-01"	"NST"	"LumA"	0	0.0143	0	NA	"WT"	"WT"	0.239548796036404	1.13582902185794	-1.37973135226626
"TCGA-E9-A1N4-01"	"NST"	"LumA"	-1	-0.4412	0	NA	"WT"	"WT"	-0.263463096344106	0.50778084593726	0.649960004570819
"TCGA-E9-A1N5-01"	"NST"	"LumA"	-1	-0.3762	0	NA	"WT"	"WT"	0.059973605069298	-0.18598776972861	0.607554055673941
"TCGA-E9-A1NE-01"	"NST"	"LumA"	0	0.0191	0	NA	"WT"	"WT"	0.840447907860387	0.218786165476249	1.44382681983229
"TCGA-E9-A1NG-01"	"NST"	"LumA"	-1	-0.2135	0	NA	"WT"	"WT"	-0.110847118299802	0.289664956159704	0.380329488565876
"TCGA-E9-A1NH-01"	"NST"	"LumA"	-1	-0.4263	0	NA	"WT"	"WT"	-0.202677420323261	0.458732807840985	-0.338011542404556
"TCGA-E9-A1QZ-01"	"NST"	"LumA"	-1	-0.1907	0	NA	"WT"	"WT"	0.192427989966075	-0.307689087255686	1.60291226146129
"TCGA-E9-A1R0-01"	"NST"	"LumA"	-1	-0.3491	0	NA	"WT"	"WT"	0.0422173888992691	-2.84292545962485	0.443888387552531
"TCGA-E9-A1R2-01"	"NST"	"LumA"	0	0.0505	0	NA	"WT"	"WT"	0.782038323584071	1.00636973570985	0.418723117284346
"TCGA-E9-A1R3-01"	"NST"	"LumA"	-1	-0.2566	0	NA	"WT"	"WT"	0.682784075195264	0.473881927417314	0.75026365248006
"TCGA-E9-A1R5-01"	"NST"	"LumA"	-1	-0.583	0	NA	"WT"	"WT"	-0.327785613328895	0.686502159287588	-0.828025087440296
"TCGA-E9-A1R6-01"	"NST"	"LumA"	-1	-0.20675	0	NA	"WT"	"WT"	0.541161815110633	-0.919637064434855	-0.891616243822023
"TCGA-E9-A1RC-01"	"NST"	"LumA"	0	-0.1687	0	NA	"WT"	"WT"	0.849675371042298	0.627609387457154	-1.95192334791553
"TCGA-E9-A1RD-01"	"NST"	"LumA"	-1	-0.4068	0	NA	"WT"	"WT"	0.572319908564387	1.07401368657887	-1.44356327371303
"TCGA-E9-A1RI-01"	"NST"	"LumA"	-1	-0.3715	0	NA	"WT"	"WT"	0.391780588900295	0.64735627053458	0.243182436610907
"TCGA-E9-A227-01"	"NST"	"LumA"	-1	-0.4553	0	NA	"WT"	"WT"	-0.225442337578752	-0.0400180239963893	0.837356238983116
"TCGA-E9-A229-01"	"NST"	"LumA"	0	0.0848	0	NA	"WT"	"WT"	0.624321223463229	0.0924853586051818	-0.396291363190046
"TCGA-E9-A22B-01"	"NST"	"LumA"	1	0.1449	0	NA	"WT"	"WT"	1.05518543856218	0.897603060068972	-0.648815001528608
"TCGA-E9-A24A-01"	"NST"	"LumA"	-1	-0.4304	0	NA	"WT"	"WT"	-0.0590914834916838	0.599937618966993	0.960889413174934
"TCGA-EW-A1J1-01"	"NST"	"LumA"	-1	-0.6074	0	NA	"WT"	"WT"	0.861790117835047	1.07153744415207	-0.70103811326525
"TCGA-EW-A1P3-01"	"NST"	"LumA"	-1	-0.5638	0	NA	"WT"	"WT"	-0.638906833505569	-0.469179120327477	-0.138079879492156
"TCGA-EW-A1P5-01"	"NST"	"LumA"	1	0.4174	0	NA	"WT"	"WT"	0.962118726944919	0.0795027135447034	-0.922746964871445
"TCGA-EW-A1P6-01"	"NST"	"LumA"	-1	-0.6378	0	NA	"WT"	"WT"	-0.288862757888416	NA	-0.0686989673113063
"TCGA-EW-A1PA-01"	"NST"	"LumA"	0	0.0989	0	NA	"WT"	"WT"	0.839532936198104	0.770011951195575	0.12884406754588
"TCGA-EW-A1PD-01"	"NST"	"LumA"	0	0.0161	0	NA	"WT"	"WT"	1.0935460677335	-1.53713553528935	-1.48794333191361
"TCGA-EW-A2FS-01"	"NST"	"LumA"	-1	-0.1738	0	NA	"WT"	"WT"	0.654895861857037	0.643098462593359	0.744316894904741
"TCGA-GI-A2C8-01"	"NST"	"LumA"	-1	-0.2502	1	0.363636363636364	"Missense"	"Missense_Mutation"	-0.343953822328801	0.283979805975472	0.531905970539062
"TCGA-GM-A2D9-01"	"NST"	"LumA"	-1	-0.5761	0	NA	"WT"	"WT"	-0.203155568084845	0.817596241295451	-0.562380119988883
"TCGA-GM-A2DA-01"	"NST"	"LumA"	-1	-0.3647	0	NA	"WT"	"WT"	-0.870495499722542	NA	1.11942885743982
"TCGA-GM-A2DC-01"	"NST"	"LumA"	-1	-0.5875	0	NA	"WT"	"WT"	0.380830717412487	0.782831325839801	-0.39786636253072
"TCGA-GM-A2DI-01"	"NST"	"LumA"	-1	-0.1225	0	NA	"WT"	"WT"	0.309517799976414	0.0596826376932115	2.08903810155697
"TCGA-GM-A2DK-01"	"NST"	"LumA"	0	0.0147	0	NA	"WT"	"WT"	0.845443146924149	0.433923759450595	0.339171030713097
"TCGA-GM-A2DL-01"	"NST"	"LumA"	-1	-0.3754	0	NA	"WT"	"WT"	-0.673359717020199	-0.294328427844878	0.355824884562778
"TCGA-GM-A2DN-01"	"NST"	"LumA"	-1	-0.2868	0	NA	"WT"	"WT"	-0.294110570508924	0.685150302086826	1.89008117744086
"TCGA-LL-A5YN-01"	"NST"	"LumA"	-1	-0.1966	0	NA	"WT"	"WT"	-0.264512786765582	0.703442218686439	1.86791770947637
"TCGA-A1-A0SI-01"	"NST"	"LumB"	-1	-0.2357	0	NA	"WT"	"WT"	0.216317521908965	NA	0.166867142437744
"TCGA-A1-A0SN-01"	"NST"	"LumB"	-1	-0.2228	0	NA	"WT"	"WT"	0.356726996514271	NA	0.350150938284527
"TCGA-A2-A04R-01"	"NST"	"LumB"	-1	-0.6838	0	NA	"WT"	"WT"	0.882692361174658	NA	-1.51147155775392
"TCGA-A2-A0CW-01"	"NST"	"LumB"	0	0.1364	0	NA	"WT"	"WT"	1.67583578390658	0.787294146881521	NA
"TCGA-A2-A0D4-01"	"NST"	"LumB"	-1	-0.5632	0	NA	"WT"	"WT"	0.897309631398854	1.43986286298911	NA
"TCGA-A2-A0EY-01"	"NST"	"LumB"	1	0.2914	0	NA	"WT"	"WT"	0.796084998223944	0.734411869537496	NA
"TCGA-A2-A0SV-01"	"NST"	"LumB"	1	0.1509	0	NA	"WT"	"WT"	0.18420238126247	0.631382859796875	0.0674696190602653
"TCGA-A2-A0SW-01"	"NST"	"LumB"	0	0.0466	0	NA	"WT"	"WT"	0.527493039614233	0.598803093653443	1.39375974898286
"TCGA-A2-A0YG-01"	"NST"	"LumB"	1	0.235	0	NA	"WT"	"WT"	1.55455819937116	0.47558087433792	-0.60832836178947
"TCGA-A2-A0YH-01"	"NST"	"LumB"	-1	-0.556	0	NA	"WT"	"WT"	-0.142916678836884	0.489892422685865	0.987584551099712
"TCGA-A2-A0YT-01"	"NST"	"LumB"	1	0.0984	0	NA	"WT"	"WT"	1.54092208389973	1.06652049470613	-0.897097163566599
"TCGA-A2-A1G4-01"	"NST"	"LumB"	0	0.0025	0	NA	"WT"	"WT"	0.135986550216976	1.47824363995667	-0.60493574729071
"TCGA-A2-A25B-01"	"NST"	"LumB"	0	0.0691	0	NA	"WT"	"WT"	1.08287501945388	0.739983016745863	-0.889211248610729
"TCGA-A2-A25C-01"	"NST"	"LumB"	0	0.0681	0	NA	"WT"	"WT"	0.990403087638363	1.09086316700961	-0.142717811739579
"TCGA-A2-A4S3-01"	"NST"	"LumB"	-1	-0.2962	0	NA	"WT"	"WT"	0.127705989170127	0.651960941057685	1.55307260525281
"TCGA-A7-A0CJ-01"	"NST"	"LumB"	-1	-0.4844	0	NA	"WT"	"WT"	0.36888208397865	0.505203725255461	NA
"TCGA-A7-A2KD-01"	"NST"	"LumB"	-1	-0.5318	0	NA	"WT"	"WT"	0.123686049482653	0.400561864629657	0.278278571955279
"TCGA-A8-A06N-01"	"NST"	"LumB"	-1	-0.5301	0	NA	"WT"	"WT"	0.900504842313633	0.833037142701108	NA
"TCGA-A8-A06O-01"	"NST"	"LumB"	-1	-0.4659	0	NA	"WT"	"WT"	0.279695701290364	NA	NA
"TCGA-A8-A06Q-01"	"NST"	"LumB"	-1	-0.4306	0	NA	"WT"	"WT"	0.483702266990858	NA	NA
"TCGA-A8-A06R-01"	"NST"	"LumB"	0	-0.0693	0	NA	"WT"	"WT"	0.262306727954165	0.0422819220280176	NA
"TCGA-A8-A06Z-01"	"NST"	"LumB"	-1	-0.3632	0	NA	"WT"	"WT"	0.922095412161237	0.850754937685951	NA
"TCGA-A8-A075-01"	"NST"	"LumB"	-1	-0.3696	0	NA	"WT"	"WT"	-0.129862258355546	-0.0485379088556732	0.589435481179247
"TCGA-A8-A076-01"	"NST"	"LumB"	0	0.0731	0	NA	"WT"	"WT"	1.12145297300633	-0.3727908861431	NA
"TCGA-A8-A079-01"	"NST"	"LumB"	-1	-0.6554	0	NA	"WT"	"WT"	-0.236391259352797	-0.140586432800798	NA
"TCGA-A8-A07W-01"	"NST"	"LumB"	1	0.2445	0	NA	"WT"	"WT"	1.18241554830031	1.935567256824	NA
"TCGA-A8-A081-01"	"NST"	"LumB"	-1	-0.2859	0	NA	"WT"	"WT"	0.729086463984918	0.846647247859076	NA
"TCGA-A8-A08G-01"	"NST"	"LumB"	-1	-0.5345	0	NA	"WT"	"WT"	0.609661687043769	0.044022743859612	NA
"TCGA-A8-A08I-01"	"NST"	"LumB"	1	0.3733	0	NA	"WT"	"WT"	0.876125343829868	NA	NA
"TCGA-A8-A08S-01"	"NST"	"LumB"	-1	-0.5816	0	NA	"WT"	"WT"	0.43440655917175	NA	NA
"TCGA-A8-A092-01"	"NST"	"LumB"	-1	-0.4081	0	NA	"WT"	"WT"	0.54416330530527	NA	NA
"TCGA-A8-A095-01"	"NST"	"LumB"	-1	-0.2569	0	NA	"WT"	"WT"	0.24788292161698	-0.785765154125853	NA
"TCGA-A8-A096-01"	"NST"	"LumB"	-1	-0.5124	0	NA	"WT"	"WT"	-0.373790341056779	NA	NA
"TCGA-A8-A09I-01"	"NST"	"LumB"	0	0.0981	0	NA	"WT"	"WT"	0.725233506341545	-0.0349242641987589	NA
"TCGA-A8-A09N-01"	"NST"	"LumB"	-1	-0.4524	0	NA	"WT"	"WT"	0.57269797436312	NA	NA
"TCGA-A8-A09Q-01"	"NST"	"LumB"	-1	-0.5033	0	NA	"WT"	"WT"	-0.241958392995427	NA	NA
"TCGA-AC-A2BM-01"	"NST"	"LumB"	-1	-0.4348	0	NA	"WT"	"WT"	0.0589588319221355	0.312747551830908	1.11508824255529
"TCGA-AN-A0AJ-01"	"NST"	"LumB"	-1	-0.3766	0	NA	"WT"	"WT"	0.452390975779558	0.535305729784181	NA
"TCGA-AN-A0AK-01"	"NST"	"LumB"	-1	-0.5982	0	NA	"WT"	"WT"	0.982851373326316	0.585914577808516	NA
"TCGA-AN-A0AM-01"	"NST"	"LumB"	0	-0.0374	0	NA	"WT"	"WT"	0.452204440396617	0.0262420823602196	NA
"TCGA-AN-A0FF-01"	"NST"	"LumB"	0	0.0081	0	NA	"WT"	"WT"	0.538857224808328	0.872519577105364	NA
"TCGA-AN-A0FY-01"	"NST"	"LumB"	1	0.1811	0	NA	"WT"	"WT"	0.830364753890275	0.611721268848735	NA
"TCGA-AO-A1KP-01"	"NST"	"LumB"	-1	-0.763	0	NA	"WT"	"WT"	0.0239273880664716	-0.747914225122971	-1.5691524569548
"TCGA-AO-A1KT-01"	"NST"	"LumB"	1	0.3814	0	NA	"WT"	"WT"	1.01329626905436	0.341284269177328	-0.88376411448086
"TCGA-AQ-A54O-01"	"NST"	"LumB"	1	-0.3529	0	NA	"WT"	"WT"	0.56966261863976	1.18767196030949	-1.03126499302804
"TCGA-AR-A0TY-01"	"NST"	"LumB"	0	0.1734	0	NA	"WT"	"WT"	1.76373026009765	0.906336764897559	NA
"TCGA-AR-A0U2-01"	"NST"	"LumB"	-2	-0.7169	0	NA	"WT"	"WT"	0.114773037467481	-0.930584794908468	0.946351717383692
"TCGA-AR-A24K-01"	"NST"	"LumB"	-1	-0.5336	0	NA	"WT"	"WT"	-0.0359719737248405	1.01399849304894	-1.21555185428396
"TCGA-AR-A24N-01"	"NST"	"LumB"	-1	-0.2926	0	NA	"WT"	"WT"	0.252645461249023	0.384226102326395	-0.662819965710627
"TCGA-AR-A24R-01"	"NST"	"LumB"	0	0.0618	0	NA	"WT"	"WT"	1.16045087204604	-0.188669945975856	-0.231565708682266
"TCGA-AR-A24S-01"	"NST"	"LumB"	-1	-0.3491	0	NA	"WT"	"WT"	-0.352340514783597	-0.138134816387723	0.633019203014178
"TCGA-B6-A0IB-01"	"NST"	"LumB"	-1	-0.3128	0	NA	"WT"	"WT"	0.219306015106447	1.30549587264188	NA
"TCGA-B6-A0WV-01"	"NST"	"LumB"	0	0.0454	0	NA	"WT"	"WT"	1.0736594293166	NA	-1.23975769985733
"TCGA-B6-A0WW-01"	"NST"	"LumB"	-1	-0.4543	0	NA	"WT"	"WT"	0.67910123450539	NA	0.0148814341447373
"TCGA-B6-A0X5-01"	"NST"	"LumB"	0	0.0242	0	NA	"WT"	"WT"	0.741380642956177	NA	-1.57203860909589
"TCGA-B6-A1KC-01"	"NST"	"LumB"	-1	-0.2286	0	NA	"WT"	"WT"	0.941749641677901	NA	-0.842666778754693
"TCGA-B6-A1KN-01"	"NST"	"LumB"	0	0.1536	0	NA	"WT"	"WT"	0.939897462466314	NA	-1.31440604942902
"TCGA-BH-A0AU-01"	"NST"	"LumB"	-1	-0.278	0	NA	"WT"	"WT"	0.360889872618138	0.196630955438944	0.521978372940087
"TCGA-BH-A0BD-01"	"NST"	"LumB"	0	-0.0174	0	NA	"WT"	"WT"	0.437024609258022	NA	NA
"TCGA-BH-A0BF-01"	"NST"	"LumB"	-1	-0.2262	0	NA	"WT"	"WT"	-0.459490750639767	0.114123695730984	2.15519684373244
"TCGA-BH-A0C0-01"	"NST"	"LumB"	-1	-0.3131	1	0.0954198473282443	"Truncating"	"Splice_Site"	-0.324904883489637	0.0875690791368374	1.91398420570036
"TCGA-BH-A0C7-01"	"NST"	"LumB"	-1	-0.0843	0	NA	"WT"	"WT"	0.873420325078941	0.710795941564742	NA
"TCGA-BH-A0DD-01"	"NST"	"LumB"	0	-0.0515	0	NA	"WT"	"WT"	0.913768692491564	0.421730106690057	-1.35400036040078
"TCGA-BH-A0H0-01"	"NST"	"LumB"	-1	-0.691	0	NA	"WT"	"WT"	1.13321559183967	NA	-1.43213046111132
"TCGA-BH-A0HU-01"	"NST"	"LumB"	-1	-0.4931	0	NA	"WT"	"WT"	0.23225085867458	1.04648142906312	NA
"TCGA-BH-A0HY-01"	"NST"	"LumB"	-1	-0.4506	0	NA	"WT"	"WT"	0.69989820683243	0.0918632463898454	-1.41079222687687
"TCGA-BH-A0W3-01"	"NST"	"LumB"	-1	-0.6512	0	NA	"WT"	"WT"	0.353749902056276	NA	-0.592904394770485
"TCGA-BH-A18U-01"	"NST"	"LumB"	-1	-0.4158	0	NA	"WT"	"WT"	0.182815191508336	-1.37624624744329	NA
"TCGA-BH-A1F2-01"	"NST"	"LumB"	-1	-0.3416	0	NA	"WT"	"WT"	0.18788245108612	0.433386047442447	-0.976302581990558
"TCGA-BH-A1F8-01"	"NST"	"LumB"	-1	-0.409	0	NA	"WT"	"WT"	1.05095656851991	0.537208970467478	0.0334912675517025
"TCGA-BH-A1FM-01"	"NST"	"LumB"	0	0.0771	0	NA	"WT"	"WT"	0.617722864408374	0.703750678526101	NA
"TCGA-BH-A1FN-01"	"NST"	"LumB"	-1	-0.1953	0	NA	"WT"	"WT"	0.451055423494135	0.13436355275046	-1.33214217373678
"TCGA-BH-A202-01"	"NST"	"LumB"	-1	-0.348	0	NA	"WT"	"WT"	-0.476967034159977	0.0491275810944426	0.700444482485883
"TCGA-BH-A204-01"	"NST"	"LumB"	-1	-0.6635	0	NA	"WT"	"WT"	0.232929080055552	1.01525306118008	-1.54628873982497
"TCGA-C8-A12M-01"	"NST"	"LumB"	0	0.0429	0	NA	"WT"	"WT"	0.81639398113761	0.911168996019752	NA
"TCGA-C8-A12U-01"	"NST"	"LumB"	0	0.0102	0	NA	"WT"	"WT"	1.21773854389943	0.0468772239214699	NA
"TCGA-C8-A1HG-01"	"NST"	"LumB"	-1	-0.217	0	NA	"WT"	"WT"	0.141130250958369	0.690805445926898	1.48503418135958
"TCGA-C8-A1HM-01"	"NST"	"LumB"	-1	-0.1293	0	NA	"WT"	"WT"	0.680109666412772	0.805675867543758	0.872468448561436
"TCGA-C8-A1HN-01"	"NST"	"LumB"	-1	-0.3644	0	NA	"WT"	"WT"	0.567870337114578	1.238941395286	-1.86477772761799
"TCGA-C8-A26V-01"	"NST"	"LumB"	-1	-0.5421	0	NA	"WT"	"WT"	-0.0045745334683994	0.617585122865212	0.31659484596842
"TCGA-C8-A26W-01"	"NST"	"LumB"	-1	-0.4001	0	NA	"WT"	"WT"	0.0251483036250471	0.227987679186108	0.807890172494966
"TCGA-C8-A27A-01"	"NST"	"LumB"	0	0.1413	0	NA	"WT"	"WT"	0.457192908302316	-0.396080475882299	-0.829003055655081
"TCGA-D8-A13Y-01"	"NST"	"LumB"	-1	-0.5608	0	NA	"WT"	"WT"	-0.217762759063744	0.538538951849048	NA
"TCGA-D8-A1J8-01"	"NST"	"LumB"	-1	-0.2896	0	NA	"WT"	"WT"	0.640987157833412	0.356555684293089	0.3496237668182
"TCGA-D8-A1J9-01"	"NST"	"LumB"	-1	-0.461	0	NA	"WT"	"WT"	0.816973902273732	-0.037451402766803	-1.4920223626596
"TCGA-D8-A1JC-01"	"NST"	"LumB"	-1	-0.4653	0	NA	"WT"	"WT"	0.837466206416059	0.846300158342033	-0.203475327289428
"TCGA-D8-A1JD-01"	"NST"	"LumB"	-1	-0.2684	0	NA	"WT"	"WT"	0.159793666364193	-0.0230292003082946	-0.824879374993205
"TCGA-D8-A1JE-01"	"NST"	"LumB"	-1	-0.2604	0	NA	"WT"	"WT"	0.606770976356971	0.171780755734211	-0.530358526852072
"TCGA-D8-A1JI-01"	"NST"	"LumB"	-1	-0.6824	0	NA	"WT"	"WT"	-0.0904582100674995	1.06337626103525	-1.40777833693272
"TCGA-D8-A1XF-01"	"NST"	"LumB"	1	0.2264	0	NA	"WT"	"WT"	1.10385866436379	1.28167741223964	-0.914904941255016
"TCGA-D8-A1XL-01"	"NST"	"LumB"	0	0.0026	0	NA	"WT"	"WT"	0.254784948892459	0.661076048648244	0.427817100994668
"TCGA-D8-A1XR-01"	"NST"	"LumB"	-1	-0.5789	0	NA	"WT"	"WT"	-0.281768517013142	-0.507723399919295	-1.28109309261123
"TCGA-D8-A1XZ-01"	"NST"	"LumB"	1	0.3043	0	NA	"WT"	"WT"	0.817898622321972	0.867787949644598	0.119420708192808
"TCGA-D8-A1Y1-01"	"NST"	"LumB"	-1	-0.2888	1	0.586206896551724	"Truncating"	"Splice_Site"	-2.43277473751425	-2.40080991518023	-0.232313152342482
"TCGA-D8-A1Y2-01"	"NST"	"LumB"	1	-0.0129	0	NA	"WT"	"WT"	-0.141952851187082	-0.522996130407208	1.09302450627945
"TCGA-D8-A1Y3-01"	"NST"	"LumB"	-1	-0.2585	0	NA	"WT"	"WT"	0.170958464539935	0.559484699298081	-0.692149033072448
"TCGA-D8-A27N-01"	"NST"	"LumB"	0	0.0129	0	NA	"WT"	"WT"	0.732798099553016	0.480480864566886	-0.337476498660921
"TCGA-D8-A27R-01"	"NST"	"LumB"	0	-0.08	0	NA	"WT"	"WT"	0.909592348150181	0.391066792952741	0.63474292190685
"TCGA-E2-A109-01"	"NST"	"LumB"	2	0.602	0	NA	"WT"	"WT"	1.51305536132221	1.0038305466618	-0.852946182734036
"TCGA-E2-A10C-01"	"NST"	"LumB"	-1	-0.2098	0	NA	"WT"	"WT"	0.03015979319289	-0.249772043723556	1.19248492456394
"TCGA-E2-A14O-01"	"NST"	"LumB"	-1	-0.3521	0	NA	"WT"	"WT"	0.605831172387791	-0.0441568244229548	NA
"TCGA-E2-A14S-01"	"NST"	"LumB"	-1	-0.7556	0	NA	"WT"	"WT"	0.0928373195691125	0.840678968179387	NA
"TCGA-E2-A14W-01"	"NST"	"LumB"	-1	-0.5097	0	NA	"WT"	"WT"	0.240269045248275	0.480419360677297	NA
"TCGA-E2-A15K-01"	"NST"	"LumB"	-1	-0.5523	0	NA	"WT"	"WT"	0.280432858487313	0.177745640106997	1.75690885948034
"TCGA-E2-A1L7-01"	"NST"	"LumB"	-1	-0.5061	0	NA	"WT"	"WT"	-0.481019935981705	0.0613131252326017	0.103001185662796
"TCGA-E2-A56Z-01"	"NST"	"LumB"	0	-0.0363	0	NA	"WT"	"WT"	0.552613013630596	1.38430485545147	-0.543551004965886
"TCGA-E9-A1NA-01"	"NST"	"LumB"	1	0.535	0	NA	"WT"	"WT"	0.95861788954978	0.440879380059607	-0.82899604790155
"TCGA-E9-A1NF-01"	"NST"	"LumB"	-1	-0.1582	0	NA	"WT"	"WT"	-0.307235181120171	-0.185930972259238	0.110184369167962
"TCGA-E9-A1NI-01"	"NST"	"LumB"	-1	-0.4702	0	NA	"WT"	"WT"	0.132040295859887	0.00689667901243376	-0.0947473726412071
"TCGA-E9-A1R7-01"	"NST"	"LumB"	-1	-0.4094	0	NA	"WT"	"WT"	0.541022570224595	0.1218597530425	-0.140307132644701
"TCGA-E9-A1RE-01"	"NST"	"LumB"	-1	-0.3984	0	NA	"WT"	"WT"	0.458641249595252	1.04119202702546	-0.951389073678527
"TCGA-E9-A226-01"	"NST"	"LumB"	-1	-0.4431	0	NA	"WT"	"WT"	0.627236139800785	0.510894440725323	-0.680960272930988
"TCGA-E9-A22A-01"	"NST"	"LumB"	0	0.0371	0	NA	"WT"	"WT"	0.415133259485723	0.457926010358583	0.29822962555396
"TCGA-E9-A22D-01"	"NST"	"LumB"	-1	-0.4591	0	NA	"WT"	"WT"	-0.113768436539415	0.445073025380293	0.842780718440215
"TCGA-E9-A22H-01"	"NST"	"LumB"	-1	-0.6007	0	NA	"WT"	"WT"	0.660438517504593	0.561979157175285	0.94438885120477
"TCGA-E9-A249-01"	"NST"	"LumB"	-1	-0.5421	0	NA	"WT"	"WT"	-0.367194490182497	-0.033621319940924	-0.0307401695237226
"TCGA-EW-A1IY-01"	"NST"	"LumB"	-1	-0.462	0	NA	"WT"	"WT"	0.0811444291069005	NA	1.07258962277956
"TCGA-EW-A1J6-01"	"NST"	"LumB"	-1	-0.3934	0	NA	"WT"	"WT"	0.236603749191305	NA	0.0439481542381497
"TCGA-EW-A1OY-01"	"NST"	"LumB"	0	0.3062	0	NA	"WT"	"WT"	0.759522069403	0.464799749558144	-1.51555466434611
"TCGA-EW-A1OZ-01"	"NST"	"LumB"	-1	-0.2632	0	NA	"WT"	"WT"	0.434869920590843	-0.467360124302426	-0.647661686174254
"TCGA-EW-A1PC-01"	"NST"	"LumB"	-1	-0.2083	0	NA	"WT"	"WT"	0.505323051075968	1.21788394524136	-1.38210044511979
"TCGA-LL-A5YM-01"	"NST"	"LumB"	1	0.1696	0	NA	"WT"	"WT"	0.420353175650521	0.690493306249479	-1.06877814968035
"TCGA-A2-A0CL-01"	"NST"	"Normal"	0	0.0394	0	NA	"WT"	"WT"	0.357207184532924	-0.486139533923988	NA
"TCGA-A2-A1G6-01"	"NST"	"Normal"	0	0.0101	0	NA	"WT"	"WT"	0.548094280357005	0.17327160169487	-0.981765247585392
"TCGA-A2-A3XW-01"	"NST"	"Normal"	0	0.0034	0	NA	"WT"	"WT"	0.33879571805068	0.807552826337038	-0.603384865103724
"TCGA-A8-A08H-01"	"NST"	"Normal"	0	-0.0386	0	NA	"WT"	"WT"	-1.3108826417486	-0.47600067295826	NA
"TCGA-BH-A208-01"	"NST"	"Normal"	-1	-0.1591	0	NA	"WT"	"WT"	-0.121367653117597	0.321170380842583	0.424266390894828
"TCGA-D8-A1XW-01"	"NST"	"Normal"	1	0.1471	0	NA	"WT"	"WT"	0.516810319427243	1.22824192072168	-0.268764610042679
"TCGA-EW-A1P7-01"	"NST"	"Normal"	0	-0.0265	0	NA	"WT"	"WT"	-0.520654216566868	NA	1.41389331845257
"TCGA-GM-A2DD-01"	"NST"	"Normal"	0	-0.0565	1	0.130434782608696	"Missense"	"Missense_Mutation"	-0.455183113529062	0.135429086936605	1.29978484512922
"TCGA-LL-A441-01"	"NST"	"Normal"	0	0.0594	0	NA	"WT"	"WT"	-0.018047701720197	1.61226810605706	1.65915582560762
"TCGA-A8-A09X-01"	"ILC"	"Her2"	-1	-0.269	1	0.290909090909091	"Truncating"	"Frame_Shift_Del"	-2.76043277735539	-2.15142298356976	NA
"TCGA-A8-A0A7-01"	"ILC"	"Her2"	-1	-0.0779	1	0.146276595744681	"Missense"	"Missense_Mutation"	-0.311270410966568	-0.255655399561937	NA
"TCGA-A1-A0SE-01"	"ILC"	"LumA"	-1	-0.3726	1	0.291666666666667	"Missense"	"Missense_Mutation"	0.251883993000502	NA	-0.998855814462894
"TCGA-A2-A0CK-01"	"ILC"	"LumA"	-1	-0.6272	1	0.384615384615385	"Truncating"	"Nonsense_Mutation"	-2.06248085257102	-1.74641417270668	0.187850919394408
"TCGA-A2-A0CO-01"	"ILC"	"LumA"	-1	-0.3809	1	0.552631578947368	"Truncating"	"Nonsense_Mutation"	-1.92821199933653	NA	0.454491371768351
"TCGA-A2-A0EN-01"	"ILC"	"LumA"	-1	-0.286	0	NA	"WT"	"WT"	-2.47493007093159	NA	0.955486709315398
"TCGA-A2-A0EP-01"	"ILC"	"LumA"	0	-0.0497	0	NA	"WT"	"WT"	-3.08241473841431	-1.25182449978323	2.11584714077471
"TCGA-A2-A0EX-01"	"ILC"	"LumA"	-1	-0.3988	1	0.342592592592593	"Truncating"	"Nonsense_Mutation"	-2.18322385245482	-1.54620114485393	NA
"TCGA-A2-A0SY-01"	"ILC"	"LumA"	-1	-0.5604	1	0.428571428571429	"Truncating"	"Frame_Shift_Ins"	-1.66951227470082	NA	0.267655662035306
"TCGA-A2-A0T4-01"	"ILC"	"LumA"	-1	-0.3387	1	0.292682926829268	"Truncating"	"Frame_Shift_Ins"	-1.36285385078386	-1.41212949185631	0.969509207489722
"TCGA-A2-A0T6-01"	"ILC"	"LumA"	-1	-0.4587	1	0.277777777777778	"Truncating"	"Frame_Shift_Ins"	-0.833793447685648	-2.25755649588758	1.13904375943418
"TCGA-A2-A0YD-01"	"ILC"	"LumA"	-1	-0.4086	1	0.363636363636364	"Truncating"	"Frame_Shift_Del"	-2.35072051719537	-2.13327015348049	0.733327492239519
"TCGA-A2-A0YL-01"	"ILC"	"LumA"	-1	-0.2365	0	NA	"WT"	"WT"	-0.80771646621901	-1.94682268927854	-0.750118378872078
"TCGA-A2-A1FV-01"	"ILC"	"LumA"	-1	-0.7916	1	0.515151515151515	"Truncating"	"Frame_Shift_Ins"	-1.97267867829515	-1.41571664434686	-1.87562884388584
"TCGA-A2-A25D-01"	"ILC"	"LumA"	-2	-0.85485	0	NA	"WT"	"WT"	-3.06651466185272	-2.09997336065779	1.44531329587328
"TCGA-A2-A3KC-01"	"ILC"	"LumA"	-1	-0.3712	1	0.211538461538462	"Truncating"	"Frame_Shift_Del"	-1.47648418299064	-1.32182814575244	-0.353947329967374
"TCGA-A2-A4RW-01"	"ILC"	"LumA"	-1	-0.3859	0	NA	"WT"	"WT"	-2.41474700339583	-1.31166114219063	0.227592137339715
"TCGA-A2-A4S2-01"	"ILC"	"LumA"	0	-0.1081	1	0.490909090909091	"Truncating"	"Nonsense_Mutation"	0.055270523710418	0.327363967385509	0.507973054581632
"TCGA-A7-A0CG-01"	"ILC"	"LumA"	-1	-0.3373	0	NA	"WT"	"WT"	-0.216835617291424	-1.01060193020702	NA
"TCGA-A7-A26E-01"	"ILC"	"LumA"	-1	-0.5018	0	NA	"WT"	"WT"	-0.240844967067102	-0.0998137217444309	-0.771894113760192
"TCGA-A7-A3IZ-01"	"ILC"	"LumA"	-1	-0.6954	1	0.6	"Truncating"	"Nonsense_Mutation"	-2.37101019157777	-2.35639836213162	-1.49919429592516
"TCGA-A7-A3J1-01"	"ILC"	"LumA"	-1	-0.3747	1	0.407407407407407	"Truncating"	"Frame_Shift_Del"	-2.54779333781778	-2.13335594287966	0.509707491097918
"TCGA-A7-A426-01"	"ILC"	"LumA"	-1	-0.3448	1	0.272727272727273	"Truncating"	"Nonsense_Mutation"	-1.15821396935411	NA	-0.0489922522234403
"TCGA-A7-A4SA-01"	"ILC"	"LumA"	-1	-0.2976	0	NA	"WT"	"WT"	-1.75382137168198	-1.464629605729	1.14026347616663
"TCGA-A7-A4SB-01"	"ILC"	"LumA"	-1	-0.423	1	0.53125	"Truncating"	"Frame_Shift_Ins"	-1.27836944178248	NA	-1.06931146513259
"TCGA-A7-A5ZX-01"	"ILC"	"LumA"	-1	-0.2917	1	0.247706422018349	"Truncating"	"Frame_Shift_Del"	-0.711228474421015	NA	-0.66651852437772
"TCGA-A8-A0A1-01"	"ILC"	"LumA"	-1	-0.5384	0	NA	"WT"	"WT"	-2.66004406473483	NA	NA
"TCGA-A8-A0A2-01"	"ILC"	"LumA"	-1	-0.6034	0	NA	"WT"	"WT"	-0.0138013774748121	NA	NA
"TCGA-A8-A0A4-01"	"ILC"	"LumA"	-1	-0.4449	1	0.395604395604396	"Truncating"	"Frame_Shift_Ins"	-0.951521567060063	-1.68357384493376	NA
"TCGA-AC-A23G-01"	"ILC"	"LumA"	-1	-0.2101	1	0.17948717948718	"Truncating"	"Nonsense_Mutation"	-1.59808359365972	NA	-0.216864317052657
"TCGA-AC-A2B8-01"	"ILC"	"LumA"	-1	-0.4117	1	0.52	"Inframe"	"In_Frame_Del"	-0.3046038039374	-0.803263178938041	1.04350256578364
"TCGA-AC-A2FB-01"	"ILC"	"LumA"	-1	-0.1621	0	NA	"WT"	"WT"	-0.925002642015945	-0.115823688917224	1.21149030440675
"TCGA-AC-A2FE-01"	"ILC"	"LumA"	-1	-0.3025	1	0.130434782608696	"Truncating"	"Frame_Shift_Ins"	-0.712957376360266	-1.68162650480707	1.72940325154627
"TCGA-AC-A2FF-01"	"ILC"	"LumA"	-1	-0.066	1	0.108695652173913	"Truncating"	"Frame_Shift_Del"	-1.75796050612146	-1.25670777549755	0.593682448427912
"TCGA-AC-A2FG-01"	"ILC"	"LumA"	-1	-0.4229	1	0.333333333333333	"Truncating"	"Frame_Shift_Ins"	-0.712966265551847	-0.727253064908375	-0.949279208311332
"TCGA-AC-A2FO-01"	"ILC"	"LumA"	-1	-0.2363	1	0.240740740740741	"Truncating"	"Frame_Shift_Ins"	-0.195000396343352	NA	1.20006804942238
"TCGA-AC-A2QI-01"	"ILC"	"LumA"	-1	-0.4678	1	0	"Truncating"	"Frame_Shift_Del"	-1.08153808280236	-2.46790042128973	2.15773960885144
"TCGA-AC-A3BB-01"	"ILC"	"LumA"	-1	-0.3016	1	0.169811320754717	"Truncating"	"Nonsense_Mutation"	-0.750959036450921	NA	1.16806961094093
"TCGA-AC-A3EH-01"	"ILC"	"LumA"	-1	-0.6977	0	NA	"WT"	"WT"	-2.29256210191456	NA	-0.433774186322712
"TCGA-AC-A3HN-01"	"ILC"	"LumA"	-1	-0.3471	0	NA	"WT"	"WT"	-1.89240454403163	-1.12824136149372	0.494520880165184
"TCGA-AC-A3OD-01"	"ILC"	"LumA"	-1	-0.2989	1	0.288135593220339	"Truncating"	"Nonsense_Mutation"	-1.49191654539419	NA	1.30646208978758
"TCGA-AC-A3QP-01"	"ILC"	"LumA"	-1	-0.3632	0	NA	"WT"	"WT"	-2.338734133033	-1.02843316701529	0.971096165919233
"TCGA-AC-A3TN-01"	"ILC"	"LumA"	-1	-0.6998	1	0.481481481481481	"Truncating"	"Nonsense_Mutation"	-2.64745501852414	-0.781546857846824	-0.490246260378348
"TCGA-AC-A3W6-01"	"ILC"	"LumA"	-1	-0.1723	1	0.1	"Missense"	"Missense_Mutation"	-2.78428379884775	-1.67121115265558	1.50866228478967
"TCGA-AC-A5XS-01"	"ILC"	"LumA"	-1	-0.38	1	0.194444444444444	"Truncating"	"Frame_Shift_Del"	-1.90030340449442	-1.71722862340593	0.999877788605835
"TCGA-AR-A1AK-01"	"ILC"	"LumA"	-1	-0.3894	0	NA	"WT"	"WT"	-0.319644226427548	-0.365888245057711	0.870430604812262
"TCGA-AR-A1AL-01"	"ILC"	"LumA"	-1	-0.3281	1	0.219354838709677	"Truncating"	"Frame_Shift_Del"	-0.60421555665875	-0.941488162499221	0.23009234384776
"TCGA-AR-A1AM-01"	"ILC"	"LumA"	-1	-0.3097	0	NA	"WT"	"WT"	-0.173367175593316	0.313760817110763	0.809157202101115
"TCGA-AR-A24T-01"	"ILC"	"LumA"	-1	-0.2775	1	0.31578947368421	"Truncating"	"Frame_Shift_Ins"	-1.82640940849389	-1.45806224379793	-0.12415036907714
"TCGA-AR-A2LE-01"	"ILC"	"LumA"	-1	-0.5877	1	0.533333333333333	"Truncating"	"Nonsense_Mutation"	-1.83319884047071	-1.32402029273905	-0.100417147721728
"TCGA-AR-A2LJ-01"	"ILC"	"LumA"	-1	-0.3691	1	0.193548387096774	"Missense"	"Missense_Mutation"	-0.681462724219385	0.848415287510764	0.742437970540991
"TCGA-AR-A2LM-01"	"ILC"	"LumA"	-1	-0.4647	1	0	"Truncating"	"Frame_Shift_Ins"	-1.88788578261016	-1.96275457514107	0.202176405443689
"TCGA-AR-A2LN-01"	"ILC"	"LumA"	-1	-0.2935	1	0.311688311688312	"Truncating"	"Frame_Shift_Ins"	-1.27708112690745	-1.5225197405109	0.306514418978772
"TCGA-AR-A2LO-01"	"ILC"	"LumA"	-1	-0.1928	0	NA	"WT"	"WT"	-1.25077008342517	-1.45758375071205	0.722185623025568
"TCGA-B6-A0IE-01"	"ILC"	"LumA"	1	0.3116	0	NA	"WT"	"WT"	1.30856338304531	NA	NA
"TCGA-B6-A0IH-01"	"ILC"	"LumA"	-1	-0.3331	1	0.2	"Inframe"	"In_Frame_Del"	0.178590060440353	NA	NA
"TCGA-B6-A0IP-01"	"ILC"	"LumA"	-2	-0.5018	1	0.476190476190476	"Truncating"	"Frame_Shift_Del"	-1.97358344654547	NA	NA
"TCGA-B6-A0RV-01"	"ILC"	"LumA"	-1	-0.4133	0	NA	"WT"	"WT"	-1.41323411280242	-1.39860714895295	0.871668431520394
"TCGA-B6-A0X7-01"	"ILC"	"LumA"	-1	-0.3895	0	NA	"WT"	"WT"	-1.98410994798481	NA	-0.68190080112507
"TCGA-B6-A2IU-01"	"ILC"	"LumA"	-1	-0.5596	1	0.333333333333333	"Truncating"	"Nonsense_Mutation"	-1.89641567071458	-1.9874436529113	-0.349849296965289
"TCGA-BH-A0B5-01"	"ILC"	"LumA"	-1	-0.4789	0	NA	"WT"	"WT"	-0.412881490375003	-1.69440620027486	0.713640487777896
"TCGA-BH-A0BA-01"	"ILC"	"LumA"	-1	-0.2637	1	0.494117647058824	"Missense"	"Missense_Mutation"	0.563939700955904	0.0352636239156878	-1.02817399693511
"TCGA-BH-A0C1-01"	"ILC"	"LumA"	-1	-0.3647	1	0.32512315270936	"Truncating"	"Frame_Shift_Del"	-2.23351312265362	-0.917995458492311	NA
"TCGA-BH-A0DP-01"	"ILC"	"LumA"	-1	-0.3374	0	NA	"WT"	"WT"	-0.66020675787603	-2.65919355628586	-0.0121713350887149
"TCGA-BH-A0E9-01"	"ILC"	"LumA"	-1	-0.2126	1	0.147368421052632	"Truncating"	"Frame_Shift_Ins"	-0.840264315040333	-0.80646698116141	NA
"TCGA-BH-A0HK-01"	"ILC"	"LumA"	-1	-0.6639	0	NA	"WT"	"WT"	0.062281401198944	-1.04981595243883	-0.64201724182255
"TCGA-BH-A0HP-01"	"ILC"	"LumA"	-1	-0.3809	1	0.441860465116279	"Truncating"	"Splice_Site"	-1.67704255409142	-1.62214085848683	-0.192576155493722
"TCGA-C8-A3M7-01"	"ILC"	"LumA"	-1	-0.2723	1	0.24	"Truncating"	"Frame_Shift_Ins"	-1.82343189062119	-1.5597600119469	0.940381148011371
"TCGA-D8-A1JN-01"	"ILC"	"LumA"	-1	-0.8018	1	0.698412698412698	"Truncating"	"Frame_Shift_Ins"	-2.30090685649737	-1.94043497441065	-0.793104800499227
"TCGA-D8-A1X8-01"	"ILC"	"LumA"	-1	-0.3832	0	NA	"WT"	"WT"	-1.88743892130526	-2.08824146679671	0.0257223719860101
"TCGA-D8-A1XO-01"	"ILC"	"LumA"	-1	-0.3951	1	0.588235294117647	"Truncating"	"Nonsense_Mutation"	-0.425242863423071	-2.34951295838379	1.05653393548339
"TCGA-D8-A27G-01"	"ILC"	"LumA"	-1	-0.3761	1	0.263157894736842	"Truncating"	"Frame_Shift_Ins"	-2.75213015758791	-2.52898738090079	0.886314472524957
"TCGA-D8-A27I-01"	"ILC"	"LumA"	-1	-0.1044	1	0.269230769230769	"Truncating"	"Frame_Shift_Del"	-1.33950062933258	-0.839395746200363	0.397163727109604
"TCGA-D8-A27T-01"	"ILC"	"LumA"	-1	-0.3764	0	NA	"WT"	"WT"	-2.46899702275211	-2.02744371566358	0.0259007359501419
"TCGA-D8-A27V-01"	"ILC"	"LumA"	-1	-0.5972	1	0.266666666666667	"Truncating"	"Nonsense_Mutation"	-0.19276583301972	-1.57541962997012	-1.33095568817171
"TCGA-D8-A3Z5-01"	"ILC"	"LumA"	-1	-0.3852	1	0.217391304347826	"Truncating"	"Frame_Shift_Del"	-0.892317592909451	-0.716469965447957	-0.736670809673622
"TCGA-D8-A3Z6-01"	"ILC"	"LumA"	-1	-0.5757	1	0.409090909090909	"Truncating"	"Frame_Shift_Del"	-2.16031547142404	NA	0.126370999670097
"TCGA-D8-A4Z1-01"	"ILC"	"LumA"	-1	-0.1143	0	NA	"WT"	"WT"	-0.00625886706884479	NA	0.0791934161368514
"TCGA-E2-A107-01"	"ILC"	"LumA"	-1	-0.5116	0	NA	"WT"	"WT"	-1.76531703213278	-1.58293971173253	0.60633425219782
"TCGA-E2-A10F-01"	"ILC"	"LumA"	-1	-0.3119	1	0.329411764705882	"Truncating"	"Frame_Shift_Ins"	-2.99491436219745	NA	0.923651795533033
"TCGA-E2-A14U-01"	"ILC"	"LumA"	-1	-0.1227	0	NA	"WT"	"WT"	0.372621580952498	NA	-0.00592673358126495
"TCGA-E2-A15L-01"	"ILC"	"LumA"	-1	-0.6592	1	0	"Truncating"	"Frame_Shift_Ins"	-2.43290689286085	-2.10073782347764	NA
"TCGA-E2-A15M-01"	"ILC"	"LumA"	-1	-0.1978	0	NA	"WT"	"WT"	-1.2613313210307	-2.32687984825293	NA
"TCGA-E2-A1B5-01"	"ILC"	"LumA"	-1	-0.1373	0	NA	"WT"	"WT"	-1.75100176815754	-1.79720221757432	1.99979852254029
"TCGA-E2-A1IH-01"	"ILC"	"LumA"	-1	-0.3324	1	0.311475409836066	"Missense"	"Missense_Mutation"	-2.61443711162905	NA	0.546117971420066
"TCGA-E2-A1IJ-01"	"ILC"	"LumA"	-1	-0.1842	1	0.259259259259259	"Truncating"	"Frame_Shift_Ins"	-1.99533507680038	NA	1.09124790197145
"TCGA-E2-A1IL-01"	"ILC"	"LumA"	-1	-0.614	0	NA	"WT"	"WT"	0.17760228318957	0.0785269002724656	-1.02015536570051
"TCGA-E2-A1L8-01"	"ILC"	"LumA"	-1	-0.1886	1	0.541666666666667	"Truncating"	"Splice_Site"	-1.44666968771651	-1.94406799883188	-0.133553499467643
"TCGA-E2-A2P5-01"	"ILC"	"LumA"	-1	-0.405	1	0.56	"Truncating"	"Nonsense_Mutation"	-2.47164754204217	-1.88502729650958	0.705871108385362
"TCGA-E2-A2P6-01"	"ILC"	"LumA"	-1	-0.7509	1	0.833333333333333	"Truncating"	"Frame_Shift_Ins"	-1.94057796363075	NA	-0.996680311606972
"TCGA-E2-A3DX-01"	"ILC"	"LumA"	-1	-0.227	0	NA	"WT"	"WT"	-1.34083767859603	-0.931988048765192	1.52157277660261
"TCGA-E9-A295-01"	"ILC"	"LumA"	-1	-0.3177	0	NA	"WT"	"WT"	0.549841113766637	1.12356708189487	-0.322357834905074
"TCGA-E9-A2JT-01"	"ILC"	"LumA"	0	-0.0247	1	0.130434782608696	"Missense"	"Missense_Mutation"	-0.807175853636796	-0.358891912402947	2.64190482103638
"TCGA-EW-A1IW-01"	"ILC"	"LumA"	-1	-0.3886	1	0	"Truncating"	"Frame_Shift_Ins"	-0.837556879204007	NA	0.273915780036326
"TCGA-EW-A1J2-01"	"ILC"	"LumA"	-1	-0.4176	1	0.309859154929577	"Truncating"	"Nonsense_Mutation"	-1.42628306097543	-0.482566491973617	-0.63179938340771
"TCGA-EW-A3E8-01"	"ILC"	"LumA"	-1	-0.3327	1	0.222222222222222	"Truncating"	"Splice_Site"	-0.232923593166557	NA	1.38032911417812
"TCGA-GM-A3NW-01"	"ILC"	"LumA"	-1	-0.576	0	NA	"WT"	"WT"	-2.07096044774215	NA	0.0285312163252999
"TCGA-GM-A3NY-01"	"ILC"	"LumA"	-1	-0.5789	0	NA	"WT"	"WT"	-2.04623300707487	-0.679372892936188	-0.203594753385892
"TCGA-GM-A3XG-01"	"ILC"	"LumA"	0	-0.0323	0	NA	"WT"	"WT"	0.315884113360865	0.483803948492877	-1.24817907160034
"TCGA-GM-A3XN-01"	"ILC"	"LumA"	-1	-0.3026	1	0.121951219512195	"Truncating"	"Frame_Shift_Ins"	-2.11780575555323	-2.17322273263657	0.995445570206991
"TCGA-GM-A4E0-01"	"ILC"	"LumA"	-1	-0.1856	1	0.153061224489796	"Truncating"	"Frame_Shift_Del"	-2.40609487985093	-1.00333549969167	0.83217980804068
"TCGA-LL-A440-01"	"ILC"	"LumA"	0	-0.0641	0	NA	"WT"	"WT"	-0.912877319850252	-1.97065925784906	0.149725304875272
"TCGA-LQ-A4E4-01"	"ILC"	"LumA"	-1	-0.6676	1	0.625	"Truncating"	"Nonsense_Mutation"	-2.40017079250794	-2.32580849609017	-0.356367366279532
"TCGA-MS-A51U-01"	"ILC"	"LumA"	-1	-0.2428	1	0.205128205128205	"Truncating"	"Nonsense_Mutation"	-1.09652933029196	-1.77051169217045	0.314088177500111
"TCGA-OL-A66K-01"	"ILC"	"LumA"	-1	-0.4648	1	0.439024390243902	"Truncating"	"Frame_Shift_Ins"	-2.43966281423761	-1.12693479032938	-0.601898216981454
"TCGA-A2-A0CR-01"	"ILC"	"LumA"	-1	-0.1567	1	0.122448979591837	"Truncating"	"Nonsense_Mutation"	-1.2220794461952	-2.6582480870227	2.71644754669905
"TCGA-A7-A13H-01"	"ILC"	"LumA"	-1	-0.3484	1	0.354838709677419	"Truncating"	"Frame_Shift_Del"	-1.85431891491684	NA	1.18276253112388
"TCGA-AC-A62Y-01"	"ILC"	"LumA"	1	0.2289	0	NA	"WT"	"WT"	0.966408760063364	NA	-0.437861971320064
"TCGA-A8-A09Z-01"	"ILC"	"LumB"	-1	-0.7289	1	0.518987341772152	"Truncating"	"Frame_Shift_Ins"	-0.373125350822901	-2.50072992115881	NA
"TCGA-AR-A24H-01"	"ILC"	"LumB"	-1	-0.5219	1	0.545454545454545	"Truncating"	"Frame_Shift_Del"	-0.349337994962786	NA	-0.143060109708329
"TCGA-AR-A2LK-01"	"ILC"	"LumB"	-1	-0.2573	1	0.5	"Truncating"	"Frame_Shift_Del"	0.0227352406449503	-0.7503561261154	-1.20866956158585
"TCGA-BH-A0C3-01"	"ILC"	"LumB"	-1	-0.2087	0	NA	"WT"	"WT"	-0.0276139444237597	-0.37967341984056	0.574681210510653
"TCGA-E9-A2JS-01"	"ILC"	"LumB"	-1	-0.386	0	NA	"WT"	"WT"	0.142660979158527	0.377875351930718	-0.333361739371903
"TCGA-BH-A42T-01"	"ILC"	"LumB"	-1	-0.4637	1	0	"Truncating"	"Splice_Site"	-1.23374523757839	-1.85128709084215	0.733365132335559
"TCGA-A2-A0YK-01"	"ILC"	"Normal"	-1	-0.2088	1	0.130434782608696	"Truncating"	"Nonsense_Mutation"	-0.761327375604349	-1.18939120242385	1.082444005295
"TCGA-A2-A25A-01"	"ILC"	"Normal"	-1	-0.2312	1	0.201058201058201	"Missense"	"Missense_Mutation"	-1.00836777141542	-1.45169634695074	-0.429943219650169
"TCGA-A2-A4RY-01"	"ILC"	"Normal"	-1	-0.1189	1	0	"Truncating"	"Frame_Shift_Ins"	-0.458399269220528	-0.874880861979866	0.044757136317803
"TCGA-AC-A2FK-01"	"ILC"	"Normal"	NA	0.0199	0	NA	"WT"	"WT"	0.377303596440266	NA	-0.492554860534068
"TCGA-AC-A3YI-01"	"ILC"	"Normal"	0	-0.1329	1	0.137254901960784	"Truncating"	"Frame_Shift_Ins"	-0.833359104643174	NA	0.0747023124301949
"TCGA-AO-A1KO-01"	"ILC"	"Normal"	0	-0.0163	0	NA	"WT"	"WT"	0.196884447580735	-1.4470285334943	-0.827934589221321
"TCGA-AR-A2LH-01"	"ILC"	"Normal"	0	-0.1015	0	NA	"WT"	"WT"	-1.4227249284749	-1.45528651692852	1.70629990262128
"TCGA-AR-A2LQ-01"	"ILC"	"Normal"	0	-0.1049	1	0.1	"Truncating"	"Splice_Site"	-1.08555070937654	-1.07223941686882	0.21623178378581
"TCGA-B6-A0RQ-01"	"ILC"	"Normal"	-1	-0.0897	1	0.105263157894737	"Truncating"	"Nonsense_Mutation"	0.392629869375622	-0.421593512827432	NA
"TCGA-BH-A28O-01"	"ILC"	"Normal"	0	-0.0942	0	NA	"WT"	"WT"	-0.382552092963079	NA	-0.0302261301804777
"TCGA-BH-A42U-01"	"ILC"	"Normal"	0	-0.0589	0	NA	"WT"	"WT"	-0.510045714930255	-0.421014146556601	1.20582623803241
"TCGA-EW-A1PG-01"	"ILC"	"Normal"	-2	-0.1424	0	NA	"WT"	"WT"	-0.309339851456392	0.0705042579264709	0.044805849451173
