"ID"	"Histology"	"PAM50"	"CN"	"CN_logRR"	"Mutation"	"Mutation_AF"	"Mutation_type_broad"	"Mutation_type"	"RNA"	"Protein"	"DNAm"
"TCGA-A2-A04X-01"	"NST"	"Her2"	0	0.0542	0	NA	"WT"	"WT"	0.784550080811376	NA	NA
"TCGA-A2-A0EQ-01"	"NST"	"Her2"	-1	-0.1119	0	NA	"WT"	"WT"	0.38819925726283	-0.0487780459556182	NA
"TCGA-A2-A0T1-01"	"NST"	"Her2"	-1	-0.1859	0	NA	"WT"	"WT"	-0.116082393018648	0.374515325132644	1.78243867032662
"TCGA-A2-A3XV-01"	"NST"	"Her2"	0	-5e-04	0	NA	"WT"	"WT"	0.510349999633181	0.354956569157772	-0.361234507213016
"TCGA-A2-A3XZ-01"	"NST"	"Her2"	0	-0.0247	0	NA	"WT"	"WT"	0.326638514620024	-0.0865503158987595	2.03861228468604
"TCGA-A7-A4SF-01"	"NST"	"Her2"	0	0.1002	0	NA	"WT"	"WT"	1.23879990979357	1.43868847582097	-0.285299170308023
"TCGA-A8-A07I-01"	"NST"	"Her2"	0	0.0719	0	NA	"WT"	"WT"	1.04604081964765	0.18471344122165	NA
"TCGA-A8-A08B-01"	"NST"	"Her2"	-1	-0.4965	0	NA	"WT"	"WT"	0.11402362842008	NA	NA
"TCGA-A8-A08J-01"	"NST"	"Her2"	0	-0.0211	0	NA	"WT"	"WT"	0.723791497027783	0.800188606467567	NA
"TCGA-A8-A08L-01"	"NST"	"Her2"	2	0.5484	0	NA	"WT"	"WT"	1.13521352933486	-0.0905668078558322	NA
"TCGA-A8-A08X-01"	"NST"	"Her2"	-1	-0.1962	0	NA	"WT"	"WT"	-0.0273367233264678	-0.00512301438673621	NA
"TCGA-A8-A094-01"	"NST"	"Her2"	-1	-0.285	0	NA	"WT"	"WT"	0.571183310673666	0.561811160616342	NA
"TCGA-AC-A23H-01"	"NST"	"Her2"	1	0.2183	0	NA	"WT"	"WT"	1.84430974359611	NA	-1.16498710242725
"TCGA-AN-A0FV-01"	"NST"	"Her2"	0	0.1297	0	NA	"WT"	"WT"	1.33060275666624	0.579440478347158	NA
"TCGA-B6-A0I9-01"	"NST"	"Her2"	1	0.3589	0	NA	"WT"	"WT"	0.996066577354346	0.273646973725718	NA
"TCGA-B6-A0IK-01"	"NST"	"Her2"	0	0.115	0	NA	"WT"	"WT"	1.08881006099785	0.109089451287165	-0.255658091596353
"TCGA-B6-A0RH-01"	"NST"	"Her2"	-1	-0.4499	0	NA	"WT"	"WT"	0.0472570284368554	0.236039150489229	NA
"TCGA-BH-A0B7-01"	"NST"	"Her2"	-1	-0.0458	0	NA	"WT"	"WT"	0.79334127830552	0.421190698074879	NA
"TCGA-BH-A18R-01"	"NST"	"Her2"	0	-0.0201	0	NA	"WT"	"WT"	1.17449800319712	0.669954959451247	NA
"TCGA-BH-A1EV-01"	"NST"	"Her2"	-1	-0.4335	0	NA	"WT"	"WT"	0.494803342726784	0.309508949950975	-0.154480539266766
"TCGA-BH-A203-01"	"NST"	"Her2"	0	-0.059	0	NA	"WT"	"WT"	0.439266946169245	-0.0733884333058535	0.912044594792001
"TCGA-C8-A12L-01"	"NST"	"Her2"	1	0.2376	0	NA	"WT"	"WT"	1.13007996596258	0.429216764601493	NA
"TCGA-C8-A12P-01"	"NST"	"Her2"	0	-0.1697	0	NA	"WT"	"WT"	0.641329959430393	0.222944156790049	NA
"TCGA-C8-A12Q-01"	"NST"	"Her2"	0	0.0457	0	NA	"WT"	"WT"	0.877913938342724	-0.061335719724731	NA
"TCGA-C8-A12T-01"	"NST"	"Her2"	0	0.0159	0	NA	"WT"	"WT"	1.04446524445176	-0.103133605464363	NA
"TCGA-C8-A135-01"	"NST"	"Her2"	-1	-0.0643	0	NA	"WT"	"WT"	0.62356959573072	0.359901525230902	NA
"TCGA-C8-A138-01"	"NST"	"Her2"	1	0.5062	0	NA	"WT"	"WT"	0.832563247685252	0.654194144934792	NA
"TCGA-C8-A1HF-01"	"NST"	"Her2"	-1	-0.3896	0	NA	"WT"	"WT"	-0.194032227863627	0.384361802731654	1.62145638807952
"TCGA-C8-A1HK-01"	"NST"	"Her2"	1	0.2811	0	NA	"WT"	"WT"	1.37088332038463	0.7830818493156	-1.65453684372831
"TCGA-C8-A26X-01"	"NST"	"Her2"	-1	-0.1954	0	NA	"WT"	"WT"	0.455286373694793	-0.26193233039149	1.62056929866785
"TCGA-C8-A26Y-01"	"NST"	"Her2"	-1	-0.2308	0	NA	"WT"	"WT"	0.386139110993965	0.187357966518502	1.4511838392574
"TCGA-C8-A275-01"	"NST"	"Her2"	0	-0.0464	0	NA	"WT"	"WT"	0.615323966195371	0.635872504452267	0.149580823690545
"TCGA-C8-A278-01"	"NST"	"Her2"	-1	-0.2476	0	NA	"WT"	"WT"	0.26331993203134	-0.0953515059671651	1.29645093018425
"TCGA-D8-A13Z-01"	"NST"	"Her2"	-1	-0.1951	0	NA	"WT"	"WT"	0.245545760931486	0.424986365558564	NA
"TCGA-D8-A1JA-01"	"NST"	"Her2"	0	0.0452	0	NA	"WT"	"WT"	1.35356376901014	0.833619504522124	-0.973825226871857
"TCGA-D8-A1JF-01"	"NST"	"Her2"	1	0.1268	0	NA	"WT"	"WT"	0.93229258364494	0.800064429836206	-0.0590160971292674
"TCGA-D8-A1JG-01"	"NST"	"Her2"	-1	-0.1603	0	NA	"WT"	"WT"	0.561212360020513	0.386658440374989	1.01212354349272
"TCGA-D8-A1XT-01"	"NST"	"Her2"	0	0.112	0	NA	"WT"	"WT"	0.534688300433929	0.199208053562537	-0.166367360192552
"TCGA-E2-A14P-01"	"NST"	"Her2"	2	0.6866	0	NA	"WT"	"WT"	1.91710880556106	0.566891511850184	NA
"TCGA-E2-A14V-01"	"NST"	"Her2"	0	0.0219	0	NA	"WT"	"WT"	0.9997726292637	-0.287569883114021	NA
"TCGA-E2-A152-01"	"NST"	"Her2"	1	0.2243	0	NA	"WT"	"WT"	1.36956642078368	0.237512994519516	NA
"TCGA-E2-A1B0-01"	"NST"	"Her2"	1	0.115	0	NA	"WT"	"WT"	0.847894296615387	-2.22427527881377	0.445541988879805
"TCGA-E2-A1LB-01"	"NST"	"Her2"	0	0.0703	0	NA	"WT"	"WT"	1.14107564380683	0.382137409453953	-0.486287250817835
"TCGA-E2-A1LE-01"	"NST"	"Her2"	0	0.0148	0	NA	"WT"	"WT"	0.796451418256146	0.283926705424824	0.812642225644312
"TCGA-E9-A1RH-01"	"NST"	"Her2"	0	-0.0355	0	NA	"WT"	"WT"	0.945570891244835	-2.23808463247805	-0.541690465774198
"TCGA-E9-A248-01"	"NST"	"Her2"	-1	-0.1549	0	NA	"WT"	"WT"	0.291717745436494	0.598137068116039	1.49814225223284
"TCGA-EW-A1OV-01"	"NST"	"Her2"	-1	-0.2563	0	NA	"WT"	"WT"	-2.28624314843504	-2.28291188246368	1.69727653147457
"TCGA-EW-A2FR-01"	"NST"	"Her2"	0	0.0613	0	NA	"WT"	"WT"	0.660433846307551	1.68756849294656	0.164904409102648
"TCGA-GM-A2DB-01"	"NST"	"Her2"	1	0.0483	0	NA	"WT"	"WT"	0.581931505510514	-0.287583999834011	0.926191785410152
"TCGA-GM-A2DH-01"	"NST"	"Her2"	0	0.0468	0	NA	"WT"	"WT"	0.434168774272939	0.287833301938399	1.37603446868164
"TCGA-LL-A5YO-01"	"NST"	"Her2"	0	-0.0594	0	NA	"WT"	"WT"	-0.376615162074355	0.430763070171208	2.37194955837776
"TCGA-B6-A0IG-01"	"NST"	"LumA"	0	0.1595	0	NA	"WT"	"WT"	0.591584346069666	0.770291959820731	NA
"TCGA-BH-A0HQ-01"	"NST"	"LumA"	-1	-0.4294	0	NA	"WT"	"WT"	0.27603325287951	NA	NA
"TCGA-A1-A0SD-01"	"NST"	"LumA"	-1	-0.4087	0	NA	"WT"	"WT"	0.500486548028586	NA	NA
"TCGA-A1-A0SF-01"	"NST"	"LumA"	-1	-0.3235	0	NA	"WT"	"WT"	0.665619594433533	0.928796758432188	0.258495340480005
"TCGA-A1-A0SJ-01"	"NST"	"LumA"	1	0.2259	0	NA	"WT"	"WT"	1.83159958691204	0.413362856188441	-0.932964548342641
"TCGA-A1-A0SM-01"	"NST"	"LumA"	-1	-0.4965	0	NA	"WT"	"WT"	-0.111149539905936	NA	-0.47383357520621
"TCGA-A1-A0SQ-01"	"NST"	"LumA"	0	0.0047	0	NA	"WT"	"WT"	1.33372385035187	0.707758555338402	-1.13500929282266
"TCGA-A2-A04V-01"	"NST"	"LumA"	-1	-0.7089	0	NA	"WT"	"WT"	0.0322529428688082	0.383717344364595	NA
"TCGA-A2-A0CP-01"	"NST"	"LumA"	-1	-0.3562	0	NA	"WT"	"WT"	-0.242148767433552	-0.105681407987879	NA
"TCGA-A2-A0CQ-01"	"NST"	"LumA"	-1	-0.5496	0	NA	"WT"	"WT"	0.0911592982278155	1.14285919975263	NA
"TCGA-A2-A0CS-01"	"NST"	"LumA"	-1	-0.4833	0	NA	"WT"	"WT"	0.637450630345955	0.449052087593722	NA
"TCGA-A2-A0CU-01"	"NST"	"LumA"	0	0.072	0	NA	"WT"	"WT"	1.64749370362112	1.13910410863125	NA
"TCGA-A2-A0CV-01"	"NST"	"LumA"	-1	-0.2886	0	NA	"WT"	"WT"	0.0363389794679875	0.82355647797943	NA
"TCGA-A2-A0D3-01"	"NST"	"LumA"	-1	-0.6102	0	NA	"WT"	"WT"	0.339685278769132	0.592616966195256	NA
"TCGA-A2-A0EO-01"	"NST"	"LumA"	-1	-0.4475	0	NA	"WT"	"WT"	0.506578177012925	0.233963922587842	NA
"TCGA-A2-A0ET-01"	"NST"	"LumA"	1	0.3472	0	NA	"WT"	"WT"	0.821225393150778	NA	NA
"TCGA-A2-A0EU-01"	"NST"	"LumA"	-1	-0.3674	0	NA	"WT"	"WT"	1.01594656063276	-0.0957783007343987	-0.790800742139395
"TCGA-A2-A0EV-01"	"NST"	"LumA"	-1	-0.3423	0	NA	"WT"	"WT"	0.251798868410721	-0.29229841872738	NA
"TCGA-A2-A0SU-01"	"NST"	"LumA"	-1	-0.4218	0	NA	"WT"	"WT"	0.106256339266921	0.129773948793386	0.633921708103608
"TCGA-A2-A0T5-01"	"NST"	"LumA"	-1	-0.5489	0	NA	"WT"	"WT"	-0.0529551718511261	0.759283661899979	-0.285151634887496
"TCGA-A2-A0T7-01"	"NST"	"LumA"	-1	-0.2893	0	NA	"WT"	"WT"	0.791488743561316	0.321120117033779	-0.235609779149223
"TCGA-A2-A0YC-01"	"NST"	"LumA"	-1	-0.6511	0	NA	"WT"	"WT"	0.148901027880913	-0.812336342762233	-0.418063935566464
"TCGA-A2-A0YF-01"	"NST"	"LumA"	-1	-0.5973	0	NA	"WT"	"WT"	1.06844533955104	-0.351825545427084	-0.795747820973941
"TCGA-A2-A1FZ-01"	"NST"	"LumA"	0	-0.0171	0	NA	"WT"	"WT"	0.789111279061818	-0.319486474654638	-0.0465621356935605
"TCGA-A2-A1G0-01"	"NST"	"LumA"	-1	-0.5162	1	0.385964912280702	"Missense"	"Missense_Mutation"	0.22605206867803	0.406459421332173	-0.276280427080129
"TCGA-A2-A259-01"	"NST"	"LumA"	-1	-0.3369	0	NA	"WT"	"WT"	0.35476495560434	-3.36343772542347	1.16522338583878
"TCGA-A7-A0CD-01"	"NST"	"LumA"	-1	-0.6707	0	NA	"WT"	"WT"	0.720558601341664	0.283635511985238	NA
"TCGA-A7-A0CH-01"	"NST"	"LumA"	-1	-0.7113	0	NA	"WT"	"WT"	0.315592307841384	0.65589998667036	NA
"TCGA-A7-A0D9-01"	"NST"	"LumA"	0	-0.0079	0	NA	"WT"	"WT"	1.3805335201576	0.400575925633606	-1.77036423179104
"TCGA-A7-A0DB-01"	"NST"	"LumA"	-1	-0.6736	0	NA	"WT"	"WT"	0.302290730314267	0.48812464795471	NA
"TCGA-A7-A13G-01"	"NST"	"LumA"	-1	-0.8816	0	NA	"WT"	"WT"	0.166981002217737	NA	-1.77779120027994
"TCGA-A7-A26J-01"	"NST"	"LumA"	-1	-0.6685	0	NA	"WT"	"WT"	-0.025631085108758	NA	0.0188008496645474
"TCGA-A8-A06T-01"	"NST"	"LumA"	-1	-0.4997	0	NA	"WT"	"WT"	0.302208689449304	NA	NA
"TCGA-A8-A06U-01"	"NST"	"LumA"	-1	-0.183	0	NA	"WT"	"WT"	0.762653356568624	0.881028718511503	NA
"TCGA-A8-A06Y-01"	"NST"	"LumA"	1	0.3311	0	NA	"WT"	"WT"	1.19562904705564	0.983037379239316	NA
"TCGA-A8-A07P-01"	"NST"	"LumA"	-1	-0.6612	0	NA	"WT"	"WT"	0.566066971445927	0.525303903261317	NA
"TCGA-A8-A086-01"	"NST"	"LumA"	-1	-0.7349	0	NA	"WT"	"WT"	0.13575096401965	0.300538762051397	NA
"TCGA-A8-A08O-01"	"NST"	"LumA"	-1	-0.4936	0	NA	"WT"	"WT"	0.384095045562817	0.309494000731439	-1.19519346407878
"TCGA-A8-A08T-01"	"NST"	"LumA"	-1	-0.6651	0	NA	"WT"	"WT"	0.426228847185598	0.369716219466239	NA
"TCGA-A8-A091-01"	"NST"	"LumA"	-1	-0.5668	1	0.686486486486486	"Missense"	"Missense_Mutation"	0.408657238074551	1.03629352011998	NA
"TCGA-A8-A093-01"	"NST"	"LumA"	-1	-0.6126	0	NA	"WT"	"WT"	0.419896844748856	NA	NA
"TCGA-A8-A09A-01"	"NST"	"LumA"	0	-0.0316	0	NA	"WT"	"WT"	1.14722262806297	1.0451382213603	NA
"TCGA-A8-A09B-01"	"NST"	"LumA"	-1	-0.4459	0	NA	"WT"	"WT"	0.469817325711262	-0.100883341199627	NA
"TCGA-A8-A09D-01"	"NST"	"LumA"	0	0.0139	0	NA	"WT"	"WT"	0.988349520657407	NA	NA
"TCGA-A8-A0A9-01"	"NST"	"LumA"	-1	-0.5115	1	0.733333333333333	"Truncating"	"Nonsense_Mutation"	-2.08062789670953	NA	NA
"TCGA-AC-A23C-01"	"NST"	"LumA"	0	0.0145	0	NA	"WT"	"WT"	0.995778368941594	0.0315408157490296	1.030019524192
"TCGA-AC-A3TM-01"	"NST"	"LumA"	-1	-0.557	1	0.282051282051282	"Truncating"	"Frame_Shift_Ins"	-1.60196984952961	-1.65174283075406	0.375053424023485
"TCGA-AN-A0AS-01"	"NST"	"LumA"	0	-0.0577	0	NA	"WT"	"WT"	0.279648871333085	0.0825493687250494	NA
"TCGA-AN-A0FK-01"	"NST"	"LumA"	-1	-0.3105	0	NA	"WT"	"WT"	1.17079364323742	0.440160282923707	NA
"TCGA-AN-A0FZ-01"	"NST"	"LumA"	1	0.2584	0	NA	"WT"	"WT"	1.47914837505017	0.575446145313927	NA
"TCGA-AQ-A04L-01"	"NST"	"LumA"	0	0.0812	0	NA	"WT"	"WT"	0.705502553917954	-1.01002731791985	-0.54238442653475
"TCGA-AQ-A1H2-01"	"NST"	"LumA"	-1	-0.6337	0	NA	"WT"	"WT"	0.166113508625374	1.91485310883504	-1.8642768973714
"TCGA-AQ-A1H3-01"	"NST"	"LumA"	-1	-0.5588	0	NA	"WT"	"WT"	-0.182396908138361	-2.65076540370778	0.00576203185087201
"TCGA-AR-A0U3-01"	"NST"	"LumA"	-1	-0.4812	0	NA	"WT"	"WT"	0.649259454748001	0.414743603570417	-0.68575945388199
"TCGA-AR-A1AN-01"	"NST"	"LumA"	-1	-0.3298	0	NA	"WT"	"WT"	0.128278243499559	NA	0.00347002899472967
"TCGA-AR-A1AS-01"	"NST"	"LumA"	1	0.526466666666667	0	NA	"WT"	"WT"	1.01112776776214	0.428428052457272	-1.41819830155233
"TCGA-AR-A1AU-01"	"NST"	"LumA"	0	0.0239	0	NA	"WT"	"WT"	0.731570854950558	-0.116553043265773	-0.851362010481994
"TCGA-AR-A1AV-01"	"NST"	"LumA"	1	0.131	0	NA	"WT"	"WT"	1.1021844504002	0.348914081497861	-1.45310914374686
"TCGA-AR-A1AX-01"	"NST"	"LumA"	-1	-0.15	0	NA	"WT"	"WT"	-0.197637151938949	-1.41354181786725	2.21721904095592
"TCGA-AR-A24L-01"	"NST"	"LumA"	-1	-0.2926	0	NA	"WT"	"WT"	0.781555317181865	-0.134027553758363	-0.318345467202233
"TCGA-AR-A24M-01"	"NST"	"LumA"	0	-0.032	0	NA	"WT"	"WT"	1.05663939308942	0.728221492605047	-1.14294099069
"TCGA-AR-A24P-01"	"NST"	"LumA"	-1	-0.4366	0	NA	"WT"	"WT"	-0.0267148697683244	-0.132271583611919	0.301700952528041
"TCGA-B6-A0I5-01"	"NST"	"LumA"	-1	-0.6834	0	NA	"WT"	"WT"	-0.326638789762695	NA	NA
"TCGA-B6-A0IO-01"	"NST"	"LumA"	1	0.187	0	NA	"WT"	"WT"	1.22675123292267	0.312064602269982	NA
"TCGA-B6-A0RG-01"	"NST"	"LumA"	-1	-0.7813	0	NA	"WT"	"WT"	1.08672953813569	0.339901876184128	-1.88309103513474
"TCGA-B6-A0RI-01"	"NST"	"LumA"	-1	-0.5247	0	NA	"WT"	"WT"	0.481952486936059	NA	-0.969829210968368
"TCGA-B6-A0RO-01"	"NST"	"LumA"	1	0.2986	0	NA	"WT"	"WT"	1.38282744400368	1.0210916504131	-0.848957011193633
"TCGA-B6-A0WS-01"	"NST"	"LumA"	-1	-0.291	0	NA	"WT"	"WT"	0.56793198585206	NA	NA
"TCGA-B6-A0WT-01"	"NST"	"LumA"	-1	-0.0996	0	NA	"WT"	"WT"	0.880984096969994	NA	0.236133587732775
"TCGA-B6-A0WY-01"	"NST"	"LumA"	1	0.1411	0	NA	"WT"	"WT"	0.865901101483553	NA	-0.232870713458849
"TCGA-B6-A0WZ-01"	"NST"	"LumA"	-1	-0.5898	0	NA	"WT"	"WT"	0.230578552617856	NA	-0.0206905592970339
"TCGA-B6-A0X4-01"	"NST"	"LumA"	0	-0.0017	0	NA	"WT"	"WT"	0.50721674445022	NA	-1.50807781113354
"TCGA-B6-A1KI-01"	"NST"	"LumA"	-1	-0.2244	0	NA	"WT"	"WT"	0.664939275814122	NA	-0.595800348594824
"TCGA-BH-A0AY-01"	"NST"	"LumA"	-1	-0.301	0	NA	"WT"	"WT"	-0.230169484743882	-0.157836080424638	NA
"TCGA-BH-A0AZ-01"	"NST"	"LumA"	0	0.011	0	NA	"WT"	"WT"	0.258829585160249	-0.0189689485001651	-0.752650104128127
"TCGA-BH-A0B6-01"	"NST"	"LumA"	-1	-0.0856	0	NA	"WT"	"WT"	0.820634615915334	0.990219290167965	1.50191569219983
"TCGA-BH-A0BJ-01"	"NST"	"LumA"	0	0.0326	0	NA	"WT"	"WT"	0.852062255200666	1.04492173422437	-0.0927104595863174
"TCGA-BH-A0BP-01"	"NST"	"LumA"	-1	-0.2288	0	NA	"WT"	"WT"	0.35966533522241	-0.0108543328513642	NA
"TCGA-BH-A0BQ-01"	"NST"	"LumA"	-1	-0.3242	0	NA	"WT"	"WT"	-0.144693916249315	0.852669578085635	NA
"TCGA-BH-A0BR-01"	"NST"	"LumA"	0	0.1234	0	NA	"WT"	"WT"	1.0524528338241	-0.277567742070159	NA
"TCGA-BH-A0BS-01"	"NST"	"LumA"	-1	-0.5671	0	NA	"WT"	"WT"	0.996698625524026	1.03150885206583	-1.53650869932116
"TCGA-BH-A0BV-01"	"NST"	"LumA"	0	0.1568	0	NA	"WT"	"WT"	0.848114879249083	0.214292970947614	NA
"TCGA-BH-A0DG-01"	"NST"	"LumA"	0	0.0066	0	NA	"WT"	"WT"	1.00417949243937	0.0562437077055651	0.181307417682776
"TCGA-BH-A0DK-01"	"NST"	"LumA"	-1	-0.3869	0	NA	"WT"	"WT"	0.590292176149878	0.0492149400744015	1.25576885985241
"TCGA-BH-A0DO-01"	"NST"	"LumA"	-1	-0.371	0	NA	"WT"	"WT"	0.0493401190592244	NA	NA
"TCGA-BH-A0DQ-01"	"NST"	"LumA"	0	0.0314	0	NA	"WT"	"WT"	0.754116670726943	NA	-0.935416705952666
"TCGA-BH-A0DS-01"	"NST"	"LumA"	-1	-0.7626	0	NA	"WT"	"WT"	-0.48031416306543	-0.707367542676289	0.23422361590426
"TCGA-BH-A0DT-01"	"NST"	"LumA"	-1	-0.524	0	NA	"WT"	"WT"	-0.128822158197105	0.425572363110825	NA
"TCGA-BH-A0DX-01"	"NST"	"LumA"	0	0.1282	0	NA	"WT"	"WT"	1.31931190885765	NA	NA
"TCGA-BH-A0DZ-01"	"NST"	"LumA"	-1	-0.4888	0	NA	"WT"	"WT"	0.398940407312208	NA	NA
"TCGA-BH-A0E1-01"	"NST"	"LumA"	-1	-0.6772	0	NA	"WT"	"WT"	0.091425920087353	0.00693682804061281	-1.53312656402342
"TCGA-BH-A0E2-01"	"NST"	"LumA"	-1	-0.5097	0	NA	"WT"	"WT"	0.698309909054889	-0.128206283643708	-0.282318402404698
"TCGA-BH-A0EA-01"	"NST"	"LumA"	-1	-0.4779	0	NA	"WT"	"WT"	-0.359204812120748	-0.0684379666064382	NA
"TCGA-BH-A0EI-01"	"NST"	"LumA"	0	0.0019	0	NA	"WT"	"WT"	0.495446386798383	-0.788219824496197	NA
"TCGA-BH-A0GY-01"	"NST"	"LumA"	-1	-0.4266	0	NA	"WT"	"WT"	0.744491911600158	0.0160465545482995	-0.620941523015614
"TCGA-BH-A0GZ-01"	"NST"	"LumA"	0	0.1025	0	NA	"WT"	"WT"	0.748804914281608	NA	-0.817983311451021
"TCGA-BH-A0H3-01"	"NST"	"LumA"	-1	-0.3994	0	NA	"WT"	"WT"	-0.00641773226028385	NA	-0.187865502789934
"TCGA-BH-A0H7-01"	"NST"	"LumA"	1	0.0905	0	NA	"WT"	"WT"	1.07898039283434	-0.170915633617365	-1.26079214001883
"TCGA-BH-A0H9-01"	"NST"	"LumA"	1	0.2656	0	NA	"WT"	"WT"	1.28896402523929	0.627268566187039	-0.512170524291589
"TCGA-BH-A0HA-01"	"NST"	"LumA"	0	0.0942	0	NA	"WT"	"WT"	0.940023470871683	0.799789421559417	-0.743565875490223
"TCGA-BH-A0HB-01"	"NST"	"LumA"	0	-0.1032	0	NA	"WT"	"WT"	1.02667564375226	NA	0.343653811604444
"TCGA-BH-A0HI-01"	"NST"	"LumA"	-1	-0.56	0	NA	"WT"	"WT"	0.462149232787913	NA	0.951178247285859
"TCGA-BH-A0HO-01"	"NST"	"LumA"	-1	-0.5847	0	NA	"WT"	"WT"	-0.2584382483087	NA	NA
"TCGA-BH-A0HX-01"	"NST"	"LumA"	-1	-0.3276	0	NA	"WT"	"WT"	0.686642537721913	0.523721987327728	-1.10257849720099
"TCGA-BH-A0W5-01"	"NST"	"LumA"	-1	-0.1152	0	NA	"WT"	"WT"	-0.0300527793555671	0.0389554400404631	1.71192428422375
"TCGA-BH-A0W7-01"	"NST"	"LumA"	-1	-0.4416	0	NA	"WT"	"WT"	0.0680208439941403	NA	NA
"TCGA-BH-A18F-01"	"NST"	"LumA"	-1	-0.3125	1	0.246376811594203	"Truncating"	"Frame_Shift_Ins"	-1.7240616359681	-2.39931325212686	NA
"TCGA-BH-A18H-01"	"NST"	"LumA"	-1	-0.2042	0	NA	"WT"	"WT"	0.566794178298923	-0.158623409726363	NA
"TCGA-BH-A18I-01"	"NST"	"LumA"	-1	-0.5176	0	NA	"WT"	"WT"	-0.136735340236014	NA	NA
"TCGA-BH-A18J-01"	"NST"	"LumA"	-1	-0.3052	0	NA	"WT"	"WT"	0.38890124633474	-0.577461480527077	NA
"TCGA-BH-A18N-01"	"NST"	"LumA"	-1	-0.6092	0	NA	"WT"	"WT"	0.47295203622482	0.584493418268718	NA
"TCGA-BH-A1ES-01"	"NST"	"LumA"	NA	0.1075	0	NA	"WT"	"WT"	0.961437584700729	0.974734864019079	-1.69247540005832
"TCGA-BH-A1ET-01"	"NST"	"LumA"	-1	-0.504	0	NA	"WT"	"WT"	0.417111724177298	1.16509158950962	-0.763807411253407
"TCGA-BH-A1EW-01"	"NST"	"LumA"	-1	-0.2766	0	NA	"WT"	"WT"	0.458321623129949	-0.280631056549366	1.19871549823869
"TCGA-BH-A1EX-01"	"NST"	"LumA"	1	0.6874	0	NA	"WT"	"WT"	1.13983607236906	0.295009375421719	-0.458138574713757
"TCGA-BH-A1EY-01"	"NST"	"LumA"	-1	-0.2836	0	NA	"WT"	"WT"	0.260688658788716	-0.402896715788862	1.29622674958724
"TCGA-BH-A1F5-01"	"NST"	"LumA"	-1	-0.72	0	NA	"WT"	"WT"	0.642533313582981	1.04338826413392	-0.835287260612947
"TCGA-BH-A1FE-01"	"NST"	"LumA"	-1	-0.2621	0	NA	"WT"	"WT"	0.457718340885637	-0.119171498182107	1.3609230452361
"TCGA-BH-A1FG-01"	"NST"	"LumA"	-1	-0.8251	0	NA	"WT"	"WT"	0.855054163837103	0.89570263533698	-0.363105433285648
"TCGA-BH-A1FH-01"	"NST"	"LumA"	0	0.0311	0	NA	"WT"	"WT"	0.219183558233663	0.143920074030281	-0.392564531817635
"TCGA-BH-A201-01"	"NST"	"LumA"	0	0.0301	0	NA	"WT"	"WT"	0.409216752075023	0.595767736730886	-1.42248071567891
"TCGA-BH-A42V-01"	"NST"	"LumA"	-1	-0.2785	0	NA	"WT"	"WT"	0.0632463393259731	0.824851234275581	0.543611803277607
"TCGA-C8-A12N-01"	"NST"	"LumA"	-1	-0.6457	0	NA	"WT"	"WT"	-0.177607452846748	0.475788441501884	NA
"TCGA-C8-A12O-01"	"NST"	"LumA"	0	-0.0726	0	NA	"WT"	"WT"	0.47007121216672	0.472712188248269	NA
"TCGA-C8-A12Y-01"	"NST"	"LumA"	-1	-0.5817	0	NA	"WT"	"WT"	0.0673581197940022	0.179292312553525	NA
"TCGA-C8-A132-01"	"NST"	"LumA"	1	0.1192	0	NA	"WT"	"WT"	0.892405986976373	0.229518038668155	NA
"TCGA-C8-A1HE-01"	"NST"	"LumA"	-1	-0.6539	0	NA	"WT"	"WT"	0.349555724148284	0.336683087281704	-0.130418967436934
"TCGA-C8-A1HI-01"	"NST"	"LumA"	-1	-0.2763	0	NA	"WT"	"WT"	0.268811275287726	0.376836015726247	-0.163921307999512
"TCGA-C8-A1HO-01"	"NST"	"LumA"	0	0.0381	1	0.467741935483871	"Missense"	"Missense_Mutation"	0.96344573074027	0.927458002428912	-1.54231674252775
"TCGA-D8-A140-01"	"NST"	"LumA"	0	-0.0736	0	NA	"WT"	"WT"	0.832817603640601	0.782679161051238	NA
"TCGA-D8-A141-01"	"NST"	"LumA"	-1	-0.2451	0	NA	"WT"	"WT"	-0.872788791959024	NA	NA
"TCGA-D8-A145-01"	"NST"	"LumA"	-1	-0.1154	0	NA	"WT"	"WT"	0.461849427363546	0.968089986842164	NA
"TCGA-D8-A146-01"	"NST"	"LumA"	-1	-0.2177	0	NA	"WT"	"WT"	0.33794725169854	0.46496719160269	NA
"TCGA-D8-A1JH-01"	"NST"	"LumA"	0	0.0278	0	NA	"WT"	"WT"	0.719797194252279	-0.0685022798951615	-0.407463664996961
"TCGA-D8-A1JP-01"	"NST"	"LumA"	-1	-0.4809	0	NA	"WT"	"WT"	-0.249790488802241	0.648484092356735	-0.368125120515712
"TCGA-D8-A1X9-01"	"NST"	"LumA"	0	0.0817	0	NA	"WT"	"WT"	1.02579997062023	0.943688840727926	-0.535571794167376
"TCGA-D8-A1XB-01"	"NST"	"LumA"	-1	-0.2197	0	NA	"WT"	"WT"	0.562343111254999	0.244019726514337	-1.26643399428554
"TCGA-D8-A1XG-01"	"NST"	"LumA"	0	0.0492	0	NA	"WT"	"WT"	0.871794166327083	0.993361848316769	-1.58036940798348
"TCGA-D8-A1XU-01"	"NST"	"LumA"	1	0.2402	0	NA	"WT"	"WT"	1.1708255390384	0.811115227779545	-0.620912497418309
"TCGA-D8-A1XY-01"	"NST"	"LumA"	-1	-0.3444	0	NA	"WT"	"WT"	0.347474426584618	-0.879517063457137	-0.544659978424356
"TCGA-D8-A27L-01"	"NST"	"LumA"	-1	-0.3603	0	NA	"WT"	"WT"	0.079508622206903	0.692798697250108	0.951166669980448
"TCGA-D8-A27P-01"	"NST"	"LumA"	-1	-0.486	0	NA	"WT"	"WT"	0.39774947720448	1.13593793441982	-0.353244952626633
"TCGA-E2-A105-01"	"NST"	"LumA"	0	0.0623	0	NA	"WT"	"WT"	0.764835296990928	NA	-1.52910638122874
"TCGA-E2-A10A-01"	"NST"	"LumA"	-1	-0.6972	0	NA	"WT"	"WT"	0.176124600412246	1.08108681436898	NA
"TCGA-E2-A10B-01"	"NST"	"LumA"	0	-0.165	0	NA	"WT"	"WT"	1.34928828075719	0.475142635641281	0.46253243248431
"TCGA-E2-A10E-01"	"NST"	"LumA"	-1	-0.5805	0	NA	"WT"	"WT"	0.427783448475196	0.741155301437901	-0.535338160824114
"TCGA-E2-A14Q-01"	"NST"	"LumA"	-1	-0.4483	0	NA	"WT"	"WT"	0.546139675300157	1.04730632048106	NA
"TCGA-E2-A154-01"	"NST"	"LumA"	-1	-0.4979	0	NA	"WT"	"WT"	0.253690149783402	0.455575029940114	NA
"TCGA-E2-A156-01"	"NST"	"LumA"	-1	-0.8792	0	NA	"WT"	"WT"	0.400752912952512	1.45478435627025	NA
"TCGA-E2-A15C-01"	"NST"	"LumA"	-1	-0.5813	0	NA	"WT"	"WT"	0.132022794038224	-0.118325459776244	NA
"TCGA-E2-A15D-01"	"NST"	"LumA"	-1	-0.5264	0	NA	"WT"	"WT"	-0.355895116648267	0.199772858466172	NA
"TCGA-E2-A15E-01"	"NST"	"LumA"	-1	-0.3092	0	NA	"WT"	"WT"	0.45168909685931	0.351268808474504	NA
"TCGA-E2-A15F-01"	"NST"	"LumA"	-1	-0.4243	0	NA	"WT"	"WT"	0.436554295166412	0.385155785256296	NA
"TCGA-E2-A15H-01"	"NST"	"LumA"	-1	-0.1091	0	NA	"WT"	"WT"	0.609776065267823	-0.0771419468479976	NA
"TCGA-E2-A15O-01"	"NST"	"LumA"	-1	-0.727	0	NA	"WT"	"WT"	0.13720680799446	0.0726735254612764	NA
"TCGA-E2-A1B4-01"	"NST"	"LumA"	-1	-0.6768	0	NA	"WT"	"WT"	0.202052063292367	0.973041676784619	-0.668779740613236
"TCGA-E2-A1BD-01"	"NST"	"LumA"	-1	-0.5932	0	NA	"WT"	"WT"	0.290219436767167	0.458893812981366	-0.922958567635224
"TCGA-E2-A1IE-01"	"NST"	"LumA"	-1	-0.5407	0	NA	"WT"	"WT"	0.733106112423786	NA	-1.00087354430533
"TCGA-E2-A1IF-01"	"NST"	"LumA"	-1	-0.2554	0	NA	"WT"	"WT"	-0.23213334845523	NA	-0.131224125403928
"TCGA-E2-A1IG-01"	"NST"	"LumA"	1	0.21385	0	NA	"WT"	"WT"	0.721529017697097	0.26663142766057	-0.871880586788292
"TCGA-E2-A1IN-01"	"NST"	"LumA"	0	-0.0271	0	NA	"WT"	"WT"	0.907535981565807	NA	-0.961128907840331
"TCGA-E2-A1IO-01"	"NST"	"LumA"	0	0.0341	0	NA	"WT"	"WT"	0.539705150405818	NA	0.239546058465435
"TCGA-E2-A1IU-01"	"NST"	"LumA"	-1	-0.4933	0	NA	"WT"	"WT"	0.184077604585565	-0.259638686825469	0.622195103707764
"TCGA-E2-A1L9-01"	"NST"	"LumA"	0	-0.0898	0	NA	"WT"	"WT"	0.466504547510821	NA	-1.36845604539572
"TCGA-E2-A1LA-01"	"NST"	"LumA"	-1	-0.3892	0	NA	"WT"	"WT"	0.439700434145476	NA	0.96942633740087
"TCGA-E2-A570-01"	"NST"	"LumA"	-1	-0.5864	0	NA	"WT"	"WT"	-0.484820148453185	NA	0.29191092694568
"TCGA-E9-A1N3-01"	"NST"	"LumA"	0	0.0143	0	NA	"WT"	"WT"	0.338000988884925	1.05355876334111	-1.32981206958642
"TCGA-E9-A1N4-01"	"NST"	"LumA"	-1	-0.4412	0	NA	"WT"	"WT"	-0.13546563463539	0.398045748478051	0.644224836200875
"TCGA-E9-A1N5-01"	"NST"	"LumA"	-1	-0.3762	0	NA	"WT"	"WT"	0.168973455693135	-0.326061691537737	0.602981664984037
"TCGA-E9-A1NE-01"	"NST"	"LumA"	0	0.0191	0	NA	"WT"	"WT"	0.903605257613505	0.0964131961811223	1.41632370055632
"TCGA-E9-A1NG-01"	"NST"	"LumA"	-1	-0.2135	0	NA	"WT"	"WT"	0.00818618138415225	0.170391549358647	0.381987630663544
"TCGA-E9-A1NH-01"	"NST"	"LumA"	-1	-0.4263	0	NA	"WT"	"WT"	-0.0782503098688374	0.346852816855449	-0.316656378091896
"TCGA-E9-A1QZ-01"	"NST"	"LumA"	-1	-0.1907	0	NA	"WT"	"WT"	0.293647904423857	-0.45308506430374	1.57104699476125
"TCGA-E9-A1R0-01"	"NST"	"LumA"	-1	-0.3491	0	NA	"WT"	"WT"	0.152260181426926	-3.09918850279553	0.443803734805793
"TCGA-E9-A1R2-01"	"NST"	"LumA"	0	0.0505	0	NA	"WT"	"WT"	0.848626460755134	0.91843816237678	0.419328500142074
"TCGA-E9-A1R3-01"	"NST"	"LumA"	-1	-0.2566	0	NA	"WT"	"WT"	0.75520208139842	0.362664414479219	0.741778142564897
"TCGA-E9-A1R5-01"	"NST"	"LumA"	-1	-0.583	0	NA	"WT"	"WT"	-0.196010057927232	0.584582628014115	-0.793233675905091
"TCGA-E9-A1R6-01"	"NST"	"LumA"	-1	-0.20675	0	NA	"WT"	"WT"	0.621898248401044	-1.09179381124346	-0.855081152939649
"TCGA-E9-A1RC-01"	"NST"	"LumA"	0	-0.1687	0	NA	"WT"	"WT"	0.912290729870873	0.52311444787074	-1.88631447218221
"TCGA-E9-A1RD-01"	"NST"	"LumA"	-1	-0.4068	0	NA	"WT"	"WT"	0.651226217632674	0.98904021468973	-1.39189370987068
"TCGA-E9-A1RI-01"	"NST"	"LumA"	-1	-0.3715	0	NA	"WT"	"WT"	0.481291185501563	0.543724871332692	0.248601172093347
"TCGA-E9-A227-01"	"NST"	"LumA"	-1	-0.4553	0	NA	"WT"	"WT"	-0.0996780905454878	-0.173708620909907	0.826482636870582
"TCGA-E9-A229-01"	"NST"	"LumA"	0	0.0848	0	NA	"WT"	"WT"	0.700173145839982	-0.0354108037378696	-0.373338157174064
"TCGA-E9-A22B-01"	"NST"	"LumA"	1	0.1449	0	NA	"WT"	"WT"	1.1057298100238	0.80491506940471	-0.618937558277499
"TCGA-E9-A24A-01"	"NST"	"LumA"	-1	-0.4304	0	NA	"WT"	"WT"	0.0569018599435245	0.494232580069775	0.946628512312309
"TCGA-EW-A1J1-01"	"NST"	"LumA"	-1	-0.6074	0	NA	"WT"	"WT"	0.923693896169033	0.986455685029494	-0.669728704210067
"TCGA-EW-A1P3-01"	"NST"	"LumA"	-1	-0.5638	0	NA	"WT"	"WT"	-0.488857037996521	-0.62163713165756	-0.12220687231111
"TCGA-EW-A1P5-01"	"NST"	"LumA"	1	0.4174	0	NA	"WT"	"WT"	1.01812953182157	-0.0489611859072242	-0.885358264801174
"TCGA-EW-A1P6-01"	"NST"	"LumA"	-1	-0.6378	0	NA	"WT"	"WT"	-0.159373403362349	NA	-0.0547283954772663
"TCGA-EW-A1PA-01"	"NST"	"LumA"	0	0.0989	0	NA	"WT"	"WT"	0.902744028385886	0.671744341976493	0.137397978799161
"TCGA-EW-A1PD-01"	"NST"	"LumA"	0	0.0161	0	NA	"WT"	"WT"	1.14183726164668	-1.73629577752937	-1.43505686000866
"TCGA-EW-A2FS-01"	"NST"	"LumA"	-1	-0.1738	0	NA	"WT"	"WT"	0.728951930248363	0.539280867469188	0.735994446002409
"TCGA-GI-A2C8-01"	"NST"	"LumA"	-1	-0.2502	1	0.363636363636364	"Missense"	"Missense_Mutation"	-0.211228599356399	0.164457784911752	0.529407862048255
"TCGA-GM-A2D9-01"	"NST"	"LumA"	-1	-0.5761	0	NA	"WT"	"WT"	-0.0787003727990589	0.721409515221782	-0.534872734563286
"TCGA-GM-A2DA-01"	"NST"	"LumA"	-1	-0.3647	0	NA	"WT"	"WT"	-0.706842945487507	NA	1.10082078048534
"TCGA-GM-A2DC-01"	"NST"	"LumA"	-1	-0.5875	0	NA	"WT"	"WT"	0.470984473553305	0.685124313838329	-0.374869969789124
"TCGA-GM-A2DI-01"	"NST"	"LumA"	-1	-0.1225	0	NA	"WT"	"WT"	0.403860243006687	-0.0696480028973064	2.04384318910537
"TCGA-GM-A2DK-01"	"NST"	"LumA"	0	0.0147	0	NA	"WT"	"WT"	0.90830709271725	0.320958857236144	0.341957744093357
"TCGA-GM-A2DL-01"	"NST"	"LumA"	-1	-0.3754	0	NA	"WT"	"WT"	-0.521286272126578	-0.439140137040639	0.358154946693702
"TCGA-GM-A2DN-01"	"NST"	"LumA"	-1	-0.2868	0	NA	"WT"	"WT"	-0.164312976680469	0.583171653468991	1.85034169463226
"TCGA-LL-A5YN-01"	"NST"	"LumA"	-1	-0.1966	0	NA	"WT"	"WT"	-0.136453669684116	0.602263484092109	1.82878595238862
"TCGA-A1-A0SI-01"	"NST"	"LumB"	-1	-0.2357	0	NA	"WT"	"WT"	0.316134243609501	NA	0.174378455094346
"TCGA-A1-A0SN-01"	"NST"	"LumB"	-1	-0.2228	0	NA	"WT"	"WT"	0.448296526169109	NA	0.352636580900306
"TCGA-A2-A04R-01"	"NST"	"LumB"	-1	-0.6838	0	NA	"WT"	"WT"	0.943368410286721	NA	-1.45793993825602
"TCGA-A2-A0CW-01"	"NST"	"LumB"	0	0.1364	0	NA	"WT"	"WT"	1.68992518959276	0.689782296120601	NA
"TCGA-A2-A0D4-01"	"NST"	"LumB"	-1	-0.5632	0	NA	"WT"	"WT"	0.95712710999734	1.37088814580152	NA
"TCGA-A2-A0EY-01"	"NST"	"LumB"	1	0.2914	0	NA	"WT"	"WT"	0.861848079794705	0.634587452184004	NA
"TCGA-A2-A0SV-01"	"NST"	"LumB"	1	0.1509	0	NA	"WT"	"WT"	0.285905440998462	0.527052935911544	0.0777064271872238
"TCGA-A2-A0SW-01"	"NST"	"LumB"	0	0.0466	0	NA	"WT"	"WT"	0.609032331948631	0.493048441436407	1.36762947653624
"TCGA-A2-A0YG-01"	"NST"	"LumB"	1	0.235	0	NA	"WT"	"WT"	1.57577105262606	0.364437657139126	-0.57956106846433
"TCGA-A2-A0YH-01"	"NST"	"LumB"	-1	-0.556	0	NA	"WT"	"WT"	-0.021999718343615	0.379375056155	0.972591665424767
"TCGA-A2-A0YT-01"	"NST"	"LumB"	1	0.0984	0	NA	"WT"	"WT"	1.56293587785586	0.981219342050064	-0.86041178501679
"TCGA-A2-A1G4-01"	"NST"	"LumB"	0	0.0025	0	NA	"WT"	"WT"	0.240521649737981	1.41094733200314	-0.57626147998005
"TCGA-A2-A25B-01"	"NST"	"LumB"	0	0.0691	0	NA	"WT"	"WT"	1.1317929957458	0.640402228251857	-0.852742103069163
"TCGA-A2-A25C-01"	"NST"	"LumB"	0	0.0681	0	NA	"WT"	"WT"	1.04475256193042	1.00662653073919	-0.126717631738702
"TCGA-A2-A4S3-01"	"NST"	"LumB"	-1	-0.2962	0	NA	"WT"	"WT"	0.23272746168976	0.548530906240168	1.52257394963748
"TCGA-A7-A0CJ-01"	"NST"	"LumB"	-1	-0.4844	0	NA	"WT"	"WT"	0.459737663660148	0.395355929109791	NA
"TCGA-A7-A2KD-01"	"NST"	"LumB"	-1	-0.5318	0	NA	"WT"	"WT"	0.228943640075571	0.286138031232535	0.282734965976304
"TCGA-A8-A06N-01"	"NST"	"LumB"	-1	-0.5301	0	NA	"WT"	"WT"	0.96013464470213	0.737525654430033	NA
"TCGA-A8-A06O-01"	"NST"	"LumB"	-1	-0.4659	0	NA	"WT"	"WT"	0.375789796591689	NA	NA
"TCGA-A8-A06Q-01"	"NST"	"LumB"	-1	-0.4306	0	NA	"WT"	"WT"	0.567813685691156	NA	NA
"TCGA-A8-A06R-01"	"NST"	"LumB"	0	-0.0693	0	NA	"WT"	"WT"	0.359422194519675	-0.0878096599544982	NA
"TCGA-A8-A06Z-01"	"NST"	"LumB"	-1	-0.3632	0	NA	"WT"	"WT"	0.980457055286195	0.756018256833048	NA
"TCGA-A8-A075-01"	"NST"	"LumB"	-1	-0.3696	0	NA	"WT"	"WT"	-0.00971207170754269	-0.182601084298099	0.585359904605395
"TCGA-A8-A076-01"	"NST"	"LumB"	0	0.0731	0	NA	"WT"	"WT"	1.1681050068284	-0.521033795146145	NA
"TCGA-A8-A079-01"	"NST"	"LumB"	-1	-0.6554	0	NA	"WT"	"WT"	-0.109983908563055	-0.27867493302238	NA
"TCGA-A8-A07W-01"	"NST"	"LumB"	1	0.2445	0	NA	"WT"	"WT"	1.22548684038496	1.88826992341314	NA
"TCGA-A8-A081-01"	"NST"	"LumB"	-1	-0.2859	0	NA	"WT"	"WT"	0.798784819725766	0.751730935818876	NA
"TCGA-A8-A08G-01"	"NST"	"LumB"	-1	-0.5345	0	NA	"WT"	"WT"	0.68637466251179	-0.0859927111742633	NA
"TCGA-A8-A08I-01"	"NST"	"LumB"	1	0.3733	0	NA	"WT"	"WT"	0.937187118003307	NA	NA
"TCGA-A8-A08S-01"	"NST"	"LumB"	-1	-0.5816	0	NA	"WT"	"WT"	0.521413446077136	NA	NA
"TCGA-A8-A092-01"	"NST"	"LumB"	-1	-0.4081	0	NA	"WT"	"WT"	0.624723440905457	NA	NA
"TCGA-A8-A095-01"	"NST"	"LumB"	-1	-0.2569	0	NA	"WT"	"WT"	0.345845595261835	-0.952067620010611	NA
"TCGA-A8-A096-01"	"NST"	"LumB"	-1	-0.5124	0	NA	"WT"	"WT"	-0.239312618827354	NA	NA
"TCGA-A8-A09I-01"	"NST"	"LumB"	0	0.0981	0	NA	"WT"	"WT"	0.795158172178048	-0.168392108626374	NA
"TCGA-A8-A09N-01"	"NST"	"LumB"	-1	-0.4524	0	NA	"WT"	"WT"	0.651582077086309	NA	NA
"TCGA-A8-A09Q-01"	"NST"	"LumB"	-1	-0.5033	0	NA	"WT"	"WT"	-0.115224047033714	NA	NA
"TCGA-AC-A2BM-01"	"NST"	"LumB"	-1	-0.4348	0	NA	"WT"	"WT"	0.168018286992546	0.194483557678096	1.09659918593254
"TCGA-AN-A0AJ-01"	"NST"	"LumB"	-1	-0.3766	0	NA	"WT"	"WT"	0.538341517035825	0.426774308301987	NA
"TCGA-AN-A0AK-01"	"NST"	"LumB"	-1	-0.5982	0	NA	"WT"	"WT"	1.03764441055016	0.479596304796995	NA
"TCGA-AN-A0AM-01"	"NST"	"LumB"	0	-0.0374	0	NA	"WT"	"WT"	0.538165938129509	-0.104550929273759	NA
"TCGA-AN-A0FF-01"	"NST"	"LumB"	0	0.0081	0	NA	"WT"	"WT"	0.619729022174868	0.778734674060616	NA
"TCGA-AN-A0FY-01"	"NST"	"LumB"	1	0.1811	0	NA	"WT"	"WT"	0.894114355038476	0.506531534443376	NA
"TCGA-AO-A1KP-01"	"NST"	"LumB"	-1	-0.763	0	NA	"WT"	"WT"	0.135044475258417	-0.912561452271688	-1.51403921827609
"TCGA-AO-A1KT-01"	"NST"	"LumB"	1	0.3814	0	NA	"WT"	"WT"	1.06630107295145	0.224268198951235	-0.847444330199946
"TCGA-AQ-A54O-01"	"NST"	"LumB"	1	-0.3529	0	NA	"WT"	"WT"	0.648725008203262	1.1076688176119	-0.990900711835194
"TCGA-AR-A0TY-01"	"NST"	"LumB"	0	0.1734	0	NA	"WT"	"WT"	1.77265703251466	0.814030703208947	NA
"TCGA-AR-A0U2-01"	"NST"	"LumB"	-2	-0.7169	0	NA	"WT"	"WT"	0.220554149154694	-1.10322029106428	0.932489442389018
"TCGA-AR-A24K-01"	"NST"	"LumB"	-1	-0.5336	0	NA	"WT"	"WT"	0.0786634055303467	0.926400528823718	-1.17013439884157
"TCGA-AR-A24N-01"	"NST"	"LumB"	-1	-0.2926	0	NA	"WT"	"WT"	0.35032839893531	0.26908789844328	-0.63255850417472
"TCGA-AR-A24R-01"	"NST"	"LumB"	0	0.0618	0	NA	"WT"	"WT"	1.20481229717761	-0.3288611606002	-0.213129305600172
"TCGA-AR-A24S-01"	"NST"	"LumB"	-1	-0.3491	0	NA	"WT"	"WT"	-0.219122685001737	-0.276116106282908	0.627748554044093
"TCGA-B6-A0IB-01"	"NST"	"LumB"	-1	-0.3128	0	NA	"WT"	"WT"	0.318947202517747	1.23064522445003	NA
"TCGA-B6-A0WV-01"	"NST"	"LumB"	0	0.0454	0	NA	"WT"	"WT"	1.12311869914936	NA	-1.19367651638405
"TCGA-B6-A0WW-01"	"NST"	"LumB"	-1	-0.4543	0	NA	"WT"	"WT"	0.751735558692276	NA	0.0265602184388206
"TCGA-B6-A0X5-01"	"NST"	"LumB"	0	0.0242	0	NA	"WT"	"WT"	0.810356878944742	NA	-1.51684623167892
"TCGA-B6-A1KC-01"	"NST"	"LumB"	-1	-0.2286	0	NA	"WT"	"WT"	0.99895685981986	NA	-0.807473889778202
"TCGA-B6-A1KN-01"	"NST"	"LumB"	0	0.1536	0	NA	"WT"	"WT"	0.997213471540679	NA	-1.26627799666047
"TCGA-BH-A0AU-01"	"NST"	"LumB"	-1	-0.278	0	NA	"WT"	"WT"	0.452214888583371	0.0732891285008232	0.519752480711498
"TCGA-BH-A0BD-01"	"NST"	"LumB"	0	-0.0174	0	NA	"WT"	"WT"	0.523877720487604	NA	NA
"TCGA-BH-A0BF-01"	"NST"	"LumB"	-1	-0.2262	0	NA	"WT"	"WT"	-0.319979267417982	-0.0128262120619768	2.10818784833393
"TCGA-BH-A0C0-01"	"NST"	"LumB"	-1	-0.3131	1	0.0954198473282443	"Truncating"	"Splice_Site"	-0.193298532710974	-0.0405420743947417	1.87358929815848
"TCGA-BH-A0C7-01"	"NST"	"LumB"	-1	-0.0843	0	NA	"WT"	"WT"	0.93464098318232	0.609938788693317	NA
"TCGA-BH-A0DD-01"	"NST"	"LumB"	0	-0.0515	0	NA	"WT"	"WT"	0.972619419821271	0.308231970367097	-1.30478662549913
"TCGA-BH-A0H0-01"	"NST"	"LumB"	-1	-0.691	0	NA	"WT"	"WT"	1.17917672800863	NA	-1.38077438675946
"TCGA-BH-A0HU-01"	"NST"	"LumB"	-1	-0.4931	0	NA	"WT"	"WT"	0.331131708429122	0.96030395874299	NA
"TCGA-BH-A0HY-01"	"NST"	"LumB"	-1	-0.4506	0	NA	"WT"	"WT"	0.771310985071421	-0.0360601212098302	-1.36002125020929
"TCGA-BH-A0W3-01"	"NST"	"LumB"	-1	-0.6512	0	NA	"WT"	"WT"	0.445494296475776	NA	-0.564560029007489
"TCGA-BH-A18U-01"	"NST"	"LumB"	-1	-0.4158	0	NA	"WT"	"WT"	0.284599730221002	-1.56837072626951	NA
"TCGA-BH-A1F2-01"	"NST"	"LumB"	-1	-0.3416	0	NA	"WT"	"WT"	0.289369355589977	0.3203976308317	-0.937445378612454
"TCGA-BH-A1F8-01"	"NST"	"LumB"	-1	-0.409	0	NA	"WT"	"WT"	1.10174932993864	0.428760778585878	0.0446597673343482
"TCGA-BH-A1FM-01"	"NST"	"LumB"	0	0.0771	0	NA	"WT"	"WT"	0.693962352755762	0.602585433024075	NA
"TCGA-BH-A1FN-01"	"NST"	"LumB"	-1	-0.1953	0	NA	"WT"	"WT"	0.537084410711516	0.00829874332187546	-1.28352779369549
"TCGA-BH-A202-01"	"NST"	"LumB"	-1	-0.348	0	NA	"WT"	"WT"	-0.336429051360145	-0.080664637032047	0.693325021920264
"TCGA-BH-A204-01"	"NST"	"LumB"	-1	-0.6635	0	NA	"WT"	"WT"	0.331770093310498	0.927709959802941	-1.49180242780757
"TCGA-C8-A12M-01"	"NST"	"LumB"	0	0.0429	0	NA	"WT"	"WT"	0.880964179658188	0.819074250046385	NA
"TCGA-C8-A12U-01"	"NST"	"LumB"	0	0.0102	0	NA	"WT"	"WT"	1.25873507906931	-0.0830134033712081	NA
"TCGA-C8-A1HG-01"	"NST"	"LumB"	-1	-0.217	0	NA	"WT"	"WT"	0.245363226367315	0.589074099380334	1.45640114985469
"TCGA-C8-A1HM-01"	"NST"	"LumB"	-1	-0.1293	0	NA	"WT"	"WT"	0.752684758616713	0.708967857979785	0.860632064229505
"TCGA-C8-A1HN-01"	"NST"	"LumB"	-1	-0.3644	0	NA	"WT"	"WT"	0.647037999416831	1.16118028883385	-1.80155839827689
"TCGA-C8-A26V-01"	"NST"	"LumB"	-1	-0.5421	0	NA	"WT"	"WT"	0.108216663118445	0.512651817524244	0.320000601827495
"TCGA-C8-A26W-01"	"NST"	"LumB"	-1	-0.4001	0	NA	"WT"	"WT"	0.136193678241246	0.106017096366664	0.797824534484693
"TCGA-C8-A27A-01"	"NST"	"LumB"	0	0.1413	0	NA	"WT"	"WT"	0.542861399790809	-0.54534184948049	-0.794184828080111
"TCGA-D8-A13Y-01"	"NST"	"LumB"	-1	-0.5608	0	NA	"WT"	"WT"	-0.0924495852861938	0.430148920672058	NA
"TCGA-D8-A1J8-01"	"NST"	"LumB"	-1	-0.2896	0	NA	"WT"	"WT"	0.715860177883536	0.240207440155276	0.352123864557152
"TCGA-D8-A1J9-01"	"NST"	"LumB"	-1	-0.461	0	NA	"WT"	"WT"	0.881510038128708	-0.17102976013979	-1.43902404310047
"TCGA-D8-A1JC-01"	"NST"	"LumB"	-1	-0.4653	0	NA	"WT"	"WT"	0.900798691533108	0.751368667915764	-0.185809166811428
"TCGA-D8-A1JD-01"	"NST"	"LumB"	-1	-0.2684	0	NA	"WT"	"WT"	0.262930413961496	-0.155976868057613	-0.790174219380022
"TCGA-D8-A1JE-01"	"NST"	"LumB"	-1	-0.2604	0	NA	"WT"	"WT"	0.683653742690243	0.0473522180010527	-0.503729178464849
"TCGA-D8-A1JI-01"	"NST"	"LumB"	-1	-0.6824	0	NA	"WT"	"WT"	0.0273775120151814	0.97793760957785	-1.35709000159373
"TCGA-D8-A1XF-01"	"NST"	"LumB"	1	0.2264	0	NA	"WT"	"WT"	1.15154413017252	1.20578517169248	-0.87773127068567
"TCGA-D8-A1XL-01"	"NST"	"LumB"	0	0.0026	0	NA	"WT"	"WT"	0.352342220091321	0.558044621726611	0.428173125411987
"TCGA-D8-A1XR-01"	"NST"	"LumB"	-1	-0.5789	0	NA	"WT"	"WT"	-0.152695854929529	-0.661866970529265	-1.233878486273
"TCGA-D8-A1XZ-01"	"NST"	"LumB"	1	0.3043	0	NA	"WT"	"WT"	0.882380443154063	0.773796130329526	0.128233009417586
"TCGA-D8-A1Y1-01"	"NST"	"LumB"	-1	-0.2888	1	0.586206896551724	"Truncating"	"Splice_Site"	-2.17735902456579	-2.63773903989108	-0.213856254239576
"TCGA-D8-A1Y2-01"	"NST"	"LumB"	1	-0.0129	0	NA	"WT"	"WT"	-0.0210925027689533	-0.677807584627294	1.07514044071922
"TCGA-D8-A1Y3-01"	"NST"	"LumB"	-1	-0.2585	0	NA	"WT"	"WT"	0.273439428508921	0.452010635402379	-0.661083363971521
"TCGA-D8-A27N-01"	"NST"	"LumB"	0	0.0129	0	NA	"WT"	"WT"	0.802278445993425	0.369551926220602	-0.316136005330497
"TCGA-D8-A27R-01"	"NST"	"LumB"	0	-0.08	0	NA	"WT"	"WT"	0.968688380249592	0.276227735653456	0.629425008298024
"TCGA-E2-A109-01"	"NST"	"LumB"	2	0.602	0	NA	"WT"	"WT"	1.53670595516971	0.915787933410269	-0.817471430909945
"TCGA-E2-A10C-01"	"NST"	"LumB"	-1	-0.2098	0	NA	"WT"	"WT"	0.140910809347759	-0.392635281511127	1.17187363894527
"TCGA-E2-A14O-01"	"NST"	"LumB"	-1	-0.3521	0	NA	"WT"	"WT"	0.682769139723993	-0.178028413004769	NA
"TCGA-E2-A14S-01"	"NST"	"LumB"	-1	-0.7556	0	NA	"WT"	"WT"	0.199906863384404	0.745501660491957	NA
"TCGA-E2-A14W-01"	"NST"	"LumB"	-1	-0.5097	0	NA	"WT"	"WT"	0.338678933020249	0.369487732737305	NA
"TCGA-E2-A15K-01"	"NST"	"LumB"	-1	-0.5523	0	NA	"WT"	"WT"	0.376483655592499	0.0535779495427183	1.7208209822354
"TCGA-E2-A1L7-01"	"NST"	"LumB"	-1	-0.5061	0	NA	"WT"	"WT"	-0.340243899020926	-0.0679462133792085	0.112263712735868
"TCGA-E2-A56Z-01"	"NST"	"LumB"	0	-0.0363	0	NA	"WT"	"WT"	0.63267684107576	1.31290056074502	-0.516559916787567
"TCGA-E9-A1NA-01"	"NST"	"LumB"	1	0.535	0	NA	"WT"	"WT"	1.01483432213354	0.328218650370601	-0.794178012480265
"TCGA-E9-A1NF-01"	"NST"	"LumB"	-1	-0.1582	0	NA	"WT"	"WT"	-0.176666690708417	-0.326002410288603	0.1192499322379
"TCGA-E9-A1NI-01"	"NST"	"LumB"	-1	-0.4702	0	NA	"WT"	"WT"	0.236807185419532	-0.124742316110699	-0.0800625495026648
"TCGA-E9-A1R7-01"	"NST"	"LumB"	-1	-0.4094	0	NA	"WT"	"WT"	0.621767182302939	-0.00475185336490468	-0.124373053837599
"TCGA-E9-A1RE-01"	"NST"	"LumB"	-1	-0.3984	0	NA	"WT"	"WT"	0.544224670266237	0.954783248693248	-0.913215002553097
"TCGA-E9-A226-01"	"NST"	"LumB"	-1	-0.4431	0	NA	"WT"	"WT"	0.702916849551748	0.401295502214846	-0.650201401364327
"TCGA-E9-A22A-01"	"NST"	"LumB"	0	0.0371	0	NA	"WT"	"WT"	0.503272196805171	0.346010737743766	0.302138958598369
"TCGA-E9-A22D-01"	"NST"	"LumB"	-1	-0.4591	0	NA	"WT"	"WT"	0.00543645179706079	0.332595685752321	0.831758376261661
"TCGA-E9-A22H-01"	"NST"	"LumB"	-1	-0.6007	0	NA	"WT"	"WT"	0.734169028481101	0.454614177083139	0.930580398304428
"TCGA-E9-A249-01"	"NST"	"LumB"	-1	-0.5421	0	NA	"WT"	"WT"	-0.233104186601408	-0.167032186009929	-0.0178104337982178
"TCGA-EW-A1IY-01"	"NST"	"LumB"	-1	-0.462	0	NA	"WT"	"WT"	0.188900774959464	NA	1.05526588488669
"TCGA-EW-A1J6-01"	"NST"	"LumB"	-1	-0.3934	0	NA	"WT"	"WT"	0.335228924432811	NA	0.0548299245699044
"TCGA-EW-A1OY-01"	"NST"	"LumB"	0	0.3062	0	NA	"WT"	"WT"	0.827432737499437	0.35318506875664	-1.46191108543368
"TCGA-EW-A1OZ-01"	"NST"	"LumB"	-1	-0.2632	0	NA	"WT"	"WT"	0.521849591166131	-0.619738590090016	-0.617815867008609
"TCGA-EW-A1PC-01"	"NST"	"LumB"	-1	-0.2083	0	NA	"WT"	"WT"	0.588164535827508	1.13920198670144	-1.33211620154734
"TCGA-LL-A5YM-01"	"NST"	"LumB"	1	0.1696	0	NA	"WT"	"WT"	0.508185512213897	0.588748309689593	-1.02738525192785
"TCGA-A2-A0CL-01"	"NST"	"Normal"	0	0.0394	0	NA	"WT"	"WT"	0.44874850951839	-0.639339232031747	NA
"TCGA-A2-A1G6-01"	"NST"	"Normal"	0	0.0101	0	NA	"WT"	"WT"	0.628423523374838	0.0489082593492113	-0.942758257071463
"TCGA-A2-A3XW-01"	"NST"	"Normal"	0	0.0034	0	NA	"WT"	"WT"	0.431418472194319	0.71092689705438	-0.574753123222593
"TCGA-A8-A08H-01"	"NST"	"Normal"	0	-0.0386	0	NA	"WT"	"WT"	-1.12136319110252	-0.628756993958722	NA
"TCGA-BH-A208-01"	"NST"	"Normal"	-1	-0.1591	0	NA	"WT"	"WT"	-0.00171641172201813	0.203274720921306	0.42471977633247
"TCGA-D8-A1XW-01"	"NST"	"Normal"	1	0.1471	0	NA	"WT"	"WT"	0.598977079709941	1.15001292126873	-0.249308207329658
"TCGA-EW-A1P7-01"	"NST"	"Normal"	0	-0.0265	0	NA	"WT"	"WT"	-0.377550191950713	NA	1.38721098041591
"TCGA-GM-A2DD-01"	"NST"	"Normal"	0	-0.0565	1	0.130434782608696	"Missense"	"Missense_Mutation"	-0.315924646783659	0.00941087381373705	1.2762313790866
"TCGA-LL-A441-01"	"NST"	"Normal"	0	0.0594	0	NA	"WT"	"WT"	0.0955348645826081	1.5508327503631	1.62574835167637
"TCGA-A8-A09X-01"	"ILC"	"Her2"	-1	-0.269	1	0.290909090909091	"Truncating"	"Frame_Shift_Del"	-2.48577150574728	-2.37744630173006	NA
"TCGA-A8-A0A7-01"	"ILC"	"Her2"	-1	-0.0779	1	0.146276595744681	"Missense"	"Missense_Mutation"	-0.18046490438774	-0.398775919237645	NA
"TCGA-A1-A0SE-01"	"ILC"	"LumA"	-1	-0.3726	1	0.291666666666667	"Missense"	"Missense_Mutation"	0.349611656834365	NA	-0.959380197960835
"TCGA-A2-A0CK-01"	"ILC"	"LumA"	-1	-0.6272	1	0.384615384615385	"Truncating"	"Nonsense_Mutation"	-1.82881498799325	-1.95472626713117	0.194786853640129
"TCGA-A2-A0CO-01"	"ILC"	"LumA"	-1	-0.3809	1	0.552631578947368	"Truncating"	"Nonsense_Mutation"	-1.70243264684417	NA	0.454115983553861
"TCGA-A2-A0EN-01"	"ILC"	"LumA"	-1	-0.286	0	NA	"WT"	"WT"	-2.21703829195254	NA	0.941373951428539
"TCGA-A2-A0EP-01"	"ILC"	"LumA"	0	-0.0497	0	NA	"WT"	"WT"	-2.78884130239871	-1.43850795769509	2.06991712031971
"TCGA-A2-A0EX-01"	"ILC"	"LumA"	-1	-0.3988	1	0.342592592592593	"Truncating"	"Nonsense_Mutation"	-1.94246594005752	-1.74575783041813	NA
"TCGA-A2-A0SY-01"	"ILC"	"LumA"	-1	-0.5604	1	0.428571428571429	"Truncating"	"Frame_Shift_Ins"	-1.45892809559143	NA	0.272403337889973
"TCGA-A2-A0T4-01"	"ILC"	"LumA"	-1	-0.3387	1	0.292682926829268	"Truncating"	"Frame_Shift_Ins"	-1.17028178176593	-1.60582316165597	0.955011950533283
"TCGA-A2-A0T6-01"	"ILC"	"LumA"	-1	-0.4587	1	0.277777777777778	"Truncating"	"Frame_Shift_Ins"	-0.672296651617719	-2.48822108192184	1.11989783883208
"TCGA-A2-A0YD-01"	"ILC"	"LumA"	-1	-0.4086	1	0.363636363636364	"Truncating"	"Frame_Shift_Del"	-2.10012440004008	-2.35849963993509	0.72530637445861
"TCGA-A2-A0YL-01"	"ILC"	"LumA"	-1	-0.2365	0	NA	"WT"	"WT"	-0.647751346519304	-2.16389874137595	-0.71746318133998
"TCGA-A2-A1FV-01"	"ILC"	"LumA"	-1	-0.7916	1	0.515151515151515	"Truncating"	"Frame_Shift_Ins"	-1.74428749891549	-1.60956718199391	-1.81211197525773
"TCGA-A2-A25D-01"	"ILC"	"LumA"	-2	-0.85485	0	NA	"WT"	"WT"	-2.77387514418781	-2.3237467628704	1.41776941719427
"TCGA-A2-A3KC-01"	"ILC"	"LumA"	-1	-0.3712	1	0.211538461538462	"Truncating"	"Frame_Shift_Del"	-1.27723784092554	-1.51157289567283	-0.332155203894067
"TCGA-A2-A4RW-01"	"ILC"	"LumA"	-1	-0.3859	0	NA	"WT"	"WT"	-2.16039018042499	-1.50096128431491	0.23343836124039
"TCGA-A2-A4S2-01"	"ILC"	"LumA"	0	-0.1081	1	0.490909090909091	"Truncating"	"Nonsense_Mutation"	0.164546617908859	0.209739155885419	0.506131190349414
"TCGA-A7-A0CG-01"	"ILC"	"LumA"	-1	-0.3373	0	NA	"WT"	"WT"	-0.0915769007808883	-1.18673661291869	NA
"TCGA-A7-A26E-01"	"ILC"	"LumA"	-1	-0.5018	0	NA	"WT"	"WT"	-0.114176020092782	-0.236119212341368	-0.738641822208198
"TCGA-A7-A3IZ-01"	"ILC"	"LumA"	-1	-0.6954	1	0.6	"Truncating"	"Nonsense_Mutation"	-2.11922232549209	-2.59138534896448	-1.4459993208462
"TCGA-A7-A3J1-01"	"ILC"	"LumA"	-1	-0.3747	1	0.407407407407407	"Truncating"	"Frame_Shift_Del"	-2.28562180950716	-2.35858918094461	0.507818068348062
"TCGA-A7-A426-01"	"ILC"	"LumA"	-1	-0.3448	1	0.272727272727273	"Truncating"	"Nonsense_Mutation"	-0.977661775826099	NA	-0.0355620415662439
"TCGA-A7-A4SA-01"	"ILC"	"LumA"	-1	-0.2976	0	NA	"WT"	"WT"	-1.53828515271946	-1.66061912993482	1.121084110743
"TCGA-A7-A4SB-01"	"ILC"	"LumA"	-1	-0.423	1	0.53125	"Truncating"	"Frame_Shift_Ins"	-1.09075970987079	NA	-1.02790394378787
"TCGA-A7-A5ZX-01"	"ILC"	"LumA"	-1	-0.2917	1	0.247706422018349	"Truncating"	"Frame_Shift_Del"	-0.556930742913585	NA	-0.6361556477909
"TCGA-A8-A0A1-01"	"ILC"	"LumA"	-1	-0.5384	0	NA	"WT"	"WT"	-2.39127929686715	NA	NA
"TCGA-A8-A0A2-01"	"ILC"	"LumA"	-1	-0.6034	0	NA	"WT"	"WT"	0.0995317736682366	NA	NA
"TCGA-A8-A0A4-01"	"ILC"	"LumA"	-1	-0.4449	1	0.395604395604396	"Truncating"	"Frame_Shift_Ins"	-0.783109807366004	-1.88913790258727	NA
"TCGA-AC-A23G-01"	"ILC"	"LumA"	-1	-0.2101	1	0.17948717948718	"Truncating"	"Nonsense_Mutation"	-1.39169490101428	NA	-0.198831028403729
"TCGA-AC-A2B8-01"	"ILC"	"LumA"	-1	-0.4117	1	0.52	"Inframe"	"In_Frame_Del"	-0.17418987199139	-0.97033084158907	1.02697639949411
"TCGA-AC-A2FB-01"	"ILC"	"LumA"	-1	-0.1621	0	NA	"WT"	"WT"	-0.758148517006434	-0.252829302827518	1.19035788833216
"TCGA-AC-A2FE-01"	"ILC"	"LumA"	-1	-0.3025	1	0.130434782608696	"Truncating"	"Frame_Shift_Ins"	-0.558558094823102	-1.88710540437082	1.6940695823267
"TCGA-AC-A2FF-01"	"ILC"	"LumA"	-1	-0.066	1	0.108695652173913	"Truncating"	"Frame_Shift_Del"	-1.54218116797684	-1.44360478132841	0.589490419354987
"TCGA-AC-A2FG-01"	"ILC"	"LumA"	-1	-0.4229	1	0.333333333333333	"Truncating"	"Frame_Shift_Ins"	-0.558566461892723	-0.890996769907976	-0.911162990020721
"TCGA-AC-A2FO-01"	"ILC"	"LumA"	-1	-0.2363	1	0.240740740740741	"Truncating"	"Frame_Shift_Ins"	-0.0710242090996281	NA	1.17924883334678
"TCGA-AC-A2QI-01"	"ILC"	"LumA"	-1	-0.4678	1	0	"Truncating"	"Frame_Shift_Del"	-0.905489579381043	-2.70776344504767	2.11066089043995
"TCGA-AC-A3BB-01"	"ILC"	"LumA"	-1	-0.3016	1	0.169811320754717	"Truncating"	"Nonsense_Mutation"	-0.59432766203182	NA	1.14812779699947
"TCGA-AC-A3EH-01"	"ILC"	"LumA"	-1	-0.6977	0	NA	"WT"	"WT"	-2.04538201933416	NA	-0.409793195496879
"TCGA-AC-A3HN-01"	"ILC"	"LumA"	-1	-0.3471	0	NA	"WT"	"WT"	-1.6687284040283	-1.30952047126916	0.493047876636861
"TCGA-AC-A3OD-01"	"ILC"	"LumA"	-1	-0.2989	1	0.288135593220339	"Truncating"	"Nonsense_Mutation"	-1.29176375697411	NA	1.28272553266328
"TCGA-AC-A3QP-01"	"ILC"	"LumA"	-1	-0.3632	0	NA	"WT"	"WT"	-2.08884205677238	-1.20534761800884	0.956555394317114
"TCGA-AC-A3TN-01"	"ILC"	"LumA"	-1	-0.6998	1	0.481481481481481	"Truncating"	"Nonsense_Mutation"	-2.37942968994332	-0.947664855672671	-0.464716796544231
"TCGA-AC-A3W6-01"	"ILC"	"LumA"	-1	-0.1723	1	0.1	"Missense"	"Missense_Mutation"	-2.50822159645995	-1.87623458402383	1.47938136703285
"TCGA-AC-A5XS-01"	"ILC"	"LumA"	-1	-0.38	1	0.194444444444444	"Truncating"	"Frame_Shift_Del"	-1.67616331133292	-1.92426442018046	0.984547820456394
"TCGA-AR-A1AK-01"	"ILC"	"LumA"	-1	-0.3894	0	NA	"WT"	"WT"	-0.188346869391647	-0.513829298354529	0.85865009847124
"TCGA-AR-A1AL-01"	"ILC"	"LumA"	-1	-0.3281	1	0.219354838709677	"Truncating"	"Frame_Shift_Del"	-0.456203412976764	-1.11460046799275	0.235870011699138
"TCGA-AR-A1AM-01"	"ILC"	"LumA"	-1	-0.3097	0	NA	"WT"	"WT"	-0.0506616527872605	0.195541133520077	0.799056821943
"TCGA-AR-A24T-01"	"ILC"	"LumA"	-1	-0.2775	1	0.31578947368421	"Truncating"	"Frame_Shift_Ins"	-1.60660960631171	-1.65376457421093	-0.108659311226926
"TCGA-AR-A2LE-01"	"ILC"	"LumA"	-1	-0.5877	1	0.533333333333333	"Truncating"	"Nonsense_Mutation"	-1.61300024932112	-1.5138609062671	-0.0855768584732179
"TCGA-AR-A2LJ-01"	"ILC"	"LumA"	-1	-0.3691	1	0.193548387096774	"Missense"	"Missense_Mutation"	-0.528913335257836	0.753576292667141	0.734167042035431
"TCGA-AR-A2LM-01"	"ILC"	"LumA"	-1	-0.4647	1	0	"Truncating"	"Frame_Shift_Ins"	-1.66447505983281	-2.18052733601982	0.208719532645419
"TCGA-AR-A2LN-01"	"ILC"	"LumA"	-1	-0.2935	1	0.311688311688312	"Truncating"	"Frame_Shift_Ins"	-1.08954706638631	-1.72104082724504	0.310196581705603
"TCGA-AR-A2LO-01"	"ILC"	"LumA"	-1	-0.1928	0	NA	"WT"	"WT"	-1.06478144730742	-1.65326515639978	0.714470017022439
"TCGA-B6-A0IE-01"	"ILC"	"LumA"	1	0.3116	0	NA	"WT"	"WT"	1.3442251650366	NA	NA
"TCGA-B6-A0IH-01"	"ILC"	"LumA"	-1	-0.3331	1	0.2	"Inframe"	"In_Frame_Del"	0.280622769495041	NA	NA
"TCGA-B6-A0IP-01"	"ILC"	"LumA"	-2	-0.5018	1	0.476190476190476	"Truncating"	"Frame_Shift_Del"	-1.7451391240461	NA	NA
"TCGA-B6-A0RV-01"	"ILC"	"LumA"	-1	-0.4133	0	NA	"WT"	"WT"	-1.21770287242268	-1.59170948040595	0.859853983779512
"TCGA-B6-A0X7-01"	"ILC"	"LumA"	-1	-0.3895	0	NA	"WT"	"WT"	-1.75504733331404	NA	-0.651116140129804
"TCGA-B6-A2IU-01"	"ILC"	"LumA"	-1	-0.5596	1	0.333333333333333	"Truncating"	"Nonsense_Mutation"	-1.67250393028494	-2.20629607864792	-0.32816953959097
"TCGA-BH-A0B5-01"	"ILC"	"LumA"	-1	-0.4789	0	NA	"WT"	"WT"	-0.276107682239547	-1.90044396186737	0.706159190705409
"TCGA-BH-A0BA-01"	"ILC"	"LumA"	-1	-0.2637	1	0.494117647058824	"Missense"	"Missense_Mutation"	0.643338235935043	-0.0951348715086547	-0.987894471333392
"TCGA-BH-A0C1-01"	"ILC"	"LumA"	-1	-0.3647	1	0.32512315270936	"Truncating"	"Frame_Shift_Del"	-1.98980138345558	-1.09008041710926	NA
"TCGA-BH-A0DP-01"	"ILC"	"LumA"	-1	-0.3374	0	NA	"WT"	"WT"	-0.508905874665559	-2.90742191783935	0.000249240323506998
"TCGA-BH-A0E9-01"	"ILC"	"LumA"	-1	-0.2126	1	0.147368421052632	"Truncating"	"Frame_Shift_Ins"	-0.678387441446109	-0.973674747574286	NA
"TCGA-BH-A0HK-01"	"ILC"	"LumA"	-1	-0.6639	0	NA	"WT"	"WT"	0.171145699446868	-1.22766548258764	-0.612326194194369
"TCGA-BH-A0HP-01"	"ILC"	"LumA"	-1	-0.3809	1	0.441860465116279	"Truncating"	"Splice_Site"	-1.46601607106724	-1.82501842306035	-0.175208851992741
"TCGA-C8-A3M7-01"	"ILC"	"LumA"	-1	-0.2723	1	0.24	"Truncating"	"Frame_Shift_Ins"	-1.60380697807367	-1.75990963307756	0.926682586952687
"TCGA-D8-A1JN-01"	"ILC"	"LumA"	-1	-0.8018	1	0.698412698412698	"Truncating"	"Frame_Shift_Ins"	-2.05323663040057	-2.15723168876491	-0.759270908635011
"TCGA-D8-A1X8-01"	"ILC"	"LumA"	-1	-0.3832	0	NA	"WT"	"WT"	-1.66405444569541	-2.31150182783233	0.0371038960871145
"TCGA-D8-A1XO-01"	"ILC"	"LumA"	-1	-0.3951	1	0.588235294117647	"Truncating"	"Nonsense_Mutation"	-0.287742988775633	-2.58419884330722	1.03965044702041
"TCGA-D8-A27G-01"	"ILC"	"LumA"	-1	-0.3761	1	0.263157894736842	"Truncating"	"Frame_Shift_Ins"	-2.47795655463533	-2.7715217658242	0.874098428073611
"TCGA-D8-A27I-01"	"ILC"	"LumA"	-1	-0.1044	1	0.269230769230769	"Truncating"	"Frame_Shift_Del"	-1.14830025195253	-1.00804350282902	0.398360271781714
"TCGA-D8-A27T-01"	"ILC"	"LumA"	-1	-0.3764	0	NA	"WT"	"WT"	-2.21145373156485	-2.24804536275502	0.0372773692837523
"TCGA-D8-A27V-01"	"ILC"	"LumA"	-1	-0.5972	1	0.266666666666667	"Truncating"	"Nonsense_Mutation"	-0.0689208966970619	-1.77625405348282	-1.28237384174818
"TCGA-D8-A3Z5-01"	"ILC"	"LumA"	-1	-0.3852	1	0.217391304347826	"Truncating"	"Frame_Shift_Del"	-0.72738328048924	-0.879742120491145	-0.70438434656963
"TCGA-D8-A3Z6-01"	"ILC"	"LumA"	-1	-0.5757	1	0.409090909090909	"Truncating"	"Frame_Shift_Del"	-1.92090312219723	NA	0.13499272282718
"TCGA-D8-A4Z1-01"	"ILC"	"LumA"	-1	-0.1143	0	NA	"WT"	"WT"	0.106631261749681	NA	0.0891087559339977
"TCGA-E2-A107-01"	"ILC"	"LumA"	-1	-0.5116	0	NA	"WT"	"WT"	-1.54910559577702	-1.78410299191954	0.601795308707966
"TCGA-E2-A10F-01"	"ILC"	"LumA"	-1	-0.3119	1	0.329411764705882	"Truncating"	"Frame_Shift_Ins"	-2.70648041131104	NA	0.910411955907765
"TCGA-E2-A14U-01"	"ILC"	"LumA"	-1	-0.1227	0	NA	"WT"	"WT"	0.463257514845959	NA	0.00632261389142261
"TCGA-E2-A15L-01"	"ILC"	"LumA"	-1	-0.6592	1	0	"Truncating"	"Frame_Shift_Ins"	-2.17748341754074	-2.32454465600504	NA
"TCGA-E2-A15M-01"	"ILC"	"LumA"	-1	-0.1978	0	NA	"WT"	"WT"	-1.07472235245306	-2.56057597673991	NA
"TCGA-E2-A1B5-01"	"ILC"	"LumA"	-1	-0.1373	0	NA	"WT"	"WT"	-1.53563116345876	-2.00773529683081	1.95705057315298
"TCGA-E2-A1IH-01"	"ILC"	"LumA"	-1	-0.3324	1	0.311475409836066	"Missense"	"Missense_Mutation"	-2.34835114661238	NA	0.543230167666141
"TCGA-E2-A1IJ-01"	"ILC"	"LumA"	-1	-0.1842	1	0.259259259259259	"Truncating"	"Frame_Shift_Ins"	-1.76561313487736	NA	1.07341255117622
"TCGA-E2-A1IL-01"	"ILC"	"LumA"	-1	-0.614	0	NA	"WT"	"WT"	0.279693011040414	-0.0499796719478696	-0.980095712207925
"TCGA-E2-A1L8-01"	"ILC"	"LumA"	-1	-0.1886	1	0.541666666666667	"Truncating"	"Splice_Site"	-1.24917455132299	-2.1610235870344	-0.117804606327217
"TCGA-E2-A2P5-01"	"ILC"	"LumA"	-1	-0.405	1	0.56	"Truncating"	"Nonsense_Mutation"	-2.21394856804456	-2.09940100732992	0.698602848897941
"TCGA-E2-A2P6-01"	"ILC"	"LumA"	-1	-0.7509	1	0.833333333333333	"Truncating"	"Frame_Shift_Ins"	-1.71407227495166	NA	-0.957264347729828
"TCGA-E2-A3DX-01"	"ILC"	"LumA"	-1	-0.227	0	NA	"WT"	"WT"	-1.14955876732728	-1.10468490986505	1.4919378511627
"TCGA-E9-A295-01"	"ILC"	"LumA"	-1	-0.3177	0	NA	"WT"	"WT"	0.630067753518974	1.0407606030384	-0.301431897674079
"TCGA-E9-A2JT-01"	"ILC"	"LumA"	0	-0.0247	1	0.130434782608696	"Missense"	"Missense_Mutation"	-0.647242487747154	-0.506527012817617	2.58155021759399
"TCGA-EW-A1IW-01"	"ILC"	"LumA"	-1	-0.3886	1	0	"Truncating"	"Frame_Shift_Ins"	-0.675839031511393	NA	0.278491802486805
"TCGA-EW-A1J2-01"	"ILC"	"LumA"	-1	-0.4176	1	0.309859154929577	"Truncating"	"Nonsense_Mutation"	-1.22998536817586	-0.635609939294472	-0.602388511038229
"TCGA-EW-A3E8-01"	"ILC"	"LumA"	-1	-0.3327	1	0.222222222222222	"Truncating"	"Splice_Site"	-0.106719921715895	NA	1.3545671118159
"TCGA-GM-A3NW-01"	"ILC"	"LumA"	-1	-0.576	0	NA	"WT"	"WT"	-1.83679651955405	NA	0.0398357214800207
"TCGA-GM-A3NY-01"	"ILC"	"LumA"	-1	-0.5789	0	NA	"WT"	"WT"	-1.81352148765445	-0.841022775738435	-0.185925318225849
"TCGA-GM-A3XG-01"	"ILC"	"LumA"	0	-0.0323	0	NA	"WT"	"WT"	0.409852620022155	0.373020330152793	-1.20186697281087
"TCGA-GM-A3XN-01"	"ILC"	"LumA"	-1	-0.3026	1	0.121951219512195	"Truncating"	"Frame_Shift_Ins"	-1.88089028762009	-2.40019936396625	0.980237134171824
"TCGA-GM-A4E0-01"	"ILC"	"LumA"	-1	-0.1856	1	0.153061224489796	"Truncating"	"Frame_Shift_Del"	-2.15224625424127	-1.17915241801607	0.821448144465514
"TCGA-LL-A440-01"	"ILC"	"LumA"	0	-0.0641	0	NA	"WT"	"WT"	-0.746735396498055	-2.1887776941804	0.157706649370119
"TCGA-LQ-A4E4-01"	"ILC"	"LumA"	-1	-0.6676	1	0.625	"Truncating"	"Nonsense_Mutation"	-2.14667012835993	-2.55945777384862	-0.334508882436103
"TCGA-MS-A51U-01"	"ILC"	"LumA"	-1	-0.2428	1	0.205128205128205	"Truncating"	"Nonsense_Mutation"	-0.919600290159011	-1.97987758233285	0.317562666596432
"TCGA-OL-A66K-01"	"ILC"	"LumA"	-1	-0.4648	1	0.439024390243902	"Truncating"	"Frame_Shift_Ins"	-2.18384251825283	-1.3081567631399	-0.573307239221858
"TCGA-A2-A0CR-01"	"ILC"	"LumA"	-1	-0.1567	1	0.122448979591837	"Truncating"	"Nonsense_Mutation"	-1.03777600401336	-2.90643510276541	2.65404897018533
"TCGA-A7-A13H-01"	"ILC"	"LumA"	-1	-0.3484	1	0.354838709677419	"Truncating"	"Frame_Shift_Del"	-1.63287979986053	NA	1.16241783503763
"TCGA-AC-A62Y-01"	"ILC"	"LumA"	1	0.2289	0	NA	"WT"	"WT"	1.02216758246441	NA	-0.413768892797118
"TCGA-A8-A09Z-01"	"ILC"	"LumB"	-1	-0.7289	1	0.518987341772152	"Truncating"	"Frame_Shift_Ins"	-0.238686687938885	-2.74202859422047	NA
"TCGA-AR-A24H-01"	"ILC"	"LumB"	-1	-0.5219	1	0.545454545454545	"Truncating"	"Frame_Shift_Del"	-0.216296523348015	NA	-0.127050543844186
"TCGA-AR-A2LK-01"	"ILC"	"LumB"	-1	-0.2573	1	0.5	"Truncating"	"Frame_Shift_Del"	0.133922350666621	-0.915110138730649	-1.16344081967411
"TCGA-BH-A0C3-01"	"ILC"	"LumB"	-1	-0.2087	0	NA	"WT"	"WT"	0.0865305116016145	-0.528217305244403	0.571010198321398
"TCGA-E9-A2JS-01"	"ILC"	"LumB"	-1	-0.386	0	NA	"WT"	"WT"	0.246804044613234	0.262459426778012	-0.312134073377842
"TCGA-BH-A42T-01"	"ILC"	"LumB"	-1	-0.4637	1	0	"Truncating"	"Splice_Site"	-1.0487565850703	-2.06418532677049	0.725342982457393
"TCGA-A2-A0YK-01"	"ILC"	"Normal"	-1	-0.2088	1	0.130434782608696	"Truncating"	"Nonsense_Mutation"	-0.604086998947802	-1.3733444231941	1.06485005870883
"TCGA-A2-A25A-01"	"ILC"	"Normal"	-1	-0.2312	1	0.201058201058201	"Missense"	"Missense_Mutation"	-0.836617052112649	-1.64712029373277	-0.406067274523246
"TCGA-A2-A4RY-01"	"ILC"	"Normal"	-1	-0.1189	1	0	"Truncating"	"Frame_Shift_Ins"	-0.318951896037643	-1.04508039923158	0.0556167242357634
"TCGA-AC-A2FK-01"	"ILC"	"Normal"	NA	0.0199	0	NA	"WT"	"WT"	0.467664524099303	NA	-0.466962094526481
"TCGA-AC-A3YI-01"	"ILC"	"Normal"	0	-0.1329	1	0.137254901960784	"Truncating"	"Frame_Shift_Ins"	-0.671887820461071	NA	0.0847407989858666
"TCGA-AO-A1KO-01"	"ILC"	"Normal"	0	-0.0163	0	NA	"WT"	"WT"	0.297842604333811	-1.64224835462211	-0.793145659161284
"TCGA-AR-A2LH-01"	"ILC"	"Normal"	0	-0.1015	0	NA	"WT"	"WT"	-1.22663622870902	-1.65086746351407	1.67159973080392
"TCGA-AR-A2LQ-01"	"ILC"	"Normal"	0	-0.1049	1	0.1	"Truncating"	"Splice_Site"	-0.909266517430234	-1.25106953555002	0.222389510338671
"TCGA-B6-A0RQ-01"	"ILC"	"Normal"	-1	-0.0897	1	0.105263157894737	"Truncating"	"Nonsense_Mutation"	0.482090582027104	-0.571970583401579	NA
"TCGA-BH-A28O-01"	"ILC"	"Normal"	0	-0.0942	0	NA	"WT"	"WT"	-0.247559734162076	NA	-0.0173104894932998
"TCGA-BH-A42U-01"	"ILC"	"Normal"	0	-0.0589	0	NA	"WT"	"WT"	-0.367564798908162	-0.571365881174165	1.18484913153418
"TCGA-EW-A1PG-01"	"ILC"	"Normal"	-2	-0.1424	0	NA	"WT"	"WT"	-0.17864773961165	-0.0583531481763163	0.0556641016474792
